"ID","ReleaseDate","Grade","Edition","Name","OfficialJPY","TaxExJPY","OfficialKRW","AppliedMultiplier","DiscrepancyCheck"
"1","2002-11-16","HG","?쇰컲??(Standard)","1/144 HG AILE STRIKE GUNDAM","1320","1200","14400","12","12諛?14.3諛?諛섏퐫 怨듭떇 ?뺢? 100% ?쇱튂"
"10","2013-12-01","HG","?쇰컲??(Standard)","HGBF 1/144 BEARGGUY III","1980","1800","21600","12","12諛?14.3諛?諛섏퐫 怨듭떇 ?뺢? 100% ?쇱튂"
"100","2020-12-19","HG","?쇰컲??(Standard)","HGBD:R 1/144 DOUBLE REBAKE RIFLE","770","700","8400","12","12諛?14.3諛?諛섏퐫 怨듭떇 ?뺢? 100% ?쇱튂"
"1000","2015-05-15","HG","?쇰컲??(Standard)","HG 1/144 GUNTANK EARLY TYPE","2090","1900","22800","12","12諛?14.3諛?諛섏퐫 怨듭떇 ?뺢? 100% ?쇱튂"
"1001","2015-10-31","HG","?쇰컲??(Standard)","HG 1/144 MOBILE WORKER MW-01 MODEL 01 LATE TYPE (MASH)","1980","1800","21600","12","12諛?14.3諛?諛섏퐫 怨듭떇 ?뺢? 100% ?쇱튂"
"1002","2015-04-29","HG","?쇰컲??(Standard)","HG 1/144 CATSITH","1980","1800","21600","12","12諛?14.3諛?諛섏퐫 怨듭떇 ?뺢? 100% ?쇱튂"
"1003","2015-06-20","HGUC","?쇰컲??(Standard)","HGUC 1/144 RX-77-2 GUNCANNON","1540","1400","16800","12","12諛?14.3諛?諛섏퐫 怨듭떇 ?뺢? 100% ?쇱튂"
"1004","2015-07-25","HGUC","?쇰컲??(Standard)","HGUC 1/144 RX-78-2 GUNDAM","1320","1200","14400","12","12諛?14.3諛?諛섏퐫 怨듭떇 ?뺢? 100% ?쇱튂"
"1005","2015-04-24","HG","?쇰컲??(Standard)","HGBF 1/144 CROSSBONE GUNDAM X1 FULL CLOTH TYPE.GBFT","2420","2200","26400","12","12諛?14.3諛?諛섏퐫 怨듭떇 ?뺢? 100% ?쇱튂"
"1006","2015-11-28","HGUC","?쇰컲??(Standard)","HGUC 1/144 RX-178 GUNDAM MK-Ⅱ(TITANS)","1870","1700","20400","12","12諛?14.3諛?諛섏퐫 怨듭떇 ?뺢? 100% ?쇱튂"
"1007","2015-11-28","HGUC","?쇰컲??(Standard)","HGUC 1/144 RX-178 GUNDAM MK-Ⅱ(AEUG)","1870","1700","20400","12","12諛?14.3諛?諛섏퐫 怨듭떇 ?뺢? 100% ?쇱튂"
"1008","2015-09-19","HG","?쇰컲??(Standard)","HG 1/144 PROTOTYPE GOUF (TACTICAL DEMONSTRATOR)","1980","1800","21600","12","12諛?14.3諛?諛섏퐫 怨듭떇 ?뺢? 100% ?쇱튂"
"1009","2015-09-12","HG","?쇰컲??(Standard)","HGBF 1/144 KAMIKI BURNING GUNDAM","2200","2000","24000","12","12諛?14.3諛?諛섏퐫 怨듭떇 ?뺢? 100% ?쇱튂"
"101","2020-06-13","SDBD","?쇰컲??(Standard)","SDBD:R EX VLKYLANDER","1430","1300","15600","12","12諛?14.3諛?諛섏퐫 怨듭떇 ?뺢? 100% ?쇱튂"
"1010","2016-02-27","HG","?쇰컲??(Standard)","HG 1/144 YMS-08B DOM TEST TYPE","2420","2200","26400","12","12諛?14.3諛?諛섏퐫 怨듭떇 ?뺢? 100% ?쇱튂"
"1011","2016-05-21","HG","?쇰컲??(Standard)","HG 1/144 ZAKUⅠ[DENIM/SLENDER]","1870","1700","20400","12","12諛?14.3諛?諛섏퐫 怨듭떇 ?뺢? 100% ?쇱튂"
"1012","2016-11-19","HG","?쇰컲??(Standard)","HG 1/144 GUNCANNON FIRST TYPE (IRON CAVALRY SQUADRON)","1980","1800","21600","12","12諛?14.3諛?諛섏퐫 怨듭떇 ?뺢? 100% ?쇱튂"
"1013","2016-12-03","HG","?쇰컲??(Standard)","HG 1/144 MS-04 BUGU [RAMBA RAL]","1870","1700","20400","12","12諛?14.3諛?諛섏퐫 怨듭떇 ?뺢? 100% ?쇱튂"
"1014","2017-03-11","HG","?쇰컲??(Standard)","HG 1/144 MS-05 ZAKU I  [CHAR AZNABLE]","1870","1700","20400","12","12諛?14.3諛?諛섏퐫 怨듭떇 ?뺢? 100% ?쇱튂"
"1015","2018-04-07","HG","?쇰컲??(Standard)","HGBD 1/144 GUNDAM 00 DIVER","1100","1000","12000","12","12諛?14.3諛?諛섏퐫 怨듭떇 ?뺢? 100% ?쇱튂"
"1016","2018-04-28","HG","?쇰컲??(Standard)","HGBD 1/144 GRIMOIRE RED BERET","1980","1800","21600","12","12諛?14.3諛?諛섏퐫 怨듭떇 ?뺢? 100% ?쇱튂"
"1017","2018-04-14","HG","?쇰컲??(Standard)","HGBD 1/144 GMIII BEAM MASTER","1980","1800","21600","12","12諛?14.3諛?諛섏퐫 怨듭떇 ?뺢? 100% ?쇱튂"
"1018","2018-05-19","HG","?쇰컲??(Standard)","HGBD 1/144 MOMOKAPOOL","1980","1800","21600","12","12諛?14.3諛?諛섏퐫 怨듭떇 ?뺢? 100% ?쇱튂"
"1019","2018-05-19","HG","?쇰컲??(Standard)","HGBD 1/144 OGRE GN-X","2200","2000","24000","12","12諛?14.3諛?諛섏퐫 怨듭떇 ?뺢? 100% ?쇱튂"
"102","2020-06-27","HG","?쇰컲??(Standard)","HGBD:R 1/144 FAKE ν UNIT","935","850","10200","12","12諛?14.3諛?諛섏퐫 怨듭떇 ?뺢? 100% ?쇱튂"
"1020","2018-05-19","HG","?쇰컲??(Standard)","HGBD 1/144 SERAVEE GUNDAM SCHEHERAZADE","2420","2200","26400","12","12諛?14.3諛?諛섏퐫 怨듭떇 ?뺢? 100% ?쇱튂"
"1021","2018-07-21","HG","?쇰컲??(Standard)","HGBD 1/144 GUNDAM 00 DIVER ACE","2420","2200","26400","12","12諛?14.3諛?諛섏퐫 怨듭떇 ?뺢? 100% ?쇱튂"
"1022","2018-06-23","HG","?쇰컲??(Standard)","HGBD 1/144  GEARA GHIRARGA","1980","1800","21600","12","12諛?14.3諛?諛섏퐫 怨듭떇 ?뺢? 100% ?쇱튂"
"1023","2018-06-23","HG","?쇰컲??(Standard)","HGBD 1/144 LEO NPD","1320","1200","14400","12","12諛?14.3諛?諛섏퐫 怨듭떇 ?뺢? 100% ?쇱튂"
"1024","2018-07-28","HG","?쇰컲??(Standard)","HGBD 1/144 GUNDAM JIYAN ALTRON","1980","1800","21600","12","12諛?14.3諛?諛섏퐫 怨듭떇 ?뺢? 100% ?쇱튂"
"1025","2018-03-10","HG","?쇰컲??(Standard)","HGBD 1/144 GUNDAM AGEII MAGNUM","1980","1800","21600","12","12諛?14.3諛?諛섏퐫 怨듭떇 ?뺢? 100% ?쇱튂"
"1026","2018-07-14","HG","?쇰컲??(Standard)","HGBD 1/144 GALBALDY REBAKE","2420","2200","26400","12","12諛?14.3諛?諛섏퐫 怨듭떇 ?뺢? 100% ?쇱튂"
"1027","2018-09-22","Figure-rise Standard","?쇰컲??(Standard)","Figure-rise Standard BUILD DIVERS DIVERNAMI","2640","2400","28800","12","12諛?14.3諛?諛섏퐫 怨듭떇 ?뺢? 100% ?쇱튂"
"1028","2018-08-31","HG","?쇰컲??(Standard)","HGBD 1/144 GUNDAM 00 SKY","1870","1700","20400","12","12諛?14.3諛?諛섏퐫 怨듭떇 ?뺢? 100% ?쇱튂"
"1029","2018-08-25","SDBD","?쇰컲??(Standard)","SDBD RX-ZEROMARU","1980","1800","21600","12","12諛?14.3諛?諛섏퐫 怨듭떇 ?뺢? 100% ?쇱튂"
"103","2020-11-21","HG","?쇰컲??(Standard)","HGBD:R 1/144 LOAD ASTRAY DOUBLE REBAKE","2200","2000","24000","12","12諛?14.3諛?諛섏퐫 怨듭떇 ?뺢? 100% ?쇱튂"
"1030","2018-08-04","HG","?쇰컲??(Standard)","HGBD 1/144 GUNDAM ASTRAY NO-NAME","1980","1800","21600","12","12諛?14.3諛?諛섏퐫 怨듭떇 ?뺢? 100% ?쇱튂"
"1031","2018-09-08","HG","?쇰컲??(Standard)","HGBD 1/144 JEGAN BLAST MASTER","2200","2000","24000","12","12諛?14.3諛?諛섏퐫 怨듭떇 ?뺢? 100% ?쇱튂"
"1032","2018-09-29","HG","?쇰컲??(Standard)","HGBD 1/144 IMPLUSE GUNDAM ARC","2090","1900","22800","12","12諛?14.3諛?諛섏퐫 怨듭떇 ?뺢? 100% ?쇱튂"
"1034","2018-06-23","HGUC","?쇰컲??(Standard)","HGUC 1/144 UNICORN GUNDAM 03 PHENEX (DESTROY MODE) (NARRATIVE Ver.)","3300","3000","36000","12","12諛?14.3諛?諛섏퐫 怨듭떇 ?뺢? 100% ?쇱튂"
"1035","2018-09-29","HG","?쇰컲??(Standard)","HGBD 1/144 IMPLUSE GUNDAM LANCIER","2090","1900","22800","12","12諛?14.3諛?諛섏퐫 怨듭떇 ?뺢? 100% ?쇱튂"
"1036","2018-11-17","HG","?쇰컲??(Standard)","HGBD 1/144 GBN-GUARD FRAME","1320","1200","14400","12","12諛?14.3諛?諛섏퐫 怨듭떇 ?뺢? 100% ?쇱튂"
"1037","2018-10-13","HG","?쇰컲??(Standard)","HGBD 1/144 GUNDAM LOVE PHANTOM","2420","2200","26400","12","12諛?14.3諛?諛섏퐫 怨듭떇 ?뺢? 100% ?쇱튂"
"1038","2018-11-17","HG","?쇰컲??(Standard)","HGBD 1/144 GUNDAM 00 SKY HWS (TRANS-AM INFINITY MODE)","2530","2300","27600","12","12諛?14.3諛?諛섏퐫 怨듭떇 ?뺢? 100% ?쇱튂"
"1039","2019-01-19","HG","?쇰컲??(Standard)","HGBD 1/144 GBN-BASE GUNDAM","1760","1600","19200","12","12諛?14.3諛?諛섏퐫 怨듭떇 ?뺢? 100% ?쇱튂"
"104","2020-09-26","HG","?쇰컲??(Standard)","HGBD:R 1/144 TERTIUM ARMS","825","750","9000","12","12諛?14.3諛?諛섏퐫 怨듭떇 ?뺢? 100% ?쇱튂"
"1040","2018-12-29","PG","?쇰컲??(Standard)","PG 1/60 LED UNIT FOR GUNDAM EXIA","22000","20000","240000","12","12諛?14.3諛?諛섏퐫 怨듭떇 ?뺢? 100% ?쇱튂"
"1041","2018-08-31","HG","?쇰컲??(Standard)","HGBD 1/144 GUNDAM 00 SKY 〔HIGHER THAN SKY PHASE〕","2750","2500","30000","12","12諛?14.3諛?諛섏퐫 怨듭떇 ?뺢? 100% ?쇱튂"
"1042","2018-12-15","HG","?쇰컲??(Standard)","HGBD 1/144 GUNDAM SHINING BREAK","1980","1800","21600","12","12諛?14.3諛?諛섏퐫 怨듭떇 ?뺢? 100% ?쇱튂"
"1043","2018-12-22","HG","?쇰컲??(Standard)","HGBD 1/144 GUNDAM AGEII MAGNUM SV ver.","2420","2200","26400","12","12諛?14.3諛?諛섏퐫 怨듭떇 ?뺢? 100% ?쇱튂"
"1044","2019-01-26","HG","?쇰컲??(Standard)","HGBC 1/144  HWS & SV CUSTOM WEAPON SET","1320","1200","14400","12","12諛?14.3諛?諛섏퐫 怨듭떇 ?뺢? 100% ?쇱튂"
"1045","2019-01-26","SDBD","?쇰컲??(Standard)","SDBD RX-ZEROMARU SINKIKESSHO","1980","1800","21600","12","12諛?14.3諛?諛섏퐫 怨듭떇 ?뺢? 100% ?쇱튂"
"1046","2018-12-15","HG","?쇰컲??(Standard)","HGBD MOBILE DOLL SARAH","2640","2400","28800","12","12諛?14.3諛?諛섏퐫 怨듭떇 ?뺢? 100% ?쇱튂"
"1047","2019-02-09","HG","?쇰컲??(Standard)","HGBD 1/144 GUNDAM ZERACHIEL","2750","2500","30000","12","12諛?14.3諛?諛섏퐫 怨듭떇 ?뺢? 100% ?쇱튂"
"1048","2019-03-22","Figure-rise Standard","?쇰컲??(Standard)","Figure-rise Standard BUILD DIVERS DIVER AYAME","2640","2400","28800","12","12諛?14.3諛?諛섏퐫 怨듭떇 ?뺢? 100% ?쇱튂"
"1049","2019-08-03","HGUC","?쇰컲??(Standard)","HGUC 1/144 UNICORN GUNDAM 03 PHENEX (UNICORN MODE) (NARRATIVE Ver.)[GOLD COATING]","5500","5000","60000","12","12諛?14.3諛?諛섏퐫 怨듭떇 ?뺢? 100% ?쇱튂"
"105","2020-06-27","HG","?쇰컲??(Standard)","HGBD:R 1/144 FAKE ν WEAPONS","770","700","8400","12","12諛?14.3諛?諛섏퐫 怨듭떇 ?뺢? 100% ?쇱튂"
"1050","2021-12-17","ENTRY GRADE","?쇰컲??(Standard)","ENTRY GRADE 1/144 STRIKE GUNDAM (LITE PACKAGE Ver.)","550","500","6000","12","12諛?14.3諛?諛섏퐫 怨듭떇 ?뺢? 100% ?쇱튂"
"1051","2022-04-09","ENTRY GRADE","?쇰컲??(Standard)","ENTRY GRADE 1/144 ν GUNDAM","1100","1000","12000","12","12諛?14.3諛?諛섏퐫 怨듭떇 ?뺢? 100% ?쇱튂"
"1052","2022-10-15","SDEX","?쇰컲??(Standard)","SD GUNDAM EX-STANDARD GUNDAM AERIAL","660","600","7200","12","12諛?14.3諛?諛섏퐫 怨듭떇 ?뺢? 100% ?쇱튂"
"1053","2009-11-26","PG","?쇰컲??(Standard)","PG 1/60 OO-RAISER","28600","26000","312000","12","12諛?14.3諛?諛섏퐫 怨듭떇 ?뺢? 100% ?쇱튂"
"1054","2002-07","PG","?쇰컲??(Standard)","PG 1/60 RX-178 GUNDAM MK-ⅡTITANS (BLACK)","16500","15000","180000","12","12諛?14.3諛?諛섏퐫 怨듭떇 ?뺢? 100% ?쇱튂"
"1055","2003-11","PG","?쇰컲??(Standard)","PG 1/60 GP01 RX-78 GUNDAM GP01/FB","22000","20000","240000","12","12諛?14.3諛?諛섏퐫 怨듭떇 ?뺢? 100% ?쇱튂"
"1056","2010-12-11","PG","?쇰컲??(Standard)","PG 1/60 STRIKE FREEDOM GUNDAM","29150","26500","318000","12","12諛?14.3諛?諛섏퐫 怨듭떇 ?뺢? 100% ?쇱튂"
"1057","2014-12-13","PG","?쇰컲??(Standard)","PG 1/60 RX-0 UNICORN GUNDAM","24200","22000","264000","12","12諛?14.3諛?諛섏퐫 怨듭떇 ?뺢? 100% ?쇱튂"
"1058","2015-09-30","PG","?쇰컲??(Standard)","PG 1/60 RX-0[N] UNICORN GUNDAM 02 BANSHEE NORN","24200","22000","264000","12","12諛?14.3諛?諛섏퐫 怨듭떇 ?뺢? 100% ?쇱튂"
"1059","2017-12-02","PG","?쇰컲??(Standard)","PG 1/60 GUNDAM EXIA","22000","20000","240000","12","12諛?14.3諛?諛섏퐫 怨듭떇 ?뺢? 100% ?쇱튂"
"106","2020-12-19","HG","?쇰컲??(Standard)","HGBD:R 1/144 TRY SLASH BLADE","880","800","9600","12","12諛?14.3諛?諛섏퐫 怨듭떇 ?뺢? 100% ?쇱튂"
"1060","2018-12-15","PG","?쇰컲??(Standard)","PG 1/60 00 GUNDAM SEVEN SWORD/G","25300","23000","276000","12","12諛?14.3諛?諛섏퐫 怨듭떇 ?뺢? 100% ?쇱튂"
"1061","2020-02-22","PG","?쇰컲??(Standard)","PG 1/60 PERFECT STRIKE GUNDAM","27500","25000","300000","12","12諛?14.3諛?諛섏퐫 怨듭떇 ?뺢? 100% ?쇱튂"
"1062","2014-02-22","MG","?쇰컲??(Standard)","MG 1/100 SENGOKU ASTRAY GUNDAM","5500","5000","60000","12","12諛?14.3諛?諛섏퐫 怨듭떇 ?뺢? 100% ?쇱튂"
"1063","2015-02-21","MG","?쇰컲??(Standard)","MG 1/100 ガンダムエクシアダークマター MG 1/100 GUNDAM EXIA DARK MATTER","5500","5000","60000","12","12諛?14.3諛?諛섏퐫 怨듭떇 ?뺢? 100% ?쇱튂"
"1064","2018-10-06","HGUC","?쇰컲??(Standard)","HGUC 1/144 UNICORN GUNDAM 03 PHENEX (DESTROY MODE) (NARRATIVE Ver.)[GOLD COATING]","5500","5000","60000","12","12諛?14.3諛?諛섏퐫 怨듭떇 ?뺢? 100% ?쇱튂"
"1065","2018-04-07","HG","?쇰컲??(Standard)","HGBC DIVER GEAR","770","700","8400","12","12諛?14.3諛?諛섏퐫 怨듭떇 ?뺢? 100% ?쇱튂"
"1066","2020-12-19","PG","?쇰컲??(Standard)","PG UNLEASHED 1/60 RX-78-2 GUNDAM","27500","25000","300000","12","12諛?14.3諛?諛섏퐫 怨듭떇 ?뺢? 100% ?쇱튂"
"1067","2004-12","HG","?쇰컲??(Standard)","HG CHAOS GUNDAM","1650","1500","18000","12","12諛?14.3諛?諛섏퐫 怨듭떇 ?뺢? 100% ?쇱튂"
"1068","2017-01-14","HG","?쇰컲??(Standard)","HG 1/144 LUNAGAZER GUNDAM","2200","2000","24000","12","12諛?14.3諛?諛섏퐫 怨듭떇 ?뺢? 100% ?쇱튂"
"1069","2018-02-24","HG","?쇰컲??(Standard)","HGBF 1/144 BUILD STRIKE GALAXY COSMOS","1980","1800","21600","12","12諛?14.3諛?諛섏퐫 怨듭떇 ?뺢? 100% ?쇱튂"
"107","2020-08-29","HG","?쇰컲??(Standard)","HGBD:R 1/144 AUN[RIZE] ARMOR","935","850","10200","12","12諛?14.3諛?諛섏퐫 怨듭떇 ?뺢? 100% ?쇱튂"
"1070","2018-03-10","HG","?쇰컲??(Standard)","HGBF 1/144 Mrs. LOHENG-RINKO","2750","2500","30000","12","12諛?14.3諛?諛섏퐫 怨듭떇 ?뺢? 100% ?쇱튂"
"1071","2016-07-16","HG","?쇰컲??(Standard)","HGBC 1/144 JIGEN BUILD KNUCKLES (ROUND)","660","600","7200","12","12諛?14.3諛?諛섏퐫 怨듭떇 ?뺢? 100% ?쇱튂"
"1072","1998-08","MG","?쇰컲??(Standard)","MG 1/100 GUNDAM Mk-Ⅱ A.E.U.G (WHITE)","3080","2800","33600","12","12諛?14.3諛?諛섏퐫 怨듭떇 ?뺢? 100% ?쇱튂"
"1073","2014-12-26","RG","?쇰컲??(Standard)","RG 1/144 XXXG-00W0 WING GUNDAM ZERO EW","3080","2800","33600","12","12諛?14.3諛?諛섏퐫 怨듭떇 ?뺢? 100% ?쇱튂"
"1074","2011-05-21","HGUC","?쇰컲??(Standard)","HGUC 1/144 DREISSEN (UNICORN VER.)","2530","2300","27600","12","12諛?14.3諛?諛섏퐫 怨듭떇 ?뺢? 100% ?쇱튂"
"108","2020-12-05","HG","?쇰컲??(Standard)","HGBD:R 1/144 GUNDAM OO SKY MOEBIUS","2640","2400","28800","12","12諛?14.3諛?諛섏퐫 怨듭떇 ?뺢? 100% ?쇱튂"
"109","2020-10-17","Figure-rise Standard","?쇰컲??(Standard)","Figure-rise Standard BUILD FIGHTERS TRY FUMINA HOSHINO","2640","2400","28800","12","12諛?14.3諛?諛섏퐫 怨듭떇 ?뺢? 100% ?쇱튂"
"1091","2023-07-08","HG","?쇰컲??(Standard)","HG 1/144 GUNDAM SCHWARZETTE","2090","1900","22800","12","12諛?14.3諛?諛섏퐫 怨듭떇 ?뺢? 100% ?쇱튂"
"1092","2023-07-15","HG","?쇰컲??(Standard)","HG 1/144 GUNDAM CALIBARN","2200","2000","24000","12","12諛?14.3諛?諛섏퐫 怨듭떇 ?뺢? 100% ?쇱튂"
"1093","2023-04-22","FULL MECHANICS","?쇰컲??(Standard)","FULL MECHANICS 1/100 GUNDAM AERIAL","4180","3800","45600","12","12諛?14.3諛?諛섏퐫 怨듭떇 ?뺢? 100% ?쇱튂"
"1094","2022-05-21","FULL MECHANICS","?쇰컲??(Standard)","FULL MECHANICS 1/100 RAIDER GUNDAM","5500","5000","60000","12","12諛?14.3諛?諛섏퐫 怨듭떇 ?뺢? 100% ?쇱튂"
"1095","2021-06-26","FULL MECHANICS","?쇰컲??(Standard)","FULL MECHANICS 1/100 CALAMITY GUNDAM","5500","5000","60000","12","12諛?14.3諛?諛섏퐫 怨듭떇 ?뺢? 100% ?쇱튂"
"1096","2023-08-11","FULL MECHANICS","?쇰컲??(Standard)","FULL MECHANICS 1/100 FORBIDDEN GUNDAM","6380","5800","69600","12","12諛?14.3諛?諛섏퐫 怨듭떇 ?뺢? 100% ?쇱튂"
"1097","2023-09-30","RG","?쇰컲??(Standard)","RG 1/144 GUNDAM EPYON","4620","4200","50400","12","12諛?14.3諛?諛섏퐫 怨듭떇 ?뺢? 100% ?쇱튂"
"1098","2023-10-07","ENTRY GRADE","?쇰컲??(Standard)","ENTRY GRADE 1/144 LAH GUNDAM","1100","1000","12000","12","12諛?14.3諛?諛섏퐫 怨듭떇 ?뺢? 100% ?쇱튂"
"1099","2023-10-07","ENTRY GRADE","?쇰컲??(Standard)","ENTRY GRADE 1/144 BUILD STRIKE EXCEED GALAXY","1210","1100","13200","12","12諛?14.3諛?諛섏퐫 怨듭떇 ?뺢? 100% ?쇱튂"
"11","2014-04-12","HG","?쇰컲??(Standard)","HGBF 1/144 CROSS BONE GUNDAM MAOH","1980","1800","21600","12","12諛?14.3諛?諛섏퐫 怨듭떇 ?뺢? 100% ?쇱튂"
"110","2020-05-30","HG","?쇰컲??(Standard)","HGBD:R 1/144 SATURNIX  WEAPONS","660","600","7200","12","12諛?14.3諛?諛섏퐫 怨듭떇 ?뺢? 100% ?쇱튂"
"1100","2023-10-21","MGSD","?쇰컲??(Standard)","MGSD GUNDAM BARBATOS","4290","3900","46800","12","12諛?14.3諛?諛섏퐫 怨듭떇 ?뺢? 100% ?쇱튂"
"1101","N/A","その他","?쇰컲??(Standard)","","0","0","0","12","12諛?14.3諛?諛섏퐫 怨듭떇 ?뺢? 100% ?쇱튂"
"1102","2023-11-11","SDガンダム クロスシルエット","?쇰컲??(Standard)","SD GUNDAM CROSS SILHOUETTE F-KUNOICHI KAI","1980","1800","21600","12","12諛?14.3諛?諛섏퐫 怨듭떇 ?뺢? 100% ?쇱튂"
"1103","2023-11-11","HG","?쇰컲??(Standard)","HG 1/144 SHIN BURNING GUNDAM","2640","2400","28800","12","12諛?14.3諛?諛섏퐫 怨듭떇 ?뺢? 100% ?쇱튂"
"1104","2023-11-18","HG","?쇰컲??(Standard)","HG 1/144 GM (SHOULDER CANNON / MISSILE POD)","2530","2300","27600","12","12諛?14.3諛?諛섏퐫 怨듭떇 ?뺢? 100% ?쇱튂"
"1105","2002-08","その他","?쇰컲??(Standard)","1/144 GUNDAM ASTRAY (RED FRAME)","330","300","3600","12","12諛?14.3諛?諛섏퐫 怨듭떇 ?뺢? 100% ?쇱튂"
"1106","2002-10-05","その他","?쇰컲??(Standard)","1/144 STRIKE GUNDAM","330","300","3600","12","12諛?14.3諛?諛섏퐫 怨듭떇 ?뺢? 100% ?쇱튂"
"1107","2002-10-12","その他","?쇰컲??(Standard)","1/144 DUEL GUNDAM","330","300","3600","12","12諛?14.3諛?諛섏퐫 怨듭떇 ?뺢? 100% ?쇱튂"
"1108","2002-10-26","その他","?쇰컲??(Standard)","1/144 AEGIS GUNDAM","440","400","4800","12","12諛?14.3諛?諛섏퐫 怨듭떇 ?뺢? 100% ?쇱튂"
"1109","2002-11-16","その他","?쇰컲??(Standard)","1/144 MOBILE GINN","440","400","4800","12","12諛?14.3諛?諛섏퐫 怨듭떇 ?뺢? 100% ?쇱튂"
"111","2020-07-18","HG","?쇰컲??(Standard)","HGBD:R 1/144 NEPTEIGHT WEAPONS","770","700","8400","12","12諛?14.3諛?諛섏퐫 怨듭떇 ?뺢? 100% ?쇱튂"
"1110","2002-11-16","その他","?쇰컲??(Standard)","1/144 GUNDAM ASTRAY (BLUE FLAME)","330","300","3600","12","12諛?14.3諛?諛섏퐫 怨듭떇 ?뺢? 100% ?쇱튂"
"1111","2002-12-14","その他","?쇰컲??(Standard)","1/144 BUSTER GUNDAM","440","400","4800","12","12諛?14.3諛?諛섏퐫 怨듭떇 ?뺢? 100% ?쇱튂"
"1112","2003-01","その他","?쇰컲??(Standard)","1/144 BLITZ GUNDAM","440","400","4800","12","12諛?14.3諛?諛섏퐫 怨듭떇 ?뺢? 100% ?쇱튂"
"1113","2003-02","その他","?쇰컲??(Standard)","1/144 SWORD STRIKE GUNDAM","550","500","6000","12","12諛?14.3諛?諛섏퐫 怨듭떇 ?뺢? 100% ?쇱튂"
"1114","2003-02","その他","?쇰컲??(Standard)","1/144 LAUNCHER STRIKE GUNDAM","550","500","6000","12","12諛?14.3諛?諛섏퐫 怨듭떇 ?뺢? 100% ?쇱튂"
"1115","2003-03","その他","?쇰컲??(Standard)","1/144 MOBILE BuCUE","440","400","4800","12","12諛?14.3諛?諛섏퐫 怨듭떇 ?뺢? 100% ?쇱튂"
"1116","2003-04","その他","?쇰컲??(Standard)","1/144 FREEDOM GUNDAM","440","400","4800","12","12諛?14.3諛?諛섏퐫 怨듭떇 ?뺢? 100% ?쇱튂"
"1117","2003-05","その他","?쇰컲??(Standard)","1/144 JUSTICE GUNDAM","550","500","6000","12","12諛?14.3諛?諛섏퐫 怨듭떇 ?뺢? 100% ?쇱튂"
"1118","2003-06","その他","?쇰컲??(Standard)","1/144 MOBILE GOOhN","440","400","4800","12","12諛?14.3諛?諛섏퐫 怨듭떇 ?뺢? 100% ?쇱튂"
"1119","2003-06","その他","?쇰컲??(Standard)","1/144 CALAMITY GUNDAM","550","500","6000","12","12諛?14.3諛?諛섏퐫 怨듭떇 ?뺢? 100% ?쇱튂"
"112","2020-12-26","HG","?쇰컲??(Standard)","HGBD:R 1/144 CORE GUNDAM II (G-3 COLOR)","1210","1100","13200","12","12諛?14.3諛?諛섏퐫 怨듭떇 ?뺢? 100% ?쇱튂"
"1120","2003-07","その他","?쇰컲??(Standard)","1/144 FORBIDDEN GUNDAM","550","500","6000","12","12諛?14.3諛?諛섏퐫 怨듭떇 ?뺢? 100% ?쇱튂"
"1121","2003-08","その他","?쇰컲??(Standard)","1/144 RAIDER GUNDAM","550","500","6000","12","12諛?14.3諛?諛섏퐫 怨듭떇 ?뺢? 100% ?쇱튂"
"1122","2003-10","その他","?쇰컲??(Standard)","1/144 MOBILE SUIT GuAIZ","440","400","4800","12","12諛?14.3諛?諛섏퐫 怨듭떇 ?뺢? 100% ?쇱튂"
"1123","2003-11-77","その他","?쇰컲??(Standard)","1/144 MOBILE DINN","550","500","6000","12","12諛?14.3諛?諛섏퐫 怨듭떇 ?뺢? 100% ?쇱튂"
"1124","2004-01-99","その他","?쇰컲??(Standard)","1/144 PROVIDENCE GUNDAM","660","600","7200","12","12諛?14.3諛?諛섏퐫 怨듭떇 ?뺢? 100% ?쇱튂"
"1125","2004-02","その他","?쇰컲??(Standard)","1/144 STRIKE DAGGER","440","400","4800","12","12諛?14.3諛?諛섏퐫 怨듭떇 ?뺢? 100% ?쇱튂"
"1126","2004-03","その他","?쇰컲??(Standard)","1/144 M1 ASTRAY","550","500","6000","12","12諛?14.3諛?諛섏퐫 怨듭떇 ?뺢? 100% ?쇱튂"
"1127","2002-12-07","その他","?쇰컲??(Standard)","1/100 AILE STRIKE GUNDAM","2200","2000","24000","12","12諛?14.3諛?諛섏퐫 怨듭떇 ?뺢? 100% ?쇱튂"
"1128","2003-02-88","その他","?쇰컲??(Standard)","1/100 AEGIS GUNDAM","2420","2200","26400","12","12諛?14.3諛?諛섏퐫 怨듭떇 ?뺢? 100% ?쇱튂"
"1129","2003-03-88","その他","?쇰컲??(Standard)","1/100 BUSTER GUNDAM","2200","2000","24000","12","12諛?14.3諛?諛섏퐫 怨듭떇 ?뺢? 100% ?쇱튂"
"113","2020-12-26","HG","?쇰컲??(Standard)","HGBD:R 1/144 CORE GUNDAM II (TITANS COLOR)","1210","1100","13200","12","12諛?14.3諛?諛섏퐫 怨듭떇 ?뺢? 100% ?쇱튂"
"1130","2003-03-88","その他","?쇰컲??(Standard)","1/100 SWORD STRIKE GUNDAM","2420","2200","26400","12","12諛?14.3諛?諛섏퐫 怨듭떇 ?뺢? 100% ?쇱튂"
"1131","2003-03-88","その他","?쇰컲??(Standard)","1/100 LAUNCHER STRIKE GUNDAM","2420","2200","26400","12","12諛?14.3諛?諛섏퐫 怨듭떇 ?뺢? 100% ?쇱튂"
"1132","2003-05-99","その他","?쇰컲??(Standard)","1/100 DUEL GUNDAM ASSAULTSHROUD","2420","2200","26400","12","12諛?14.3諛?諛섏퐫 怨듭떇 ?뺢? 100% ?쇱튂"
"1133","2003-07","その他","?쇰컲??(Standard)","1/100 FREEDOM GUNDAM","2420","2200","26400","12","12諛?14.3諛?諛섏퐫 怨듭떇 ?뺢? 100% ?쇱튂"
"1134","2003-08-77","その他","?쇰컲??(Standard)","1/100 JUSTICE GUNDAM","2420","2200","26400","12","12諛?14.3諛?諛섏퐫 怨듭떇 ?뺢? 100% ?쇱튂"
"1135","2003-12-77","その他","?쇰컲??(Standard)","1/100 BLITZ GUNDAM","2200","2000","24000","12","12諛?14.3諛?諛섏퐫 怨듭떇 ?뺢? 100% ?쇱튂"
"1136","2004-04","その他","?쇰컲??(Standard)","1/100 GUNDAM ASTRAY (RED FRAME)","2200","2000","24000","12","12諛?14.3諛?諛섏퐫 怨듭떇 ?뺢? 100% ?쇱튂"
"1137","2004-05","その他","?쇰컲??(Standard)","1/100 PROVIDENCE GUNDAM","2750","2500","30000","12","12諛?14.3諛?諛섏퐫 怨듭떇 ?뺢? 100% ?쇱튂"
"1138","2004-07","その他","?쇰컲??(Standard)","1/100 GUNDAM ASTRAY BLUE FRAME SECOND L","2750","2500","30000","12","12諛?14.3諛?諛섏퐫 怨듭떇 ?뺢? 100% ?쇱튂"
"1139","2009-05","その他","?쇰컲??(Standard)","1/100 GUNDAM ASTRAY GOLD FRAME","4400","4000","48000","12","12諛?14.3諛?諛섏퐫 怨듭떇 ?뺢? 100% ?쇱튂"
"114","2021-10-16","HG","?쇰컲??(Standard)","HG 1/144 GUNDAM GREMORY","1980","1800","21600","12","12諛?14.3諛?諛섏퐫 怨듭떇 ?뺢? 100% ?쇱튂"
"1140","2002-12-18","その他","?쇰컲??(Standard)","1/60 STRIKE GUNDAM","3850","3500","42000","12","12諛?14.3諛?諛섏퐫 怨듭떇 ?뺢? 100% ?쇱튂"
"1141","2003-03","その他","?쇰컲??(Standard)","1/60 STRIKE GUNDAM STRIKER WEAPON SYSTEM","7700","7000","84000","12","12諛?14.3諛?諛섏퐫 怨듭떇 ?뺢? 100% ?쇱튂"
"1142","2003-08","その他","?쇰컲??(Standard)","1/60 FREEDOM GUNDAM","5500","5000","60000","12","12諛?14.3諛?諛섏퐫 怨듭떇 ?뺢? 100% ?쇱튂"
"1143","2004-10","その他","?쇰컲??(Standard)","1/144 FORCE IMPULSE GUNDAM","440","400","4800","12","12諛?14.3諛?諛섏퐫 怨듭떇 ?뺢? 100% ?쇱튂"
"1144","2004-10","その他","?쇰컲??(Standard)","1/144 ZAKU WARRIOR","330","300","3600","12","12諛?14.3諛?諛섏퐫 怨듭떇 ?뺢? 100% ?쇱튂"
"1145","2004-11","その他","?쇰컲??(Standard)","1/144 CHAOS GUNDAM","550","500","6000","12","12諛?14.3諛?諛섏퐫 怨듭떇 ?뺢? 100% ?쇱튂"
"1146","2004-12","その他","?쇰컲??(Standard)","1/144 GAIA GUNDAM","550","500","6000","12","12諛?14.3諛?諛섏퐫 怨듭떇 ?뺢? 100% ?쇱튂"
"1147","2004-12","その他","?쇰컲??(Standard)","1/144 SWORD IMPULSE GUNDAM","550","500","6000","12","12諛?14.3諛?諛섏퐫 怨듭떇 ?뺢? 100% ?쇱튂"
"1148","2004-11","その他","?쇰컲??(Standard)","1/144 GUNNER ZAKU WARRIOR","550","500","6000","12","12諛?14.3諛?諛섏퐫 怨듭떇 ?뺢? 100% ?쇱튂"
"1149","2005-01","その他","?쇰컲??(Standard)","1/144 ABYSS GUNDAM","550","500","6000","12","12諛?14.3諛?諛섏퐫 怨듭떇 ?뺢? 100% ?쇱튂"
"115","2022-04-16","HG","?쇰컲??(Standard)","HG 1/144 GUNDAM ASMODAY","2090","1900","22800","12","12諛?14.3諛?諛섏퐫 怨듭떇 ?뺢? 100% ?쇱튂"
"1150","2005-01","その他","?쇰컲??(Standard)","1/144 BLAZE ZAKU PHANTOM","550","500","6000","12","12諛?14.3諛?諛섏퐫 怨듭떇 ?뺢? 100% ?쇱튂"
"1151","2005-02","その他","?쇰컲??(Standard)","1/144 SAVIOUR GUNDAM","550","500","6000","12","12諛?14.3諛?諛섏퐫 怨듭떇 ?뺢? 100% ?쇱튂"
"1152","2005-02","その他","?쇰컲??(Standard)","1/144 BLAZE ZAKU PHANTOM HEINE","550","500","6000","12","12諛?14.3諛?諛섏퐫 怨듭떇 ?뺢? 100% ?쇱튂"
"1153","2005-03","その他","?쇰컲??(Standard)","1/144 BLAST IMPULSE GUNDAM","550","500","6000","12","12諛?14.3諛?諛섏퐫 怨듭떇 ?뺢? 100% ?쇱튂"
"1154","2005-04","その他","?쇰컲??(Standard)","1/144 SLASH ZAKU PHANTOM","550","500","6000","12","12諛?14.3諛?諛섏퐫 怨듭떇 ?뺢? 100% ?쇱튂"
"1155","2005-05","その他","?쇰컲??(Standard)","1/144 DESTINY GUNDAM","660","600","7200","12","12諛?14.3諛?諛섏퐫 怨듭떇 ?뺢? 100% ?쇱튂"
"1156","2005-06-18","その他","?쇰컲??(Standard)","1/144 STRIKE FREEDOM GUNDAM","550","500","6000","12","12諛?14.3諛?諛섏퐫 怨듭떇 ?뺢? 100% ?쇱튂"
"1157","2004-12","その他","?쇰컲??(Standard)","1/100 FORCE IMPULSE GUNDAM","2420","2200","26400","12","12諛?14.3諛?諛섏퐫 怨듭떇 ?뺢? 100% ?쇱튂"
"1158","2005-01-99","その他","?쇰컲??(Standard)","1/100 CHAOS GUNDAM","2530","2300","27600","12","12諛?14.3諛?諛섏퐫 怨듭떇 ?뺢? 100% ?쇱튂"
"1159","2005-03","その他","?쇰컲??(Standard)","1/100 GUNNER ZAKU WARRIOR (LUNAMARIA HAWKE)","2530","2300","27600","12","12諛?14.3諛?諛섏퐫 怨듭떇 ?뺢? 100% ?쇱튂"
"116","2021-11-06","HG","?쇰컲??(Standard)","HG 1/144 GUNDAM HELIOS","2530","2300","27600","12","12諛?14.3諛?諛섏퐫 怨듭떇 ?뺢? 100% ?쇱튂"
"1160","2005-04-21","その他","?쇰컲??(Standard)","1/100 BLAZE ZAKU PHANTOM","2860","2600","31200","12","12諛?14.3諛?諛섏퐫 怨듭떇 ?뺢? 100% ?쇱튂"
"1161","2005-05","その他","?쇰컲??(Standard)","1/100 SWORD IMPULSE GUNDAM","2530","2300","27600","12","12諛?14.3諛?諛섏퐫 怨듭떇 ?뺢? 100% ?쇱튂"
"1162","2005-05-99","その他","?쇰컲??(Standard)","1/100 ZAKU WARRIOR + BLAZE WIZARD & GUNNER WIZARD","3300","3000","36000","12","12諛?14.3諛?諛섏퐫 怨듭떇 ?뺢? 100% ?쇱튂"
"1163","2005-06-08","その他","?쇰컲??(Standard)","1/100 HEINE'S BLAZE ZAKU PHANTOM","2860","2600","31200","12","12諛?14.3諛?諛섏퐫 怨듭떇 ?뺢? 100% ?쇱튂"
"1164","2005-07-16","その他","?쇰컲??(Standard)","1/100 DESTINY GUNDAM","2860","2600","31200","12","12諛?14.3諛?諛섏퐫 怨듭떇 ?뺢? 100% ?쇱튂"
"1165","2005-08-06","その他","?쇰컲??(Standard)","1/100 STRIKE FREEDOM GUNDAM","2860","2600","31200","12","12諛?14.3諛?諛섏퐫 怨듭떇 ?뺢? 100% ?쇱튂"
"1166","2005-09","その他","?쇰컲??(Standard)","1/100 FORCE IMPULSE GUNDAM + SWORD SILHOUETTE (EXTRA FINISH)","6600","6000","72000","12","12諛?14.3諛?諛섏퐫 怨듭떇 ?뺢? 100% ?쇱튂"
"1167","2006-05-17","その他","?쇰컲??(Standard)","1/100 INFINITE JUSTICE GUNDAM","2860","2600","31200","12","12諛?14.3諛?諛섏퐫 怨듭떇 ?뺢? 100% ?쇱튂"
"1168","2006-06-30","その他","?쇰컲??(Standard)","1/100 LEGEND GUNDAM","2860","2600","31200","12","12諛?14.3諛?諛섏퐫 怨듭떇 ?뺢? 100% ?쇱튂"
"1169","2006-07-08","その他","?쇰컲??(Standard)","1/100 GUNDAM ASTRAY GOLD FRAME AMATSU","4180","3800","45600","12","12諛?14.3諛?諛섏퐫 怨듭떇 ?뺢? 100% ?쇱튂"
"117","2021-11-06","HG","?쇰컲??(Standard)","HG 1/144 GUNDAM LIVELANCE HEAVEN","2200","2000","24000","12","12諛?14.3諛?諛섏퐫 怨듭떇 ?뺢? 100% ?쇱튂"
"1170","2006-10-25","その他","?쇰컲??(Standard)","1/100 SAVIOUR GUNDAM","2860","2600","31200","12","12諛?14.3諛?諛섏퐫 怨듭떇 ?뺢? 100% ?쇱튂"
"1171","2007-03","その他","?쇰컲??(Standard)","1/100 AKATSUKI GUNDAM OOWASHI/SHIRANUI FULLSET","7150","6500","78000","12","12諛?14.3諛?諛섏퐫 怨듭떇 ?뺢? 100% ?쇱튂"
"1172","2009-03","その他","?쇰컲??(Standard)","1/100 GUNDAM ASTRAY GREEN FRAME (TROJAN NOIRET CUSTOM)","5500","5000","60000","12","12諛?14.3諛?諛섏퐫 怨듭떇 ?뺢? 100% ?쇱튂"
"1173","2009-08","その他","?쇰컲??(Standard)","1/100 GALE STRIKE GUNDAM","2750","2500","30000","12","12諛?14.3諛?諛섏퐫 怨듭떇 ?뺢? 100% ?쇱튂"
"1174","2009-08","その他","?쇰컲??(Standard)","1/100 HAIL BUSTER GUNDAM","2750","2500","30000","12","12諛?14.3諛?諛섏퐫 怨듭떇 ?뺢? 100% ?쇱튂"
"1175","2009-09","その他","?쇰컲??(Standard)","1/100 REGEN DUEL GUNDAM","2750","2500","30000","12","12諛?14.3諛?諛섏퐫 怨듭떇 ?뺢? 100% ?쇱튂"
"1176","2009-09-28","その他","?쇰컲??(Standard)","1/100 NIX PROVIDENCE GUNDAM","2750","2500","30000","12","12諛?14.3諛?諛섏퐫 怨듭떇 ?뺢? 100% ?쇱튂"
"1177","2009-10-29","その他","?쇰컲??(Standard)","1/100 ASTRAY MIRAGE FRAME","2750","2500","30000","12","12諛?14.3諛?諛섏퐫 怨듭떇 ?뺢? 100% ?쇱튂"
"1178","2009-11-26","その他","?쇰컲??(Standard)","1/100 VENT SAVIOUR GUNDAM","3080","2800","33600","12","12諛?14.3諛?諛섏퐫 怨듭떇 ?뺢? 100% ?쇱튂"
"1179","2009-12","その他","?쇰컲??(Standard)","1/100 NEBULA BLITZ GUNDAM","3080","2800","33600","12","12諛?14.3諛?諛섏퐫 怨듭떇 ?뺢? 100% ?쇱튂"
"118","2022-01-15","HG","?쇰컲??(Standard)","HG 1/144 GUNDAM BARBATAURUS","2420","2200","26400","12","12諛?14.3諛?諛섏퐫 怨듭떇 ?뺢? 100% ?쇱튂"
"1180","2010-01-30","その他","?쇰컲??(Standard)","1/100 GUNDAM ASTRAY MIRAGE FRAME SECOND ISSUE","2750","2500","30000","12","12諛?14.3諛?諛섏퐫 怨듭떇 ?뺢? 100% ?쇱튂"
"1181","2004-12","その他","?쇰컲??(Standard)","1/60 FORCE IMPULSE GUNDAM","5500","5000","60000","12","12諛?14.3諛?諛섏퐫 怨듭떇 ?뺢? 100% ?쇱튂"
"1182","2005-11-19","その他","?쇰컲??(Standard)","1/60 STRIKE FREEDOM GUNDAM LIGHTENING EDITION","10450","9500","114000","12","12諛?14.3諛?諛섏퐫 怨듭떇 ?뺢? 100% ?쇱튂"
"1183","2006-12-01","アクションベース","?쇰컲??(Standard)","ACTION BASE 1 BLACK","770","700","8400","12","12諛?14.3諛?諛섏퐫 怨듭떇 ?뺢? 100% ?쇱튂"
"1184","2007-06","アクションベース","?쇰컲??(Standard)","ACTION BASE 2 BLACK","550","500","6000","12","12諛?14.3諛?諛섏퐫 怨듭떇 ?뺢? 100% ?쇱튂"
"1185","2011-03-19","アクションベース","?쇰컲??(Standard)","ACTION BASE 3 BLACK","715","650","7800","12","12諛?14.3諛?諛섏퐫 怨듭떇 ?뺢? 100% ?쇱튂"
"1186","2017-12-16","アクションベース","?쇰컲??(Standard)","ACTION BASE 4 BLACK","770","700","8400","12","12諛?14.3諛?諛섏퐫 怨듭떇 ?뺢? 100% ?쇱튂"
"1187","2017-12-16","アクションベース","?쇰컲??(Standard)","ACTION BASE 5 BLACK","660","600","7200","12","12諛?14.3諛?諛섏퐫 怨듭떇 ?뺢? 100% ?쇱튂"
"1188","2022-10-29","アクションベース","?쇰컲??(Standard)","ACTION BASE 6 CLEAR","660","600","7200","12","12諛?14.3諛?諛섏퐫 怨듭떇 ?뺢? 100% ?쇱튂"
"1189","2016-01-16","アクションベース","?쇰컲??(Standard)","ACTION BASE mini","440","400","4800","12","12諛?14.3諛?諛섏퐫 怨듭떇 ?뺢? 100% ?쇱튂"
"119","2021-12-11","HG","?쇰컲??(Standard)","HG 1/144 GUNDAM PERFECT STRIKE FREEDOM","2530","2300","27600","12","12諛?14.3諛?諛섏퐫 怨듭떇 ?뺢? 100% ?쇱튂"
"12","2014-06-07","HG","?쇰컲??(Standard)","HGBF 1/144 GOUF R35","1650","1500","18000","12","12諛?14.3諛?諛섏퐫 怨듭떇 ?뺢? 100% ?쇱튂"
"120","2021-12-11","HG","?쇰컲??(Standard)","HG 1/144 BLAZING GUNDAM","2200","2000","24000","12","12諛?14.3諛?諛섏퐫 怨듭떇 ?뺢? 100% ?쇱튂"
"121","2022-01-15","HG","?쇰컲??(Standard)","HG 1/144 GUNDAM 00 COMMAND QAN[T]","2200","2000","24000","12","12諛?14.3諛?諛섏퐫 怨듭떇 ?뺢? 100% ?쇱튂"
"122","2022-02","HG","?쇰컲??(Standard)","HG 1/144 GUNDAM GROUND URBAN COMBAT TYPE","1980","1800","21600","12","12諛?14.3諛?諛섏퐫 怨듭떇 ?뺢? 100% ?쇱튂"
"1222","2023-12-02","HG","?쇰컲??(Standard)","HG 1/144 GUNDAM 00 DIVER ARC","2750","2500","30000","12","12諛?14.3諛?諛섏퐫 怨듭떇 ?뺢? 100% ?쇱튂"
"1223","2023-12-02","HG","?쇰컲??(Standard)","HG 1/144 PLUTINE GUNDAM","2530","2300","27600","12","12諛?14.3諛?諛섏퐫 怨듭떇 ?뺢? 100% ?쇱튂"
"1224","2023-12-16","HG","?쇰컲??(Standard)","HG 1/144 TYPHOEUS GUNDAM CHIMERA","8800","8000","96000","12","12諛?14.3諛?諛섏퐫 怨듭떇 ?뺢? 100% ?쇱튂"
"123","2022-02","HG","?쇰컲??(Standard)","HG 1/144 GOUF CRIMSON CUSTOM","1980","1800","21600","12","12諛?14.3諛?諛섏퐫 怨듭떇 ?뺢? 100% ?쇱튂"
"124","2022-02","HG","?쇰컲??(Standard)","HG 1/144 GUNDAM ASTRAY RED FRAME INVERSION","1980","1800","21600","12","12諛?14.3諛?諛섏퐫 怨듭떇 ?뺢? 100% ?쇱튂"
"125","2022-02","HG","?쇰컲??(Standard)","HG 1/144 WING GUNDAM SKY ZERO","1870","1700","20400","12","12諛?14.3諛?諛섏퐫 怨듭떇 ?뺢? 100% ?쇱튂"
"1255","2024-04-27","MG","?쇰컲??(Standard)","MG 1/100 NARRATIVE GUNDAM C-PACKS Ver.Ka","7700","7000","84000","12","12諛?14.3諛?諛섏퐫 怨듭떇 ?뺢? 100% ?쇱튂"
"126","2022-05-21","HG","?쇰컲??(Standard)","HG 1/144 CYCLASE’S SCHWALBE CUSTOM","1540","1400","16800","12","12諛?14.3諛?諛섏퐫 怨듭떇 ?뺢? 100% ?쇱튂"
"127","2022-08-06","HG","?쇰컲??(Standard)","HG 1/144 GUNDAM LFRITH","1760","1600","19200","12","12諛?14.3諛?諛섏퐫 怨듭떇 ?뺢? 100% ?쇱튂"
"128","2022-08-06","HG","?쇰컲??(Standard)","HG 1/144 BEGUIR-BEU","1760","1600","19200","12","12諛?14.3諛?諛섏퐫 怨듭떇 ?뺢? 100% ?쇱튂"
"1288","2024-01-20","アクションベース","?쇰컲??(Standard)","ACTION BASE 7 [CLEAR COLOR]","880","800","9600","12","12諛?14.3諛?諛섏퐫 怨듭떇 ?뺢? 100% ?쇱튂"
"1289","2024-01-13","HG","?쇰컲??(Standard)","HG 1/144 GUNDAM PERFECT STRIKE FREEDOM ROUGE","2530","2300","27600","12","12諛?14.3諛?諛섏퐫 怨듭떇 ?뺢? 100% ?쇱튂"
"129","2022-10-01","HG","?쇰컲??(Standard)","HG 1/144 GUNDAM AERIAL","1430","1300","15600","12","12諛?14.3諛?諛섏퐫 怨듭떇 ?뺢? 100% ?쇱튂"
"1290","2024-01-26","HG","?쇰컲??(Standard)","HG 1/144 RISING FREEDOM GUNDAM","2640","2400","28800","12","12諛?14.3諛?諛섏퐫 怨듭떇 ?뺢? 100% ?쇱튂"
"1291","2024-01-26","HG","?쇰컲??(Standard)","HG 1/144 IMMORTAL JUSTICE GUNDAM","2640","2400","28800","12","12諛?14.3諛?諛섏퐫 怨듭떇 ?뺢? 100% ?쇱튂"
"13","2014-09-20","HG","?쇰컲??(Standard)","HGBF 1/144 GUNDAM FENICE RINASCITA","1980","1800","21600","12","12諛?14.3諛?諛섏퐫 怨듭떇 ?뺢? 100% ?쇱튂"
"130","2022-10-08","HG","?쇰컲??(Standard)","HG 1/144 GUEL’S DILANZA","1760","1600","19200","12","12諛?14.3諛?諛섏퐫 怨듭떇 ?뺢? 100% ?쇱튂"
"131","2022-11-05","HG","?쇰컲??(Standard)","HG 1/144 CHUCHU'S DEMI TRAINER","1540","1400","16800","12","12諛?14.3諛?諛섏퐫 怨듭떇 ?뺢? 100% ?쇱튂"
"132","2022-11-05","HG","?쇰컲??(Standard)","HG 1/144 DILANZA STANDARD TYPE/LAUDA'S DILANZA","1760","1600","19200","12","12諛?14.3諛?諛섏퐫 怨듭떇 ?뺢? 100% ?쇱튂"
"1321","2024-03-09","HG","?쇰컲??(Standard)","HG 1/144 DESTROY GUNDAM","14300","13000","156000","12","12諛?14.3諛?諛섏퐫 怨듭떇 ?뺢? 100% ?쇱튂"
"133","2022-12-17","HG","?쇰컲??(Standard)","HG 1/144 GUNDAM PHARACT","2090","1900","22800","12","12諛?14.3諛?諛섏퐫 怨듭떇 ?뺢? 100% ?쇱튂"
"134","2022-12-03","HG","?쇰컲??(Standard)","HG 1/144 DARILBALDE","2090","1900","22800","12","12諛?14.3諛?諛섏퐫 怨듭떇 ?뺢? 100% ?쇱튂"
"135","2022-12-10","HG","?쇰컲??(Standard)","HG 1/144 DEMI TRAINER","1320","1200","14400","12","12諛?14.3諛?諛섏퐫 怨듭떇 ?뺢? 100% ?쇱튂"
"1354","2024-02-10","HG","?쇰컲??(Standard)","HG 1/144 BEARGGUY OHANA & ALOHARO SET","3190","2900","34800","12","12諛?14.3諛?諛섏퐫 怨듭떇 ?뺢? 100% ?쇱튂"
"1355","2024-02-23","HG","?쇰컲??(Standard)","HG 1/144 BLACK KNIGHT SQUAD Shi-ve.A","2970","2700","32400","12","12諛?14.3諛?諛섏퐫 怨듭떇 ?뺢? 100% ?쇱튂"
"1356","2024-02-10","RG","?쇰컲??(Standard)","RG 1/144 FORCE IMPULSE GUNDAM SpecII","3410","3100","37200","12","12諛?14.3諛?諛섏퐫 怨듭떇 ?뺢? 100% ?쇱튂"
"136","2022-12-10","HG","?쇰컲??(Standard)","HG 1/144 EXPANSION PARTS SET for DEMI TRAINER","880","800","9600","12","12諛?14.3諛?諛섏퐫 怨듭떇 ?뺢? 100% ?쇱튂"
"137","2023-01-14","HG","?쇰컲??(Standard)","HG 1/144 MICHAELIS","1760","1600","19200","12","12諛?14.3諛?諛섏퐫 怨듭떇 ?뺢? 100% ?쇱튂"
"138","2023-01-14","HG","?쇰컲??(Standard)","HG 1/144 MIRASOUL FLIGHT UNIT","880","800","9600","12","12諛?14.3諛?諛섏퐫 怨듭떇 ?뺢? 100% ?쇱튂"
"1387","2023-05-20","HG","?쇰컲??(Standard)","HG 1/144 HEINDREE STURM","1760","1600","19200","12","12諛?14.3諛?諛섏퐫 怨듭떇 ?뺢? 100% ?쇱튂"
"1388","2023-06-10","HG","?쇰컲??(Standard)","HG 1/144 GUNDVÖLVA","1540","1400","16800","12","12諛?14.3諛?諛섏퐫 怨듭떇 ?뺢? 100% ?쇱튂"
"1389","2023-06-10","HG","?쇰컲??(Standard)","HG 1/144 DEMI BARDING","2090","1900","22800","12","12諛?14.3諛?諛섏퐫 怨듭떇 ?뺢? 100% ?쇱튂"
"139","2022-06-18","HG","?쇰컲??(Standard)","HG 1/144 SIGRÚN","1760","1600","19200","12","12諛?14.3諛?諛섏퐫 怨듭떇 ?뺢? 100% ?쇱튂"
"1390","2023-04-08","HG","?쇰컲??(Standard)","HG 1/144 ZOWORT HEAVY","1760","1600","19200","12","12諛?14.3諛?諛섏퐫 怨듭떇 ?뺢? 100% ?쇱튂"
"1391","2023-04-08","HG","?쇰컲??(Standard)","HG 1/144 DILANZA SOL","1760","1600","19200","12","12諛?14.3諛?諛섏퐫 怨듭떇 ?뺢? 100% ?쇱튂"
"1392","2023-05-20","HG","?쇰컲??(Standard)","HG 1/144 GUNCANNON (CUCURUZ DOAN’S ISLAND Ver.)","2750","2500","30000","12","12諛?14.3諛?諛섏퐫 怨듭떇 ?뺢? 100% ?쇱튂"
"14","2014-05-10","HG","?쇰컲??(Standard)","HGBC 1/144 SKULL WEAPON","880","800","9600","12","12諛?14.3諛?諛섏퐫 怨듭떇 ?뺢? 100% ?쇱튂"
"140","2022-10-15","Figure-rise Standard","?쇰컲??(Standard)","Figure-rise Standard SULETTA MERCURY","3520","3200","38400","12","12諛?14.3諛?諛섏퐫 怨듭떇 ?뺢? 100% ?쇱튂"
"141","2022-11-26","Figure-rise Standard","?쇰컲??(Standard)","Figure-rise Standard MIORINE REMBRAN","3520","3200","38400","12","12諛?14.3諛?諛섏퐫 怨듭떇 ?뺢? 100% ?쇱튂"
"142","2023-01-14","HG","?쇰컲??(Standard)","HG 1/144 BEGUIR-PENTE","1760","1600","19200","12","12諛?14.3諛?諛섏퐫 怨듭떇 ?뺢? 100% ?쇱튂"
"1420","2024-03-23","Figure-rise Standard","?쇰컲??(Standard)","Figure-rise Standard AVATAR FUMINA","4180","3800","45600","12","12諛?14.3諛?諛섏퐫 怨듭떇 ?뺢? 100% ?쇱튂"
"1421","2024-03-23","HG","?쇰컲??(Standard)","HG 1/144 BLACK KNIGHT SQUAD Rud-ro.A(GRIFFIN ARBALEST CUSTOM)","2970","2700","32400","12","12諛?14.3諛?諛섏퐫 怨듭떇 ?뺢? 100% ?쇱튂"
"1422","2024-03-23","HG","?쇰컲??(Standard)","HG 1/144 GELGOOG Menace (LUNAMARIA HAWKE CUSTOM)","3190","2900","34800","12","12諛?14.3諛?諛섏퐫 怨듭떇 ?뺢? 100% ?쇱튂"
"143","2023-02-11","HG","?쇰컲??(Standard)","HG 1/144 ZOWORT","1760","1600","19200","12","12諛?14.3諛?諛섏퐫 怨듭떇 ?뺢? 100% ?쇱튂"
"144","2023-02-11","HG","?쇰컲??(Standard)","HG 1/144 TICKBALANG","1430","1300","15600","12","12諛?14.3諛?諛섏퐫 怨듭떇 ?뺢? 100% ?쇱튂"
"145","2023-03-04","HG","?쇰컲??(Standard)","HG 1/144 GUNDAM LFRITH UR","2090","1900","22800","12","12諛?14.3諛?諛섏퐫 怨듭떇 ?뺢? 100% ?쇱튂"
"146","2023-02-18","HG","?쇰컲??(Standard)","HG 1/144 HEINDREE","1760","1600","19200","12","12諛?14.3諛?諛섏퐫 怨듭떇 ?뺢? 100% ?쇱튂"
"147","2023-03-18","HG","?쇰컲??(Standard)","HG 1/144 GUNDAM AERIAL REBUILD","1870","1700","20400","12","12諛?14.3諛?諛섏퐫 怨듭떇 ?뺢? 100% ?쇱튂"
"148","2023-03-18","HG","?쇰컲??(Standard)","HG 1/144 GUNDAM LFRITH THORN","1760","1600","19200","12","12諛?14.3諛?諛섏퐫 怨듭떇 ?뺢? 100% ?쇱튂"
"1486","2024-04-27","HG","?쇰컲??(Standard)","HG 1/144 GYAN Strom (AGNES GIEBENRATH CUSTOM)","3190","2900","34800","12","12諛?14.3諛?諛섏퐫 怨듭떇 ?뺢? 100% ?쇱튂"
"1487","2024-04-27","アクションベース","?쇰컲??(Standard)","ACTION BASE 8 [CLEAR COLOR]","880","800","9600","12","12諛?14.3諛?諛섏퐫 怨듭떇 ?뺢? 100% ?쇱튂"
"15","2014-07-12","HG","?쇰컲??(Standard)","HGBC 1/144 VALUABLE POD","880","800","9600","12","12諛?14.3諛?諛섏퐫 怨듭떇 ?뺢? 100% ?쇱튂"
"150","2003-04","HG","?쇰컲??(Standard)","1/144 HG BLITZ GUNDAM","1320","1200","14400","12","12諛?14.3諛?諛섏퐫 怨듭떇 ?뺢? 100% ?쇱튂"
"151","2003-06","HG","?쇰컲??(Standard)","1/144 HG FREEDOM GUNDAM","1650","1500","18000","12","12諛?14.3諛?諛섏퐫 怨듭떇 ?뺢? 100% ?쇱튂"
"1519","2024-02-17","Figure-rise Standard","?쇰컲??(Standard)","Figure-rise Standard CHUATURY PANLUNCH","4180","3800","45600","12","12諛?14.3諛?諛섏퐫 怨듭떇 ?뺢? 100% ?쇱튂"
"152","2003-11","HG","?쇰컲??(Standard)","1/144 HG GUNDAM ASTRAY (RED FRAME)","1320","1200","14400","12","12諛?14.3諛?諛섏퐫 怨듭떇 ?뺢? 100% ?쇱튂"
"153","2004-02","HG","?쇰컲??(Standard)","1/144 HG GUNDAM ASTRAY (BLUE FRAME)","1320","1200","14400","12","12諛?14.3諛?諛섏퐫 怨듭떇 ?뺢? 100% ?쇱튂"
"154","2004-05","HG","?쇰컲??(Standard)","HG 1/144 MOBILE GINN (MIGUEL'S GINN)","1100","1000","12000","12","12諛?14.3諛?諛섏퐫 怨듭떇 ?뺢? 100% ?쇱튂"
"155","2004-06","HG","?쇰컲??(Standard)","HG 1/144 GINN TYPE HIGH-MANEUVER","1320","1200","14400","12","12諛?14.3諛?諛섏퐫 怨듭떇 ?뺢? 100% ?쇱튂"
"1552","2024-05-25","HG","?쇰컲??(Standard)","HG 1/144 MIGHTY STRIKE FREEDOM GUNDAM","2970","2700","32400","12","12諛?14.3諛?諛섏퐫 怨듭떇 ?뺢? 100% ?쇱튂"
"1553","2024-05-25","オプションパーツセット","?쇰컲??(Standard)","OPTION PARTS SET GUNPLA 01 (AILE STRIKER)","1210","1100","13200","12","12諛?14.3諛?諛섏퐫 怨듭떇 ?뺢? 100% ?쇱튂"
"156","2004-07","HG","?쇰컲??(Standard)","1/144 HG HYPERION GUNDAM","1320","1200","14400","12","12諛?14.3諛?諛섏퐫 怨듭떇 ?뺢? 100% ?쇱튂"
"157","2004-08","HG","?쇰컲??(Standard)","1/144 HG CGUE Type D.E.E.P.ARMS","1650","1500","18000","12","12諛?14.3諛?諛섏퐫 怨듭떇 ?뺢? 100% ?쇱튂"
"158","2004-09","HG","?쇰컲??(Standard)","1/144 HG 105DAGGER + GUNBARREL","1650","1500","18000","12","12諛?14.3諛?諛섏퐫 怨듭떇 ?뺢? 100% ?쇱튂"
"1585","2024-08-10","RG","?쇰컲??(Standard)","RG 1/144 RX-78-2 GUNDAM Ver.2.0","3850","3500","42000","12","12諛?14.3諛?諛섏퐫 怨듭떇 ?뺢? 100% ?쇱튂"
"159","2004-11","HG","?쇰컲??(Standard)","HG FORCE IMPULSE GUNDAM","1650","1500","18000","12","12諛?14.3諛?諛섏퐫 怨듭떇 ?뺢? 100% ?쇱튂"
"16","2014-10-25","HG","?쇰컲??(Standard)","HG 1/144 GRIMOIRE","1540","1400","16800","12","12諛?14.3諛?諛섏퐫 怨듭떇 ?뺢? 100% ?쇱튂"
"160","2004-11","HG","?쇰컲??(Standard)","HG ZAKU WARRIOR","1100","1000","12000","12","12諛?14.3諛?諛섏퐫 怨듭떇 ?뺢? 100% ?쇱튂"
"161","2005-01","HG","?쇰컲??(Standard)","HG GAIA GUNDAM","1650","1500","18000","12","12諛?14.3諛?諛섏퐫 怨듭떇 ?뺢? 100% ?쇱튂"
"1618","2024-06-29","MG","?쇰컲??(Standard)","MG 1/100 SINANJU STEIN (NARRATIVE Ver.) Ver.Ka","8800","8000","96000","12","12諛?14.3諛?諛섏퐫 怨듭떇 ?뺢? 100% ?쇱튂"
"1619","2024-06-29","オプションパーツセット","?쇰컲??(Standard)","OPTION PARTS SET GUNPLA 02 (LAUNCHER STRIKER & SWORD STRIKER)","1210","1100","13200","12","12諛?14.3諛?諛섏퐫 怨듭떇 ?뺢? 100% ?쇱튂"
"162","2005-02","HG","?쇰컲??(Standard)","HG GUNNER ZAKU WARRIOR (LUNAMARIA HAWKE CUSTOM)","1430","1300","15600","12","12諛?14.3諛?諛섏퐫 怨듭떇 ?뺢? 100% ?쇱튂"
"1620","2024-06-29","オプションパーツセット","?쇰컲??(Standard)","OPTION PARTS SET GUNPLA 03 (BUILD HANDS EDGE)","660","600","7200","12","12諛?14.3諛?諛섏퐫 怨듭떇 ?뺢? 100% ?쇱튂"
"1621","2024-06-29","オプションパーツセット","?쇰컲??(Standard)","OPTION PARTS SET GUNPLA 04 (BUILD HANDS ROUND)","660","600","7200","12","12諛?14.3諛?諛섏퐫 怨듭떇 ?뺢? 100% ?쇱튂"
"1622","2024-06-29","SDガンダム クロスシルエット","?쇰컲??(Standard)","SD GUNDAM CROSS SILHOUETTE GUNDAM CALIBARN","1980","1800","21600","12","12諛?14.3諛?諛섏퐫 怨듭떇 ?뺢? 100% ?쇱튂"
"1623","2024-06-29","HG","?쇰컲??(Standard)","HG 1/144 INFINITE JUSTICE GUNDAM TypeII","3080","2800","33600","12","12諛?14.3諛?諛섏퐫 怨듭떇 ?뺢? 100% ?쇱튂"
"163","2005-03","HG","?쇰컲??(Standard)","HG SAVIOUR GUNDAM","1650","1500","18000","12","12諛?14.3諛?諛섏퐫 怨듭떇 ?뺢? 100% ?쇱튂"
"164","2005-02","HG","?쇰컲??(Standard)","HG SWORD IMPULSE GUNDAM","1650","1500","18000","12","12諛?14.3諛?諛섏퐫 怨듭떇 ?뺢? 100% ?쇱튂"
"165","2005-04-07","HG","?쇰컲??(Standard)","HG ABYSS GUNDAM","1650","1500","18000","12","12諛?14.3諛?諛섏퐫 怨듭떇 ?뺢? 100% ?쇱튂"
"1651","2024-07-20","HG","?쇰컲??(Standard)","HG 1/144 DUEL BLITZ GUNDAM","2970","2700","32400","12","12諛?14.3諛?諛섏퐫 怨듭떇 ?뺢? 100% ?쇱튂"
"1652","2024-07-20","Figure-rise Standard","?쇰컲??(Standard)","Figure-rise Standard LUNAMARIA HAWKE","4180","3800","45600","12","12諛?14.3諛?諛섏퐫 怨듭떇 ?뺢? 100% ?쇱튂"
"1653","2024-07-13","HG","?쇰컲??(Standard)","HG 1/144 GUNDAM 00 COMMAND QAN[T] DESERT TYPE","2200","2000","24000","12","12諛?14.3諛?諛섏퐫 怨듭떇 ?뺢? 100% ?쇱튂"
"1654","2024-08-03","HG","?쇰컲??(Standard)","HG 1/144 GUNDAM AMAZING BARBATOS LUPUS","2750","2500","30000","12","12諛?14.3諛?諛섏퐫 怨듭떇 ?뺢? 100% ?쇱튂"
"1655","2024-07-13","オプションパーツセット","?쇰컲??(Standard)","OPTION PARTS SET GUNPLA 05 (UNIVERSE BOOSTER PLAVSKY POWER GATE)","880","800","9600","12","12諛?14.3諛?諛섏퐫 怨듭떇 ?뺢? 100% ?쇱튂"
"1656","2024-07-13","オプションパーツセット","?쇰컲??(Standard)","OPTION PARTS SET GUNPLA 06 (VALUABLE POD)","880","800","9600","12","12諛?14.3諛?諛섏퐫 怨듭떇 ?뺢? 100% ?쇱튂"
"1657","2024-07-13","オプションパーツセット","?쇰컲??(Standard)","OPTION PARTS SET GUNPLA 07 (POWERED ARMS POWEREDER)","660","600","7200","12","12諛?14.3諛?諛섏퐫 怨듭떇 ?뺢? 100% ?쇱튂"
"1658","2024-07-20","オプションパーツセット","?쇰컲??(Standard)","OPTION PARTS SET GUNPLA 08 (BALLDEN ARM ARMS)","880","800","9600","12","12諛?14.3諛?諛섏퐫 怨듭떇 ?뺢? 100% ?쇱튂"
"1659","2024-07-20","オプションパーツセット","?쇰컲??(Standard)","OPTION PARTS SET GUNPLA 09 (GIANT GATLING)","660","600","7200","12","12諛?14.3諛?諛섏퐫 怨듭떇 ?뺢? 100% ?쇱튂"
"166","2005-07-16","HG","?쇰컲??(Standard)","HG 1/144 GINN TYPE HIGH-MANEUVER 2","1650","1500","18000","12","12諛?14.3諛?諛섏퐫 怨듭떇 ?뺢? 100% ?쇱튂"
"1660","2024-07-20","オプションパーツセット","?쇰컲??(Standard)","OPTION PARTS SET GUNPLA 10 (GALAXY BOOSTER)","880","800","9600","12","12諛?14.3諛?諛섏퐫 怨듭떇 ?뺢? 100% ?쇱튂"
"167","2005-05","HG","?쇰컲??(Standard)","HG GOUF IGNITED","1650","1500","18000","12","12諛?14.3諛?諛섏퐫 怨듭떇 ?뺢? 100% ?쇱튂"
"168","2005-08-21","HG","?쇰컲??(Standard)","HG INFINITE JUSTICE GUNDAM","1760","1600","19200","12","12諛?14.3諛?諛섏퐫 怨듭떇 ?뺢? 100% ?쇱튂"
"1684","2024-10-12","その他","?쇰컲??(Standard)","BEST MECHA COLLECTION 1/144 RX-78-2 GUNDAM (REVIVAL Ver.)","1320","1200","14400","12","12諛?14.3諛?諛섏퐫 怨듭떇 ?뺢? 100% ?쇱튂"
"169","2005-07-30","HG","?쇰컲??(Standard)","HG DOM TROOPER","1650","1500","18000","12","12諛?14.3諛?諛섏퐫 怨듭떇 ?뺢? 100% ?쇱튂"
"17","2014-08-09","HG","?쇰컲??(Standard)","HGBF 1/144 GUNDAM AMAZING EXIA","1980","1800","21600","12","12諛?14.3諛?諛섏퐫 怨듭떇 ?뺢? 100% ?쇱튂"
"170","2005-06-29","HG","?쇰컲??(Standard)","HG BLAZE ZAKU PHANTOM","1650","1500","18000","12","12諛?14.3諛?諛섏퐫 怨듭떇 ?뺢? 100% ?쇱튂"
"171","2005-08","HG","?쇰컲??(Standard)","HG GAIA GUNDAM (ANDOREW WALDFELD CUSTOM)","1650","1500","18000","12","12諛?14.3諛?諛섏퐫 怨듭떇 ?뺢? 100% ?쇱튂"
"1717","2024-08-03","オプションパーツセット","?쇰컲??(Standard)","OPTION PARTS SET GUNPLA 11 (SMOOTHBORE GUN FOR BARBATOS)","660","600","7200","12","12諛?14.3諛?諛섏퐫 怨듭떇 ?뺢? 100% ?쇱튂"
"1718","2024-08-03","オプションパーツセット","?쇰컲??(Standard)","OPTION PARTS SET GUNPLA 12 (LARGE RAILGUN)","660","600","7200","12","12諛?14.3諛?諛섏퐫 怨듭떇 ?뺢? 100% ?쇱튂"
"172","2005-08-12","HG","?쇰컲??(Standard)","HG GOUF IGNITED (MASS PRODUCTION)","1650","1500","18000","12","12諛?14.3諛?諛섏퐫 怨듭떇 ?뺢? 100% ?쇱튂"
"173","2005-10-21","HG","?쇰컲??(Standard)","HG LEGEND GUNDAM","3080","2800","33600","12","12諛?14.3諛?諛섏퐫 怨듭떇 ?뺢? 100% ?쇱튂"
"174","2005-11-23","HG","?쇰컲??(Standard)","HG DESTINY GUNDAM","1760","1600","19200","12","12諛?14.3諛?諛섏퐫 怨듭떇 ?뺢? 100% ?쇱튂"
"175","2005-12-17","HG","?쇰컲??(Standard)","HG MURASAME (ANDOREW WALDFELD CUSTOM)","1650","1500","18000","12","12諛?14.3諛?諛섏퐫 怨듭떇 ?뺢? 100% ?쇱튂"
"1750","2024-08-10","アクションベース","?쇰컲??(Standard)","ACTION BASE 6 [CLEAR COLOR] MIRROR STICKERS SET","990","900","10800","12","12諛?14.3諛?諛섏퐫 怨듭떇 ?뺢? 100% ?쇱튂"
"1751","2024-08-10","アクションベース","?쇰컲??(Standard)","ACTION BASE 7 [CLEAR COLOR] MIRROR STICKERS SET","990","900","10800","12","12諛?14.3諛?諛섏퐫 怨듭떇 ?뺢? 100% ?쇱튂"
"176","2006-01-28","HG","?쇰컲??(Standard)","HG SHIRANUI AKATSUKI GUNDAM","2640","2400","28800","12","12諛?14.3諛?諛섏퐫 怨듭떇 ?뺢? 100% ?쇱튂"
"177","2006-03-11","HG","?쇰컲??(Standard)","HG MURASAME","1650","1500","18000","12","12諛?14.3諛?諛섏퐫 怨듭떇 ?뺢? 100% ?쇱튂"
"178","2006-04-23","HG","?쇰컲??(Standard)","HG OOWASHI AKATSUKI GUNDAM","2640","2400","28800","12","12諛?14.3諛?諛섏퐫 怨듭떇 ?뺢? 100% ?쇱튂"
"1783","2024-09-21","HG","?쇰컲??(Standard)","HG 1/144 LIGHTNING BUSTER GUNDAM","2860","2600","31200","12","12諛?14.3諛?諛섏퐫 怨듭떇 ?뺢? 100% ?쇱튂"
"1784","2024-09-21","SDガンダム クロスシルエット","?쇰컲??(Standard)","SD GUNDAM CROSS SILHOUETTE MIGHTY STRIKE FREEDOM GUNDAM","1980","1800","21600","12","12諛?14.3諛?諛섏퐫 怨듭떇 ?뺢? 100% ?쇱튂"
"179","2006-06-30","HG","?쇰컲??(Standard)","HG STRIKE NOIR GUNDAM","1980","1800","21600","12","12諛?14.3諛?諛섏퐫 怨듭떇 ?뺢? 100% ?쇱튂"
"18","2014-10-11","HG","?쇰컲??(Standard)","HGBF 1/144 BUILD BURNING GUNDAM","1540","1400","16800","12","12諛?14.3諛?諛섏퐫 怨듭떇 ?뺢? 100% ?쇱튂"
"180","2006-08-09","HG","?쇰컲??(Standard)","HG VERDE BUSTER GUNDAM","1760","1600","19200","12","12諛?14.3諛?諛섏퐫 怨듭떇 ?뺢? 100% ?쇱튂"
"181","2006-08","HG","?쇰컲??(Standard)","HG 105 SLAUGHTER DAGGER","1320","1200","14400","12","12諛?14.3諛?諛섏퐫 怨듭떇 ?뺢? 100% ?쇱튂"
"1816","2024-11-30","MGSD","?쇰컲??(Standard)","MGSD WING GUNDAM ZERO EW","4950","4500","54000","12","12諛?14.3諛?諛섏퐫 怨듭떇 ?뺢? 100% ?쇱튂"
"182","2006-09","HG","?쇰컲??(Standard)","HG GINN TYPE INSURGENT","1320","1200","14400","12","12諛?14.3諛?諛섏퐫 怨듭떇 ?뺢? 100% ?쇱튂"
"183","2006-11-24","HG","?쇰컲??(Standard)","HG KERBEROS BuCUE HOUND","1650","1500","18000","12","12諛?14.3諛?諛섏퐫 怨듭떇 ?뺢? 100% ?쇱튂"
"184","2006-11-24","HG","?쇰컲??(Standard)","HG STARGAZER GUNDAM","2090","1900","22800","12","12諛?14.3諛?諛섏퐫 怨듭떇 ?뺢? 100% ?쇱튂"
"1849","1980-07","その他","?쇰컲??(Standard)","1/144 GUNDAM","330","300","3600","12","12諛?14.3諛?諛섏퐫 怨듭떇 ?뺢? 100% ?쇱튂"
"185","2007-01-20","HG","?쇰컲??(Standard)","HG MOBILE BuCUE","1540","1400","16800","12","12諛?14.3諛?諛섏퐫 怨듭떇 ?뺢? 100% ?쇱튂"
"186","2007-10","HG","?쇰컲??(Standard)","HG 1/144 GUNDAM EXIA","1540","1400","16800","12","12諛?14.3諛?諛섏퐫 怨듭떇 ?뺢? 100% ?쇱튂"
"187","2007-11","HG","?쇰컲??(Standard)","HG 1/144 GUNDAM DYNAMES","1540","1400","16800","12","12諛?14.3諛?諛섏퐫 怨듭떇 ?뺢? 100% ?쇱튂"
"188","2007-11","HG","?쇰컲??(Standard)","HG 1/144 GUNDAM KYRIOS","1870","1700","20400","12","12諛?14.3諛?諛섏퐫 怨듭떇 ?뺢? 100% ?쇱튂"
"1882","2024-10-19","HG","?쇰컲??(Standard)","HG 1/144 ZAKU II F TYPE SOLARI (RFV)","2090","1900","22800","12","12諛?14.3諛?諛섏퐫 怨듭떇 ?뺢? 100% ?쇱튂"
"1883","2024-10-19","HG","?쇰컲??(Standard)","HG 1/144 GUNDAM EX (RFV)","2090","1900","22800","12","12諛?14.3諛?諛섏퐫 怨듭떇 ?뺢? 100% ?쇱튂"
"1884","2024-10-19","HG","?쇰컲??(Standard)","HG 1/144 MURASAME KAI","2750","2500","30000","12","12諛?14.3諛?諛섏퐫 怨듭떇 ?뺢? 100% ?쇱튂"
"1885","2024-10-26","HG","?쇰컲??(Standard)","HG 1/144 BLACK KNIGHT SQUAD Cal-re.A","4070","3700","44400","12","12諛?14.3諛?諛섏퐫 怨듭떇 ?뺢? 100% ?쇱튂"
"1886","2024-10-26","Figure-rise Standard","?쇰컲??(Standard)","Figure-rise Standard NIKA NANAURA","4180","3800","45600","12","12諛?14.3諛?諛섏퐫 怨듭떇 ?뺢? 100% ?쇱튂"
"189","2007-12","HG","?쇰컲??(Standard)","HG 1/144 GUNDAM VIRTUE","1650","1500","18000","12","12諛?14.3諛?諛섏퐫 怨듭떇 ?뺢? 100% ?쇱튂"
"19","2014-10-11","HG","?쇰컲??(Standard)","HGBC 1/144 POWERED ARMS POWEREDER","660","600","7200","12","12諛?14.3諛?諛섏퐫 怨듭떇 ?뺢? 100% ?쇱튂"
"190","2007-10","HG","?쇰컲??(Standard)","HG 1/144 UNION FLAG","1760","1600","19200","12","12諛?14.3諛?諛섏퐫 怨듭떇 ?뺢? 100% ?쇱튂"
"191","2007-11","HG","?쇰컲??(Standard)","HG 1/144 TIEREN Ground Type","1320","1200","14400","12","12諛?14.3諛?諛섏퐫 怨듭떇 ?뺢? 100% ?쇱튂"
"1915","1980-09","その他","?쇰컲??(Standard)","1/144 CHAR'S ZAKU","330","300","3600","12","12諛?14.3諛?諛섏퐫 怨듭떇 ?뺢? 100% ?쇱튂"
"192","2008-02","HG","?쇰컲??(Standard)","HG 1/144 TIEREN Space Type","1650","1500","18000","12","12諛?14.3諛?諛섏퐫 怨듭떇 ?뺢? 100% ?쇱튂"
"193","2008-01","HG","?쇰컲??(Standard)","HG 1/144 TIEREN TAOZI","1650","1500","18000","12","12諛?14.3諛?諛섏퐫 怨듭떇 ?뺢? 100% ?쇱튂"
"194","2008-02","HG","?쇰컲??(Standard)","HG 1/144 GUNDAM THRONE EINS","2090","1900","22800","12","12諛?14.3諛?諛섏퐫 怨듭떇 ?뺢? 100% ?쇱튂"
"1948","2024-11-23","HG","?쇰컲??(Standard)","HG 1/144 DESTINY GUNDAM SpecII&ZEUS SILHOUETTE","7920","7200","86400","12","12諛?14.3諛?諛섏퐫 怨듭떇 ?뺢? 100% ?쇱튂"
"1949","2024-11-30","HG","?쇰컲??(Standard)","HG 1/144 BOLINOAK-SAMMAHN","3520","3200","38400","12","12諛?14.3諛?諛섏퐫 怨듭떇 ?뺢? 100% ?쇱튂"
"195","2008-03","HG","?쇰컲??(Standard)","HG 1/144 GUNDAM THRONE ZWEI","1760","1600","19200","12","12諛?14.3諛?諛섏퐫 怨듭떇 ?뺢? 100% ?쇱튂"
"1950","2024-11-23","オプションパーツセット","?쇰컲??(Standard)","OPTION PARTS SET GUNPLA 13 (GUNPLA BATTLE ARM ARMS)","880","800","9600","12","12諛?14.3諛?諛섏퐫 怨듭떇 ?뺢? 100% ?쇱튂"
"1951","1981-01","その他","?쇰컲??(Standard)","1/144 ZAKUⅡ","330","300","3600","12","12諛?14.3諛?諛섏퐫 怨듭떇 ?뺢? 100% ?쇱튂"
"1952","1980-11","その他","?쇰컲??(Standard)","1/144 GOUF","330","300","3600","12","12諛?14.3諛?諛섏퐫 怨듭떇 ?뺢? 100% ?쇱튂"
"1953","1981-07","その他","?쇰컲??(Standard)","1/144 CHAR'S Z'GOK","330","300","3600","12","12諛?14.3諛?諛섏퐫 怨듭떇 ?뺢? 100% ?쇱튂"
"1954","1980-12","その他","?쇰컲??(Standard)","1/144 Z'GOK","330","300","3600","12","12諛?14.3諛?諛섏퐫 怨듭떇 ?뺢? 100% ?쇱튂"
"1955","1981-05","その他","?쇰컲??(Standard)","1/144 GUNCANNON","330","300","3600","12","12諛?14.3諛?諛섏퐫 怨듭떇 ?뺢? 100% ?쇱튂"
"1956","1981-04","その他","?쇰컲??(Standard)","1/144 GM","330","300","3600","12","12諛?14.3諛?諛섏퐫 怨듭떇 ?뺢? 100% ?쇱튂"
"1957","1981-07","その他","?쇰컲??(Standard)","1/144 GYAN","330","300","3600","12","12諛?14.3諛?諛섏퐫 怨듭떇 ?뺢? 100% ?쇱튂"
"1958","1981-08","その他","?쇰컲??(Standard)","1/144 AGGUY","330","300","3600","12","12諛?14.3諛?諛섏퐫 怨듭떇 ?뺢? 100% ?쇱튂"
"1959","1981-10","その他","?쇰컲??(Standard)","1/144 ZAKUⅠ","330","300","3600","12","12諛?14.3諛?諛섏퐫 怨듭떇 ?뺢? 100% ?쇱튂"
"196","2008-04","HG","?쇰컲??(Standard)","HG 1/144 GUNDAM THRONE DREI","1760","1600","19200","12","12諛?14.3諛?諛섏퐫 怨듭떇 ?뺢? 100% ?쇱튂"
"1960","1982-09","その他","?쇰컲??(Standard)","1/144 AGGU","330","300","3600","12","12諛?14.3諛?諛섏퐫 怨듭떇 ?뺢? 100% ?쇱튂"
"1961","1981-09","その他","?쇰컲??(Standard)","1/144 BALL","330","300","3600","12","12諛?14.3諛?諛섏퐫 怨듭떇 ?뺢? 100% ?쇱튂"
"1962","1981-04","その他","?쇰컲??(Standard)","1/144 BUKI SET","330","300","3600","12","12諛?14.3諛?諛섏퐫 怨듭떇 ?뺢? 100% ?쇱튂"
"1963","1982-08","その他","?쇰컲??(Standard)","1/144 CORE-BOOSTER","330","300","3600","12","12諛?14.3諛?諛섏퐫 怨듭떇 ?뺢? 100% ?쇱튂"
"1964","1981-10","その他","?쇰컲??(Standard)","1/550 ELMETH (LALA MOBILE ARMOUR)","330","300","3600","12","12諛?14.3諛?諛섏퐫 怨듭떇 ?뺢? 100% ?쇱튂"
"1965","1981-10","その他","?쇰컲??(Standard)","1/550 GRUBLO","330","300","3600","12","12諛?14.3諛?諛섏퐫 怨듭떇 ?뺢? 100% ?쇱튂"
"1966","1981-09","その他","?쇰컲??(Standard)","1/550 BYGRO","330","300","3600","12","12諛?14.3諛?諛섏퐫 怨듭떇 ?뺢? 100% ?쇱튂"
"1967","1981-02","その他","?쇰컲??(Standard)","1/1200 CHAR'S MUSAI","330","300","3600","12","12諛?14.3諛?諛섏퐫 怨듭떇 ?뺢? 100% ?쇱튂"
"1968","1980-08","その他","?쇰컲??(Standard)","1/1200 MUSAI","330","300","3600","12","12諛?14.3諛?諛섏퐫 怨듭떇 ?뺢? 100% ?쇱튂"
"1969","1982-04","その他","?쇰컲??(Standard)","1/1200 GAW","330","300","3600","12","12諛?14.3諛?諛섏퐫 怨듭떇 ?뺢? 100% ?쇱튂"
"197","2008-03","HG","?쇰컲??(Standard)","HG 1/144 GN ARMS TYPE-E + GUNDAM EXIA (TRANS MODE)","6050","5500","66000","12","12諛?14.3諛?諛섏퐫 怨듭떇 ?뺢? 100% ?쇱튂"
"1970","1981-04","その他","?쇰컲??(Standard)","1/2400 WHITEBASE","330","300","3600","12","12諛?14.3諛?諛섏퐫 怨듭떇 ?뺢? 100% ?쇱튂"
"1971","1983-03","その他","?쇰컲??(Standard)","1/2400 GWAZINE","330","300","3600","12","12諛?14.3諛?諛섏퐫 怨듭떇 ?뺢? 100% ?쇱튂"
"1972","1983-03","その他","?쇰컲??(Standard)","1/2400 ZANZIBAR","330","300","3600","12","12諛?14.3諛?諛섏퐫 怨듭떇 ?뺢? 100% ?쇱튂"
"1973","1981-05","その他","?쇰컲??(Standard)","1/144 GOGG","440","400","4800","12","12諛?14.3諛?諛섏퐫 怨듭떇 ?뺢? 100% ?쇱튂"
"1974","1982-07","その他","?쇰컲??(Standard)","1/144 AGGUY","440","400","4800","12","12諛?14.3諛?諛섏퐫 怨듭떇 ?뺢? 100% ?쇱튂"
"1975","1982-11","その他","?쇰컲??(Standard)","1/144 ZOGOCK","440","400","4800","12","12諛?14.3諛?諛섏퐫 怨듭떇 ?뺢? 100% ?쇱튂"
"1976","1982-05","その他","?쇰컲??(Standard)","1/144 MAZELLA-ATTACK","440","400","4800","12","12諛?14.3諛?諛섏퐫 怨듭떇 ?뺢? 100% ?쇱튂"
"1977","1982-06","その他","?쇰컲??(Standard)","1/550 ADZAM","440","400","4800","12","12諛?14.3諛?諛섏퐫 怨듭떇 ?뺢? 100% ?쇱튂"
"1978","1983-01","その他","?쇰컲??(Standard)","1/550 MEDEA","440","400","4800","12","12諛?14.3諛?諛섏퐫 怨듭떇 ?뺢? 100% ?쇱튂"
"1979","1981-09","その他","?쇰컲??(Standard)","1/550 BYG-ZAM","440","400","4800","12","12諛?14.3諛?諛섏퐫 怨듭떇 ?뺢? 100% ?쇱튂"
"198","2007-09-08","HG","?쇰컲??(Standard)","HG BLAZE ZAKU PHANTOM (DEARKA ELTHMAN CUSTOM)","1650","1500","18000","12","12諛?14.3諛?諛섏퐫 怨듭떇 ?뺢? 100% ?쇱튂"
"1980","1983-01","その他","?쇰컲??(Standard)","1/1200 SALAMIS","440","400","4800","12","12諛?14.3諛?諛섏퐫 怨듭떇 ?뺢? 100% ?쇱튂"
"1981","1982-06","その他","?쇰컲??(Standard)","1/550 ZAKRELLO","550","500","6000","12","12諛?14.3諛?諛섏퐫 怨듭떇 ?뺢? 100% ?쇱튂"
"199","2007-08-11","HG","?쇰컲??(Standard)","HG GOUF IGNITED [YZAK JULE CUSTOM]","1650","1500","18000","12","12諛?14.3諛?諛섏퐫 怨듭떇 ?뺢? 100% ?쇱튂"
"2","2012-12-08","HG","?쇰컲??(Standard)","HG 1/144 CLANCHE CUSTOM","1430","1300","15600","12","12諛?14.3諛?諛섏퐫 怨듭떇 ?뺢? 100% ?쇱튂"
"20","2014-10-11","HG","?쇰컲??(Standard)","HGBF 1/144 POWERED GM CARDIGAN","1980","1800","21600","12","12諛?14.3諛?諛섏퐫 怨듭떇 ?뺢? 100% ?쇱튂"
"200","2007-12","HG","?쇰컲??(Standard)","HG 1/144 UNION FLAG (GRAHAM CUSTOM)","1320","1200","14400","12","12諛?14.3諛?諛섏퐫 怨듭떇 ?뺢? 100% ?쇱튂"
"201","2008-03","HG","?쇰컲??(Standard)","HG 1/144 OVER FLAG","1320","1200","14400","12","12諛?14.3諛?諛섏퐫 怨듭떇 ?뺢? 100% ?쇱튂"
"2014","2024-12-14","RG","?쇰컲??(Standard)","RG 1/144 AKATSUKI GUNDAM OOWASHI unit","8800","8000","96000","12","12諛?14.3諛?諛섏퐫 怨듭떇 ?뺢? 100% ?쇱튂"
"202","1999-07","HGUC","?쇰컲??(Standard)","HGUC 1/144 GYAN","880","800","9600","12","12諛?14.3諛?諛섏퐫 怨듭떇 ?뺢? 100% ?쇱튂"
"203","1999-11","HGUC","?쇰컲??(Standard)","HGUC 1/144 Z'GOCK","770","700","8400","12","12諛?14.3諛?諛섏퐫 怨듭떇 ?뺢? 100% ?쇱튂"
"204","1999-05-01","HGUC","?쇰컲??(Standard)","HGUC 1/144 GUNCANNON","880","800","9600","12","12諛?14.3諛?諛섏퐫 怨듭떇 ?뺢? 100% ?쇱튂"
"2047","2011-11","MG","?쇰컲??(Standard)","MG 1/100 TRANS-AM RISER","7700","7000","84000","12","12諛?14.3諛?諛섏퐫 怨듭떇 ?뺢? 100% ?쇱튂"
"2048","2012-01","MG","?쇰컲??(Standard)","MG 1/100 武者ガンダムMk-II 徳川家康Ver.","7700","7000","84000","12","12諛?14.3諛?諛섏퐫 怨듭떇 ?뺢? 100% ?쇱튂"
"2049","2012-02","HG","?쇰컲??(Standard)","HGUC 1/144 RB-79K BALL K-TYPE & RB-79 BALL SET","1760","1600","19200","12","12諛?14.3諛?諛섏퐫 怨듭떇 ?뺢? 100% ?쇱튂"
"205","1999-09","HGUC","?쇰컲??(Standard)","HGUC 1/144 QUBELEY","2200","2000","24000","12","12諛?14.3諛?諛섏퐫 怨듭떇 ?뺢? 100% ?쇱튂"
"206","1999-08","HGUC","?쇰컲??(Standard)","HGUC 1/144 ZAKU-Ⅲ CUSTOM","1980","1800","21600","12","12諛?14.3諛?諛섏퐫 怨듭떇 ?뺢? 100% ?쇱튂"
"207","1999-10","HGUC","?쇰컲??(Standard)","HGUC 1/144 HYAKU-SHIKI","1650","1500","18000","12","12諛?14.3諛?諛섏퐫 怨듭떇 ?뺢? 100% ?쇱튂"
"208","2000-01","HGUC","?쇰컲??(Standard)","HGUC 1/144 GUNTANK","1210","1100","13200","12","12諛?14.3諛?諛섏퐫 怨듭떇 ?뺢? 100% ?쇱튂"
"2080","2025-01-17","オプションパーツセット","?쇰컲??(Standard)","OPTION PARTS SET GUNPLA 14 (GUNBARREL STRIKER)","1320","1200","14400","12","12諛?14.3諛?諛섏퐫 怨듭떇 ?뺢? 100% ?쇱튂"
"2081","2025-01-17","HG","?쇰컲??(Standard)","HG 1/144 GQuuuuuuX","2200","2000","24000","12","12諛?14.3諛?諛섏퐫 怨듭떇 ?뺢? 100% ?쇱튂"
"2082","2025-01-17","ENTRY GRADE","?쇰컲??(Standard)","ENTRY GRADE 1/144 STRIKE ROUGE","880","800","9600","12","12諛?14.3諛?諛섏퐫 怨듭떇 ?뺢? 100% ?쇱튂"
"209","2000-04","HGUC","?쇰컲??(Standard)","HGUC 1/144 GOUF","880","800","9600","12","12諛?14.3諛?諛섏퐫 怨듭떇 ?뺢? 100% ?쇱튂"
"21","2014-11-08","HG","?쇰컲??(Standard)","HGBF 1/144 LIGHTNING GUNDAM","1760","1600","19200","12","12諛?14.3諛?諛섏퐫 怨듭떇 ?뺢? 100% ?쇱튂"
"210","2000-06","HGUC","?쇰컲??(Standard)","HGUC 1/144 RICKDIAS","1540","1400","16800","12","12諛?14.3諛?諛섏퐫 怨듭떇 ?뺢? 100% ?쇱튂"
"211","2000-06","HGUC","?쇰컲??(Standard)","HGUC 1/144 QUBELEY Mk-Ⅱ","1980","1800","21600","12","12諛?14.3諛?諛섏퐫 怨듭떇 ?뺢? 100% ?쇱튂"
"2113","2009-07","MG","?쇰컲??(Standard)","MG 1/100 MS-０７B3 GOUF CUSTOM (GRAVITY BATTLE LINE IMAGE COLOR VER.)","4950","4500","54000","12","12諛?14.3諛?諛섏퐫 怨듭떇 ?뺢? 100% ?쇱튂"
"2114","2009-07","MG","?쇰컲??(Standard)","MG 1/100 MS-09 DOM (GRAVITY BATTLE LINE IMAGE COLOR VER.)","5500","5000","60000","12","12諛?14.3諛?諛섏퐫 怨듭떇 ?뺢? 100% ?쇱튂"
"2115","2009-07","MG","?쇰컲??(Standard)","MG 1/100 MS-06J ZAKUⅡ (GRAVITY BATTLE LINE IMAGE COLOR VER.)","4950","4500","54000","12","12諛?14.3諛?諛섏퐫 怨듭떇 ?뺢? 100% ?쇱튂"
"2117","2011-12","HG","?쇰컲??(Standard)","HGUC 1/144 GM TYPE C & BALL TYPE C","1760","1600","19200","12","12諛?14.3諛?諛섏퐫 怨듭떇 ?뺢? 100% ?쇱튂"
"2118","2012-02","HG","?쇰컲??(Standard)","1/144 HGUC DRA-C (UNICORN VER.)","1540","1400","16800","12","12諛?14.3諛?諛섏퐫 怨듭떇 ?뺢? 100% ?쇱튂"
"2119","2012-01","HG","?쇰컲??(Standard)","HGUC 1/144 GM Ⅱ DESERT COLOR Ver.","1540","1400","16800","12","12諛?14.3諛?諛섏퐫 怨듭떇 ?뺢? 100% ?쇱튂"
"212","2000-07","HGUC","?쇰컲??(Standard)","HGUC 1/144 HI-ZACK","1320","1200","14400","12","12諛?14.3諛?諛섏퐫 怨듭떇 ?뺢? 100% ?쇱튂"
"2122","2012-03","RG","?쇰컲??(Standard)","RG 1/144 GAT-X105 STRIKE GUNDAM","2750","2500","30000","12","12諛?14.3諛?諛섏퐫 怨듭떇 ?뺢? 100% ?쇱튂"
"2123","2012-03","RG","?쇰컲??(Standard)","RG 1/144 GAT-X105 STRIKE GUNDAM DEACTIVE MODE","3300","3000","36000","12","12諛?14.3諛?諛섏퐫 怨듭떇 ?뺢? 100% ?쇱튂"
"2124","2012-05","HG","?쇰컲??(Standard)","HGUC 1/144 JUAGGU (MSV Ver.)","1870","1700","20400","12","12諛?14.3諛?諛섏퐫 怨듭떇 ?뺢? 100% ?쇱튂"
"2125","2012-04","MG","?쇰컲??(Standard)","MG NEMO UNICORN DESERT COLOR Ver.","3300","3000","36000","12","12諛?14.3諛?諛섏퐫 怨듭떇 ?뺢? 100% ?쇱튂"
"2126","2012-04","MG","?쇰컲??(Standard)","MG NEMO UNICORN COLOR Ver.","3300","3000","36000","12","12諛?14.3諛?諛섏퐫 怨듭떇 ?뺢? 100% ?쇱튂"
"2127","2012-03","MG","?쇰컲??(Standard)","MG UNICORN GUNDAM 02 Ver.Ka FULL PSYCHO FRAME PROTOTYPE MOBILE SUIT BANSEE","5500","5000","60000","12","12諛?14.3諛?諛섏퐫 怨듭떇 ?뺢? 100% ?쇱튂"
"2128","2012-07","HG","?쇰컲??(Standard)","HGUC 1/144 GMIII（UNICORN DESERT COLOR VER.）","1650","1500","18000","12","12諛?14.3諛?諛섏퐫 怨듭떇 ?뺢? 100% ?쇱튂"
"2129","2012-07","HG","?쇰컲??(Standard)","HGUC 1/144 GEARA DOGA (FULL FRONTAL USE)","1760","1600","19200","12","12諛?14.3諛?諛섏퐫 怨듭떇 ?뺢? 100% ?쇱튂"
"213","2000-08","HGUC","?쇰컲??(Standard)","HGUC 1/144 RX-78 GP01 ZEPHYRANTHES","1320","1200","14400","12","12諛?14.3諛?諛섏퐫 怨듭떇 ?뺢? 100% ?쇱튂"
"2130","2012-05","HG","?쇰컲??(Standard)","HG 1/144 EXTREME GUNDAM TYPE LEOS","1760","1600","19200","12","12諛?14.3諛?諛섏퐫 怨듭떇 ?뺢? 100% ?쇱튂"
"2131","2012-06","MG","?쇰컲??(Standard)","MG 1/100 RX-78-2 GUNDAM Ver2.0 REAL TYPE COLOR","5500","5000","60000","12","12諛?14.3諛?諛섏퐫 怨듭떇 ?뺢? 100% ?쇱튂"
"2132","2012-06","MG","?쇰컲??(Standard)","MG 1/100 MS-06S ZAKU II Ver2.0 REAL TYPE COLOR","5500","5000","60000","12","12諛?14.3諛?諛섏퐫 怨듭떇 ?뺢? 100% ?쇱튂"
"2133","2012-09","HG","?쇰컲??(Standard)","HGUC GM SNIPERⅡ WHITE DINGO TEAM CUSTOM","1760","1600","19200","12","12諛?14.3諛?諛섏퐫 怨듭떇 ?뺢? 100% ?쇱튂"
"2134","2012-07","HG","?쇰컲??(Standard)","HG 1/144 BLUE DESTINY UNIT 2 OMEGA COLOR","1650","1500","18000","12","12諛?14.3諛?諛섏퐫 怨듭떇 ?뺢? 100% ?쇱튂"
"2135","2012-08","HG","?쇰컲??(Standard)","HGUC 1/144 ReZEL TYPE-C (GR)","1760","1600","19200","12","12諛?14.3諛?諛섏퐫 怨듭떇 ?뺢? 100% ?쇱튂"
"2136","2012-09","MG","?쇰컲??(Standard)","MG MS-06S ZAKUⅡ（BLACK TRI-STARS CUSTOM）VER.2.0","4950","4500","54000","12","12諛?14.3諛?諛섏퐫 怨듭떇 ?뺢? 100% ?쇱튂"
"2137","2012-11","HG","?쇰컲??(Standard)","HGUC BASE JABBER（UNICORN ZEON REMNANTS COLOR VER.）","1430","1300","15600","12","12諛?14.3諛?諛섏퐫 怨듭떇 ?뺢? 100% ?쇱튂"
"2138","2012-11","HG","?쇰컲??(Standard)","HGUC GM Ⅱ（A.E.U.G. COLOR VER.）","1540","1400","16800","12","12諛?14.3諛?諛섏퐫 怨듭떇 ?뺢? 100% ?쇱튂"
"2139","2013-01","HG","?쇰컲??(Standard)","HGUC 1/144 ReZEL （DEFENSER b-UNIT）","1760","1600","19200","12","12諛?14.3諛?諛섏퐫 怨듭떇 ?뺢? 100% ?쇱튂"
"214","2000-09","HGUC","?쇰컲??(Standard)","HGUC 1/144 AMX-011 ZAKUⅢ","1650","1500","18000","12","12諛?14.3諛?諛섏퐫 怨듭떇 ?뺢? 100% ?쇱튂"
"2140","2013-03","MG","?쇰컲??(Standard)","MG 1/100 TALLGEESE Ⅱ","4180","3800","45600","12","12諛?14.3諛?諛섏퐫 怨듭떇 ?뺢? 100% ?쇱튂"
"2141","2013-02","HG","?쇰컲??(Standard)","HGUC 1/144 GM & GUNCANNON MASS PRODUCTION TYPE (WHITE DINGO TEAM CUSTOM)","1760","1600","19200","12","12諛?14.3諛?諛섏퐫 怨듭떇 ?뺢? 100% ?쇱튂"
"2142","2013-01","RG","?쇰컲??(Standard)","RG 1/144 STRIKE ROUGE + HG I.W.S.P.","3300","3000","36000","12","12諛?14.3諛?諛섏퐫 怨듭떇 ?뺢? 100% ?쇱튂"
"2143","2013-01","MG","?쇰컲??(Standard)","MG 1/100 NU GUNDAM Ver.Ka DOUBLE FIN FUNNEL CUSTOM UNIT","2200","2000","24000","12","12諛?14.3諛?諛섏퐫 怨듭떇 ?뺢? 100% ?쇱튂"
"2144","2013-03","HG","?쇰컲??(Standard)","HGUC 1/144 GOUF & GELGOOG （VISCH DONAHUE'S CUSTOM)","1760","1600","19200","12","12諛?14.3諛?諛섏퐫 怨듭떇 ?뺢? 100% ?쇱튂"
"2145","2013-03","RG","?쇰컲??(Standard)","RG 1/144 MSZ- 006-3 ZETA GUNDAM","3300","3000","36000","12","12諛?14.3諛?諛섏퐫 怨듭떇 ?뺢? 100% ?쇱튂"
"2146","2025-02-08","Figure-rise Standard","?쇰컲??(Standard)","Figure-rise Standard PLE TWO","4180","3800","45600","12","12諛?14.3諛?諛섏퐫 怨듭떇 ?뺢? 100% ?쇱튂"
"215","2000-09","HGUC","?쇰컲??(Standard)","HGUC 1/144 AMX-107 BAWOO","1320","1200","14400","12","12諛?14.3諛?諛섏퐫 怨듭떇 ?뺢? 100% ?쇱튂"
"216","2000-10","HGUC","?쇰컲??(Standard)","HGUC 1/144 GELGOOG MARINE","1320","1200","14400","12","12諛?14.3諛?諛섏퐫 怨듭떇 ?뺢? 100% ?쇱튂"
"217","2000-11","HGUC","?쇰컲??(Standard)","HGUC 1/144 DOM TROPEN","1650","1500","18000","12","12諛?14.3諛?諛섏퐫 怨듭떇 ?뺢? 100% ?쇱튂"
"2179","2013-06","MG","?쇰컲??(Standard)","LAUNCHER STRIKER / SWORD STRIKER PACK for MG 1/100 AILE STRIKE GUNDAM Ver. RM","2860","2600","31200","12","12諛?14.3諛?諛섏퐫 怨듭떇 ?뺢? 100% ?쇱튂"
"218","2000-12","HGUC","?쇰컲??(Standard)","HGUC 1/144 RX-78 GP01Fb","1980","1800","21600","12","12諛?14.3諛?諛섏퐫 怨듭떇 ?뺢? 100% ?쇱튂"
"2180","2013-05","MG","?쇰컲??(Standard)","MG 1/100 MS-06S ZAKUⅡ JOHNNY RIDDEN CUSTOM","3080","2800","33600","12","12諛?14.3諛?諛섏퐫 怨듭떇 ?뺢? 100% ?쇱튂"
"2181","2013-07","HG","?쇰컲??(Standard)","HGUC 1/144 GATO’S GELGOOG","1760","1600","19200","12","12諛?14.3諛?諛섏퐫 怨듭떇 ?뺢? 100% ?쇱튂"
"2182","2013-07","MG","?쇰컲??(Standard)","MG 1/100 MARASAI（UNICORN COLOR Ver.）","4620","4200","50400","12","12諛?14.3諛?諛섏퐫 怨듭떇 ?뺢? 100% ?쇱튂"
"2183","2013-10","HG","?쇰컲??(Standard)","HG 1/144 GUNDAM ASTRAY GOLD FRAME AMATSU","1760","1600","19200","12","12諛?14.3諛?諛섏퐫 怨듭떇 ?뺢? 100% ?쇱튂"
"2184","2013-09","MG","?쇰컲??(Standard)","MG 1/100 GUNDAM AGE-2 NORMAL SP ver.","4620","4200","50400","12","12諛?14.3諛?諛섏퐫 怨듭떇 ?뺢? 100% ?쇱튂"
"2185","2013-06","HG","?쇰컲??(Standard)","HGUC 1/144 BASE JABBER ( ZETA GUNDAM Ver.)","1430","1300","15600","12","12諛?14.3諛?諛섏퐫 怨듭떇 ?뺢? 100% ?쇱튂"
"2187","2013-05","RG","?쇰컲??(Standard)","RG 1/144 DESTINY GUNDAM EFFECT UNIT ""WING OF LIGHT""","1870","1700","20400","12","12諛?14.3諛?諛섏퐫 怨듭떇 ?뺢? 100% ?쇱튂"
"2188","2013-09","HG","?쇰컲??(Standard)","HG 1/144 GUNDAM LEGILIS〔MEMORY OF EDEN〕","1650","1500","18000","12","12諛?14.3諛?諛섏퐫 怨듭떇 ?뺢? 100% ?쇱튂"
"2189","2013-09","MG","?쇰컲??(Standard)","MG 1/100 GUNDAM AGE-1F/2","3850","3500","42000","12","12諛?14.3諛?諛섏퐫 怨듭떇 ?뺢? 100% ?쇱튂"
"219","2001-02","HGUC","?쇰컲??(Standard)","HGUC 1/144 MSM-07S Z'GOCK (CHAR'S CUSTOM)","1100","1000","12000","12","12諛?14.3諛?諛섏퐫 怨듭떇 ?뺢? 100% ?쇱튂"
"2190","2013-11","RG","?쇰컲??(Standard)","RG 1/144 EXPANSION EFFECT UNIT WING OF THE SKIES for STRIKE FREEDOM GUNDAM","2200","2000","24000","12","12諛?14.3諛?諛섏퐫 怨듭떇 ?뺢? 100% ?쇱튂"
"2191","2013-08","MG","?쇰컲??(Standard)","MG 1/100 CUSTOM SET for MG RX-78-2 GUNDAM Ver.3.0","1650","1500","18000","12","12諛?14.3諛?諛섏퐫 怨듭떇 ?뺢? 100% ?쇱튂"
"2192","2013-10","MG","?쇰컲??(Standard)","MG 1/100 GEARA DOGA (REZIN SCHYNDER’S USE)","5390","4900","58800","12","12諛?14.3諛?諛섏퐫 怨듭떇 ?뺢? 100% ?쇱튂"
"2193","2013-11","HG","?쇰컲??(Standard)","HGUC 1/144 EWAC ZACK/GAZA C/GEARA DOGA (GUNDAM UNICORN Ver.) SET","3300","3000","36000","12","12諛?14.3諛?諛섏퐫 怨듭떇 ?뺢? 100% ?쇱튂"
"2195","2013-11","MG","?쇰컲??(Standard)","MG 1/100 ZAKU CANNON (GUNDAM UNICORN Ver.)","4950","4500","54000","12","12諛?14.3諛?諛섏퐫 怨듭떇 ?뺢? 100% ?쇱튂"
"2196","2013-11","MG","?쇰컲??(Standard)","MG 1/100 Z’GOK (GUNDAM UNICORN Ver.)","3300","3000","36000","12","12諛?14.3諛?諛섏퐫 怨듭떇 ?뺢? 100% ?쇱튂"
"2197","2014-03","HG","?쇰컲??(Standard)","HGUC 1/144 SILVER BULLET (FUNNEL TEST TYPE)","1760","1600","19200","12","12諛?14.3諛?諛섏퐫 怨듭떇 ?뺢? 100% ?쇱튂"
"2198","2015-08","RG","?쇰컲??(Standard)","RG 1/144 Z’GOK","3300","3000","36000","12","12諛?14.3諛?諛섏퐫 怨듭떇 ?뺢? 100% ?쇱튂"
"2199","2014-06","MG","?쇰컲??(Standard)","MG 1/100 MS-06F ZAKU II (DOZLE ZABI USE)","5500","5000","60000","12","12諛?14.3諛?諛섏퐫 怨듭떇 ?뺢? 100% ?쇱튂"
"22","2014-11-15","HG","?쇰컲??(Standard)","HGBF 1/144 GUNDAM Ez-SR","2200","2000","24000","12","12諛?14.3諛?諛섏퐫 怨듭떇 ?뺢? 100% ?쇱튂"
"220","2001-04","HGUC","?쇰컲??(Standard)","HGUC 1/144 RGM-79 GM","1100","1000","12000","12","12諛?14.3諛?諛섏퐫 怨듭떇 ?뺢? 100% ?쇱튂"
"2200","2014-08","MG","?쇰컲??(Standard)","MG 1/100 M’QUVE’S GOUF","5500","5000","60000","12","12諛?14.3諛?諛섏퐫 怨듭떇 ?뺢? 100% ?쇱튂"
"2201","2014-04","HG","?쇰컲??(Standard)","HGCC 1/144 EXPANSION EFFECT UNIT “MOONLIGHT BUTTERFLY” for ∀ GUNDAM","1760","1600","19200","12","12諛?14.3諛?諛섏퐫 怨듭떇 ?뺢? 100% ?쇱튂"
"2202","2014-05","HG","?쇰컲??(Standard)","HGUC 1/144 RGM-89D JEGAN D TYPE","1760","1600","19200","12","12諛?14.3諛?諛섏퐫 怨듭떇 ?뺢? 100% ?쇱튂"
"2203","2014-05","RG","?쇰컲??(Standard)","REPAIR PARTS SET FOR RG 1/144 GUNDAM EXIA","1980","1800","21600","12","12諛?14.3諛?諛섏퐫 怨듭떇 ?뺢? 100% ?쇱튂"
"2204","2014-08","HG","?쇰컲??(Standard)","HGUC 1/144 EXPANSION EFFECT UNIT FOR NEO ZEONG ” PSYCHO-SHARD”","1760","1600","19200","12","12諛?14.3諛?諛섏퐫 怨듭떇 ?뺢? 100% ?쇱튂"
"2205","2014-07","MG","?쇰컲??(Standard)","MG 1/100 MS-14C GELGOOG CANNON (MSV COLOR)","5500","5000","60000","12","12諛?14.3諛?諛섏퐫 怨듭떇 ?뺢? 100% ?쇱튂"
"2207","2014-07","HG","?쇰컲??(Standard)","HGUC 1/144 ASSHIMAR (GREEN DIVERS Ver.)","2200","2000","24000","12","12諛?14.3諛?諛섏퐫 怨듭떇 ?뺢? 100% ?쇱튂"
"2208","2015-04","HG","?쇰컲??(Standard)","HGUC 1/144 PALE RIDER(GROUND HEAVY EQUIPMENT TYPE)","1760","1600","19200","12","12諛?14.3諛?諛섏퐫 怨듭떇 ?뺢? 100% ?쇱튂"
"221","2001-05-26","HGUC","?쇰컲??(Standard)","HGUC 1/144 RX-78-2 GUNDAM","1320","1200","14400","12","12諛?14.3諛?諛섏퐫 怨듭떇 ?뺢? 100% ?쇱튂"
"2212","2014-09","MG","?쇰컲??(Standard)","MG 1/100 HWS EXPANSION SET for Hi-v GUNDAM Ver.Ka","3630","3300","39600","12","12諛?14.3諛?諛섏퐫 怨듭떇 ?뺢? 100% ?쇱튂"
"2213","2014-08","HG","?쇰컲??(Standard)","HGUC 1/144 MS-09RS ANAVEL GATO’S RICK DOM","1760","1600","19200","12","12諛?14.3諛?諛섏퐫 怨듭떇 ?뺢? 100% ?쇱튂"
"2214","2017-12","HG","?쇰컲??(Standard)","HG 1/144 GEIRAIL SCHARFRICHTER & LANDMAN RODI SET","3520","3200","38400","12","12諛?14.3諛?諛섏퐫 怨듭떇 ?뺢? 100% ?쇱튂"
"2215","2014-09","MG","?쇰컲??(Standard)","MG 1/100 00 GUNDAM SEVEN SWORD/G INSPECTION","6050","5500","66000","12","12諛?14.3諛?諛섏퐫 怨듭떇 ?뺢? 100% ?쇱튂"
"2216","2014-02","PG","?쇰컲??(Standard)","PG 1/60 GUNDAM ASTRAY BLUE FRAME","19800","18000","216000","12","12諛?14.3諛?諛섏퐫 怨듭떇 ?뺢? 100% ?쇱튂"
"2217","2015-05","HG","?쇰컲??(Standard)","EXPANSION EFFECT UNIT “WING OF LIGHT” for VICTORY TWO GUNDAM","1650","1500","18000","12","12諛?14.3諛?諛섏퐫 怨듭떇 ?뺢? 100% ?쇱튂"
"2218","2012-06","MG","?쇰컲??(Standard)","MG 1/100 BALLUTE PACK","1540","1400","16800","12","12諛?14.3諛?諛섏퐫 怨듭떇 ?뺢? 100% ?쇱튂"
"222","2001-06","HGUC","?쇰컲??(Standard)","HGUC 1/144 MSN-02 ZEONG","2310","2100","25200","12","12諛?14.3諛?諛섏퐫 怨듭떇 ?뺢? 100% ?쇱튂"
"2220","2012-05","HG","?쇰컲??(Standard)","HGUC 1/144 G-DEFENSER & FLYINGARMOR","1760","1600","19200","12","12諛?14.3諛?諛섏퐫 怨듭떇 ?뺢? 100% ?쇱튂"
"2221","2015-04","RG","?쇰컲??(Standard)","RG 1/144 RX-78-3 G-3 GUNDAM","3300","3000","36000","12","12諛?14.3諛?諛섏퐫 怨듭떇 ?뺢? 100% ?쇱튂"
"2222","2012-10","HG","?쇰컲??(Standard)","HG 1/144 METEOR UNIT","8030","7300","87600","12","12諛?14.3諛?諛섏퐫 怨듭떇 ?뺢? 100% ?쇱튂"
"2223","2013-06","MG","?쇰컲??(Standard)","MG 1/100 CROSSBONE GUNDAM X2 Ver.Ka","4840","4400","52800","12","12諛?14.3諛?諛섏퐫 怨듭떇 ?뺢? 100% ?쇱튂"
"2224","2014-09","RG","?쇰컲??(Standard)","RG 1/144 CASVAL’S GUNDAM","2750","2500","30000","12","12諛?14.3諛?諛섏퐫 怨듭떇 ?뺢? 100% ?쇱튂"
"2225","2013-04","MG","?쇰컲??(Standard)","MG 1/100 MS-06R-1A ZAKUII UMA LIGHTNING CUSTOM","5500","5000","60000","12","12諛?14.3諛?諛섏퐫 怨듭떇 ?뺢? 100% ?쇱튂"
"2227","2013-09","HG","?쇰컲??(Standard)","HGUC 1/144 TYPE 94 BASE JABBER","1760","1600","19200","12","12諛?14.3諛?諛섏퐫 怨듭떇 ?뺢? 100% ?쇱튂"
"2228","2014-10","RG","?쇰컲??(Standard)","GUNDAM ASTRAEA PARTS SET FOR RG 1/144 GUNDAM EXIA","2420","2200","26400","12","12諛?14.3諛?諛섏퐫 怨듭떇 ?뺢? 100% ?쇱튂"
"2229","2013-10","HG","?쇰컲??(Standard)","HGUC 1/144 ZOGOK (Operation Capture of Jaburo ver.)","2090","1900","22800","12","12諛?14.3諛?諛섏퐫 怨듭떇 ?뺢? 100% ?쇱튂"
"223","2001-09","HGUC","?쇰컲??(Standard)","HGUC 1/144 MSA-0011 S-GUNDAM","1980","1800","21600","12","12諛?14.3諛?諛섏퐫 怨듭떇 ?뺢? 100% ?쇱튂"
"2230","2015-01","RG","?쇰컲??(Standard)","RG 1/144 EXPANSION EFFECT UNIT ”SERAPHIM FEATHER” for Wing Gundam Zero EW","1870","1700","20400","12","12諛?14.3諛?諛섏퐫 怨듭떇 ?뺢? 100% ?쇱튂"
"2231","2013-12","MG","?쇰컲??(Standard)","MG 1/100 CROSSBONE GUNDAM X3 Ver.Ka","4840","4400","52800","12","12諛?14.3諛?諛섏퐫 怨듭떇 ?뺢? 100% ?쇱튂"
"2232","2014-10","HG","?쇰컲??(Standard)","HGBF 1/144 STAR BUILD STRIKE GUNDAM Ver.RG SYSTEM","1980","1800","21600","12","12諛?14.3諛?諛섏퐫 怨듭떇 ?뺢? 100% ?쇱튂"
"2234","2013-08","MG","?쇰컲??(Standard)","MG MS-06R-1A ZAKU II ANAVEL GATO'S CUSTOM","5500","5000","60000","12","12諛?14.3諛?諛섏퐫 怨듭떇 ?뺢? 100% ?쇱튂"
"2235","2014-11","MG","?쇰컲??(Standard)","MG 1/100 DRAGOON FORMATION BASE for GUNDAM ASTRAY BLUE FRAME D","1540","1400","16800","12","12諛?14.3諛?諛섏퐫 怨듭떇 ?뺢? 100% ?쇱튂"
"2236","2013-12","HG","?쇰컲??(Standard)","HGUC 1/144 REBAWOO","2640","2400","28800","12","12諛?14.3諛?諛섏퐫 怨듭떇 ?뺢? 100% ?쇱튂"
"2237","2014-12","MG","?쇰컲??(Standard)","MG 1/100 MS-06FS ZAKU II (GARMA ZABI USE)","5500","5000","60000","12","12諛?14.3諛?諛섏퐫 怨듭떇 ?뺢? 100% ?쇱튂"
"2238","2014-02","HG","?쇰컲??(Standard)","HGUC 1/144 BYARLANT CUSTOM 02 (BANDE DESSINEE VER.)","2310","2100","25200","12","12諛?14.3諛?諛섏퐫 怨듭떇 ?뺢? 100% ?쇱튂"
"2239","2015-03","MG","?쇰컲??(Standard)","MG 1/100 MS-09R RICK DOM (DOZLE ZABI USE)","5500","5000","60000","12","12諛?14.3諛?諛섏퐫 怨듭떇 ?뺢? 100% ?쇱튂"
"224","2001-10","HGUC","?쇰컲??(Standard)","HGUC 1/144 RMS-141 XEKU EINS","1760","1600","19200","12","12諛?14.3諛?諛섏퐫 怨듭떇 ?뺢? 100% ?쇱튂"
"2240","2014-01","HG","?쇰컲??(Standard)","HG 1/144 GUNDAM ASTRAY GOLD FRAME","1760","1600","19200","12","12諛?14.3諛?諛섏퐫 怨듭떇 ?뺢? 100% ?쇱튂"
"2241","2014-11","HG","?쇰컲??(Standard)","HGUC 1/144 RGM-89J JEGAN NORMAL TYPE(F91 Ver.)","1870","1700","20400","12","12諛?14.3諛?諛섏퐫 怨듭떇 ?뺢? 100% ?쇱튂"
"2242","2014-01","MG","?쇰컲??(Standard)","MG 1/100 GUNDAM ASTRAY RED FRAME","4950","4500","54000","12","12諛?14.3諛?諛섏퐫 怨듭떇 ?뺢? 100% ?쇱튂"
"2243","2014-01","MG","?쇰컲??(Standard)","MG 1/100 GUNDAM ASTRAY NOIR","5500","5000","60000","12","12諛?14.3諛?諛섏퐫 怨듭떇 ?뺢? 100% ?쇱튂"
"2244","2015-02","HG","?쇰컲??(Standard)","HGUC 1/144 RGM-89M JEGAN B TYPE(F91Ver.)","1870","1700","20400","12","12諛?14.3諛?諛섏퐫 怨듭떇 ?뺢? 100% ?쇱튂"
"2245","2014-02","HG","?쇰컲??(Standard)","HGUC 1/144 BYARLANT CUSTOM 02","1760","1600","19200","12","12諛?14.3諛?諛섏퐫 怨듭떇 ?뺢? 100% ?쇱튂"
"2246","2014-02","MG","?쇰컲??(Standard)","MG 1/100 DESTINY IMPULSE GUNDAM R (REGENES)","5720","5200","62400","12","12諛?14.3諛?諛섏퐫 怨듭떇 ?뺢? 100% ?쇱튂"
"2247","2015-04","HG","?쇰컲??(Standard)","HGUC 1/144 ＺII TRAVIS KIRKLAND COLOR","1760","1600","19200","12","12諛?14.3諛?諛섏퐫 怨듭떇 ?뺢? 100% ?쇱튂"
"2248","2014-04","MG","?쇰컲??(Standard)","MG 1/100 RX-78-1 PROTOTYPE GUNDAM","5500","5000","60000","12","12諛?14.3諛?諛섏퐫 怨듭떇 ?뺢? 100% ?쇱튂"
"2249","2015-07","MG","?쇰컲??(Standard)","EXPANSION FUNNEL EFFECT SET FOR MG 1/100 SAZABI Ver.Ka & RE/100 NIGHTINGALE","1870","1700","20400","12","12諛?14.3諛?諛섏퐫 怨듭떇 ?뺢? 100% ?쇱튂"
"225","2001-12","HGUC","?쇰컲??(Standard)","HGUC 1/144 RX-78GP03S GUNDAM","1760","1600","19200","12","12諛?14.3諛?諛섏퐫 怨듭떇 ?뺢? 100% ?쇱튂"
"2250","2014-06","MG","?쇰컲??(Standard)","MG 1/100 UNICORN GUNDAM 02 BANSHEE NORN","6600","6000","72000","12","12諛?14.3諛?諛섏퐫 怨듭떇 ?뺢? 100% ?쇱튂"
"2251","2014-06","HG","?쇰컲??(Standard)","HGUC 1/144 GEARA ZULU (CUARON USE)","1760","1600","19200","12","12諛?14.3諛?諛섏퐫 怨듭떇 ?뺢? 100% ?쇱튂"
"2252","2015-07","HG","?쇰컲??(Standard)","HGUC 1/144 ZSSA","1760","1600","19200","12","12諛?14.3諛?諛섏퐫 怨듭떇 ?뺢? 100% ?쇱튂"
"2253","2014-06","HG","?쇰컲??(Standard)","HGUC 1/144 GEARA ZULU (GILBOA SANT USE)","1760","1600","19200","12","12諛?14.3諛?諛섏퐫 怨듭떇 ?뺢? 100% ?쇱튂"
"2254","2015-07","MG","?쇰컲??(Standard)","MG 1/100 FULL FRONTAL’S GEARA DOGA","6050","5500","66000","12","12諛?14.3諛?諛섏퐫 怨듭떇 ?뺢? 100% ?쇱튂"
"2255","2014-08","HG","?쇰컲??(Standard)","HGFC 1/144 G GUNDAM VS MASTER GUNDAM SCHOOL OF TOHO FUHAI HYPER MODE SET","1760","1600","19200","12","12諛?14.3諛?諛섏퐫 怨듭떇 ?뺢? 100% ?쇱튂"
"2256","2016-06","MG","?쇰컲??(Standard)","MG 1/100 GEARA DOGA(UNICORN Ver.)","5280","4800","57600","12","12諛?14.3諛?諛섏퐫 怨듭떇 ?뺢? 100% ?쇱튂"
"2257","2014-08","MG","?쇰컲??(Standard)","MG 1/100 FULL ARMOR UNICORN GUNDAM (RED COLOR VER.)","8800","8000","96000","12","12諛?14.3諛?諛섏퐫 怨듭떇 ?뺢? 100% ?쇱튂"
"2258","2014-05","HG","?쇰컲??(Standard)","HG 1/144 GN ARMS TYPE-E (Real Color Ver.)","5390","4900","58800","12","12諛?14.3諛?諛섏퐫 怨듭떇 ?뺢? 100% ?쇱튂"
"2259","2014-08","MG","?쇰컲??(Standard)","MG 1/100 S-GUNDAM BOOSTER UNIT TYPE","10780","9800","117600","12","12諛?14.3諛?諛섏퐫 怨듭떇 ?뺢? 100% ?쇱튂"
"226","2002-01","HGUC","?쇰컲??(Standard)","HGUC 1/144 MS-14Fs GELGOOG MARINE CIMA CUSTOM","1650","1500","18000","12","12諛?14.3諛?諛섏퐫 怨듭떇 ?뺢? 100% ?쇱튂"
"2260","2015-06","HG","?쇰컲??(Standard)","HGUC 1/144 RGM-89S STARK JEGAN (CCA-MSV Ver.)","2530","2300","27600","12","12諛?14.3諛?諛섏퐫 怨듭떇 ?뺢? 100% ?쇱튂"
"2261","2014-10","RG","?쇰컲??(Standard)","RG 1/144 GUNDAM ASTRAEA TYPE-F","4840","4400","52800","12","12諛?14.3諛?諛섏퐫 怨듭떇 ?뺢? 100% ?쇱튂"
"2262","2014-12","その他","?쇰컲??(Standard)","1/35 MS-06R-1A ZAKU II HEAD (BLACK TRI-STARS CUSTOM Ver.)","3300","3000","36000","12","12諛?14.3諛?諛섏퐫 怨듭떇 ?뺢? 100% ?쇱튂"
"2263","2015-05","HG","?쇰컲??(Standard)","HGUC 1/144 CROSSBONE GUNDAM X1 KAI","1760","1600","19200","12","12諛?14.3諛?諛섏퐫 怨듭떇 ?뺢? 100% ?쇱튂"
"2264","2015-05","HG","?쇰컲??(Standard)","HGUC 1/144 RGM-89R JEGAN A TYPE(F91Ver.)","1870","1700","20400","12","12諛?14.3諛?諛섏퐫 怨듭떇 ?뺢? 100% ?쇱튂"
"2265","2015-10","MG","?쇰컲??(Standard)","MG 1/100 ALTRON GUNDAM EW","4950","4500","54000","12","12諛?14.3諛?諛섏퐫 怨듭떇 ?뺢? 100% ?쇱튂"
"2266","2015-01","PG","?쇰컲??(Standard)","PG 1/60 FULL ARMOR EXPANSION EFFECT UNIT for UNICORN GUNDAM","22000","20000","240000","12","12諛?14.3諛?諛섏퐫 怨듭떇 ?뺢? 100% ?쇱튂"
"2267","2015-06","MG","?쇰컲??(Standard)","MG 1/100 MSZ-006P2/3C ZETA GUNDAM III P2 TYPE RED ZETA","5500","5000","60000","12","12諛?14.3諛?諛섏퐫 怨듭떇 ?뺢? 100% ?쇱튂"
"2268","2015-06","RG","?쇰컲??(Standard)","RG 1/144 TRANS-AM RAISER GLOSS INJECTION Ver.","3520","3200","38400","12","12諛?14.3諛?諛섏퐫 怨듭떇 ?뺢? 100% ?쇱튂"
"2269","2015-02","MG","?쇰컲??(Standard)","MG 1/100 MSZ-006-3B ZETA GUNDAM III B TYPE GRAY ZETA","5500","5000","60000","12","12諛?14.3諛?諛섏퐫 怨듭떇 ?뺢? 100% ?쇱튂"
"227","2002-02","HGUC","?쇰컲??(Standard)","HGUC 1/144 MS-09F DOMTROPEN (SAND BROWN)","1760","1600","19200","12","12諛?14.3諛?諛섏퐫 怨듭떇 ?뺢? 100% ?쇱튂"
"2270","2015-01","MG","?쇰컲??(Standard)","MG 1/100 TALLGEESE III","4950","4500","54000","12","12諛?14.3諛?諛섏퐫 怨듭떇 ?뺢? 100% ?쇱튂"
"2271","2015-07","MG","?쇰컲??(Standard)","MG 1/100 ∀ GUNDAM （MOONLIGHT BUTTERFLY Ver.）","6050","5500","66000","12","12諛?14.3諛?諛섏퐫 怨듭떇 ?뺢? 100% ?쇱튂"
"2272","2015-06","HG","?쇰컲??(Standard)","HG 1/144 ELF BULLOCK MASS PRODUCTION TYPE","1980","1800","21600","12","12諛?14.3諛?諛섏퐫 怨듭떇 ?뺢? 100% ?쇱튂"
"2273","2015-06","HG","?쇰컲??(Standard)","HG 1/144 MACK KNIFE MASS PRODUCTION TYPE","1540","1400","16800","12","12諛?14.3諛?諛섏퐫 怨듭떇 ?뺢? 100% ?쇱튂"
"2274","2015-09","HG","?쇰컲??(Standard)","HGUC 1/144 GAEL CHAN’S SILVER BULLET","1760","1600","19200","12","12諛?14.3諛?諛섏퐫 怨듭떇 ?뺢? 100% ?쇱튂"
"2275","2015-09","MG","?쇰컲??(Standard)","MG 1/100 HEAVY GUNDAM","5500","5000","60000","12","12諛?14.3諛?諛섏퐫 怨듭떇 ?뺢? 100% ?쇱튂"
"2276","2015-08","MG","?쇰컲??(Standard)","MG 1/100 RGC-80 GM CANNON","5500","5000","60000","12","12諛?14.3諛?諛섏퐫 怨듭떇 ?뺢? 100% ?쇱튂"
"2277","2015-09","HG","?쇰컲??(Standard)","HGUC 1/144 JEGAN TYPE-A2 (GENERAL REVIL DEPLOYMENT)","1760","1600","19200","12","12諛?14.3諛?諛섏퐫 怨듭떇 ?뺢? 100% ?쇱튂"
"2278","2015-11","MG","?쇰컲??(Standard)","MG 1/100 JESTA CANNON","5940","5400","64800","12","12諛?14.3諛?諛섏퐫 怨듭떇 ?뺢? 100% ?쇱튂"
"2279","2016-11","HG","?쇰컲??(Standard)","HG 1/144 ZETA PLUS C1","1760","1600","19200","12","12諛?14.3諛?諛섏퐫 怨듭떇 ?뺢? 100% ?쇱튂"
"228","2002-04","HGUC","?쇰컲??(Standard)","HGUC 1/144 EX-S GUNDAM","2750","2500","30000","12","12諛?14.3諛?諛섏퐫 怨듭떇 ?뺢? 100% ?쇱튂"
"2280","2015-06","HG","?쇰컲??(Standard)","HGUC 1/144 CROSSBONE GUNDAM X2 KAI","1760","1600","19200","12","12諛?14.3諛?諛섏퐫 怨듭떇 ?뺢? 100% ?쇱튂"
"2281","2016-01","MG","?쇰컲??(Standard)","MG 1/100 EXPANSION EFFECT UNIT “WING OF LIGHT” for VICTORY TWO GUNDAM “Ver.Ka”","2200","2000","24000","12","12諛?14.3諛?諛섏퐫 怨듭떇 ?뺢? 100% ?쇱튂"
"2282","2016-12","RG","?쇰컲??(Standard)","RG 1/144 OO GUNDAM SEVEN SWORD","3300","3000","36000","12","12諛?14.3諛?諛섏퐫 怨듭떇 ?뺢? 100% ?쇱튂"
"2283","2015-12","RG","?쇰컲??(Standard)","RG 1/144 GUNDAM ASTRAY BLUE FRAME","3080","2800","33600","12","12諛?14.3諛?諛섏퐫 怨듭떇 ?뺢? 100% ?쇱튂"
"2284","2016-03","HG","?쇰컲??(Standard)","HGUC 1/144 PLE TWO’S QUBELEY Mk-II","1760","1600","19200","12","12諛?14.3諛?諛섏퐫 怨듭떇 ?뺢? 100% ?쇱튂"
"2285","2016-07","RG","?쇰컲??(Standard)","RG 1/144 GUNDAM ASTRAY GOLD FRAME","3080","2800","33600","12","12諛?14.3諛?諛섏퐫 怨듭떇 ?뺢? 100% ?쇱튂"
"2286","2015-12","MG","?쇰컲??(Standard)","MG 1/100 M.P.T. HYAKUSHIKI-KAI","6490","5900","70800","12","12諛?14.3諛?諛섏퐫 怨듭떇 ?뺢? 100% ?쇱튂"
"2287","2016-06","MG","?쇰컲??(Standard)","MG 1/100 ZETAplus(UNICORN Ver.)","3520","3200","38400","12","12諛?14.3諛?諛섏퐫 怨듭떇 ?뺢? 100% ?쇱튂"
"2288","2015-09","HG","?쇰컲??(Standard)","HG 1/144 GUNDAM G-SELF (REFLECTOR PACK EQUIPPED)","2420","2200","26400","12","12諛?14.3諛?諛섏퐫 怨듭떇 ?뺢? 100% ?쇱튂"
"2289","2016-04","PG","?쇰컲??(Standard)","PG 1/60 RX-0 UNICORN GUNDAM [FINAL BATTLE Ver.]","22000","20000","240000","12","12諛?14.3諛?諛섏퐫 怨듭떇 ?뺢? 100% ?쇱튂"
"229","2002-05","HGUC","?쇰컲??(Standard)","HGUC 1/144 RX-178 GUNDAM MK-Ⅱ","1100","1000","12000","12","12諛?14.3諛?諛섏퐫 怨듭떇 ?뺢? 100% ?쇱튂"
"2290","2015-07","MG","?쇰컲??(Standard)","MG 1/100 EXPANSION EFFECT UNIT ”MOONLIGHT BUTTERFLY” for ∀ GUNDAM","1980","1800","21600","12","12諛?14.3諛?諛섏퐫 怨듭떇 ?뺢? 100% ?쇱튂"
"2291","2015-10","HG","?쇰컲??(Standard)","HGUC 1/144 GMII SEMI STRIKER","1760","1600","19200","12","12諛?14.3諛?諛섏퐫 怨듭떇 ?뺢? 100% ?쇱튂"
"2293","2016-05","MG","?쇰컲??(Standard)","MG 1/100 ZAKU II ERIC MANTHFIELD’S CUSTOM","5500","5000","60000","12","12諛?14.3諛?諛섏퐫 怨듭떇 ?뺢? 100% ?쇱튂"
"2294","2015-08","HG","?쇰컲??(Standard)","HGBF 1/144 CATHEDRAL GUNDAM","1760","1600","19200","12","12諛?14.3諛?諛섏퐫 怨듭떇 ?뺢? 100% ?쇱튂"
"2295","2015-10","MG","?쇰컲??(Standard)","MG 1/100 GUNDAM FENICE RINASCITA ALBA","5280","4800","57600","12","12諛?14.3諛?諛섏퐫 怨듭떇 ?뺢? 100% ?쇱튂"
"2296","2015-12","MG","?쇰컲??(Standard)","MG 1/100 GUNDAM AMAZING EXIA","5500","5000","60000","12","12諛?14.3諛?諛섏퐫 怨듭떇 ?뺢? 100% ?쇱튂"
"2297","2015-11","HG","?쇰컲??(Standard)","HGBF 1/144 ∀GUNDAM SHIN","1760","1600","19200","12","12諛?14.3諛?諛섏퐫 怨듭떇 ?뺢? 100% ?쇱튂"
"2298","2016-02","HG","?쇰컲??(Standard)","HGBF 1/144 GILLA-SHIKI","1760","1600","19200","12","12諛?14.3諛?諛섏퐫 怨듭떇 ?뺢? 100% ?쇱튂"
"23","2014-11-29","HG","?쇰컲??(Standard)","HGBF 1/144 BEARGGUY F [Family]","1980","1800","21600","12","12諛?14.3諛?諛섏퐫 怨듭떇 ?뺢? 100% ?쇱튂"
"230","2002-06","HGUC","?쇰컲??(Standard)","HGUC 1/144 AMX-107 BAWOO (MASS PRODUCTION)","1540","1400","16800","12","12諛?14.3諛?諛섏퐫 怨듭떇 ?뺢? 100% ?쇱튂"
"231","2002-08","HGUC","?쇰컲??(Standard)","HGUC 1/144 MSA-009 RICK DIAS (RED)","1320","1200","14400","12","12諛?14.3諛?諛섏퐫 怨듭떇 ?뺢? 100% ?쇱튂"
"2311","2025-01","HG","?쇰컲??(Standard)","HG 1/144 ZAKUⅡ F TYPE LeSEAN & ZAKUⅡ (UNIDENTIFIED TYPE) LeSEAN (RFV)","6050","5500","66000","12","12諛?14.3諛?諛섏퐫 怨듭떇 ?뺢? 100% ?쇱튂"
"2312","2025-01","HG","?쇰컲??(Standard)","HG 1/144 LEO-R","2420","2200","26400","12","12諛?14.3諛?諛섏퐫 怨듭떇 ?뺢? 100% ?쇱튂"
"2313","2025-01","MG","?쇰컲??(Standard)","MG 1/100 GUNDAM ASTRAEA + PROTO GN TWIN BROAD BLADE","7150","6500","78000","12","12諛?14.3諛?諛섏퐫 怨듭떇 ?뺢? 100% ?쇱튂"
"2314","2021-04","MG","?쇰컲??(Standard)","MG 1/100 GUNDAM Mk-Ⅴ","9240","8400","100800","12","12諛?14.3諛?諛섏퐫 怨듭떇 ?뺢? 100% ?쇱튂"
"2315","2020-02","PG","?쇰컲??(Standard)","PG 1/60 PERFECT STRIKE GUNDAM EXPANSION PARTS FOR STRIKE GUNDAM","8800","8000","96000","12","12諛?14.3諛?諛섏퐫 怨듭떇 ?뺢? 100% ?쇱튂"
"2316","2021-03","HG","?쇰컲??(Standard)","HG 1/144 GUNDAM G05","2475","2250","27000","12","12諛?14.3諛?諛섏퐫 怨듭떇 ?뺢? 100% ?쇱튂"
"2317","2021-01","HG","?쇰컲??(Standard)","HG 1/144 GUNDAM SANDROCK CUSTOM","1650","1500","18000","12","12諛?14.3諛?諛섏퐫 怨듭떇 ?뺢? 100% ?쇱튂"
"2318","2021-01","HG","?쇰컲??(Standard)","HG 1/144 GUNDAM GEMINASS 02","2200","2000","24000","12","12諛?14.3諛?諛섏퐫 怨듭떇 ?뺢? 100% ?쇱튂"
"2319","2021-02","HG","?쇰컲??(Standard)","HG 1/144 LIGHT LINER","1430","1300","15600","12","12諛?14.3諛?諛섏퐫 怨듭떇 ?뺢? 100% ?쇱튂"
"232","2002-09","HGUC","?쇰컲??(Standard)","HGUC 1/144 GARMA'S ZAKU","1760","1600","19200","12","12諛?14.3諛?諛섏퐫 怨듭떇 ?뺢? 100% ?쇱튂"
"2320","2021-09","HG","?쇰컲??(Standard)","HG 1/144 MESSER TYPE-F02","3190","2900","34800","12","12諛?14.3諛?諛섏퐫 怨듭떇 ?뺢? 100% ?쇱튂"
"2321","2021-10","HG","?쒖젙/?대읇G (P-Bandai)","HG 1/144 RX-78-2 GUNDAM [PR ambassador of the Japan Pavilion, Expo 2020 Dubai]","2420","2200","31460","14.3","12諛?14.3諛?諛섏퐫 怨듭떇 ?뺢? 100% ?쇱튂"
"2322","2021-03","HG","?쒖젙/?대읇G (P-Bandai)","HG 1/144 EXTREME GUNDAM (type-LEOS) ECLIPSE-FACE","2970","2700","38610","14.3","12諛?14.3諛?諛섏퐫 怨듭떇 ?뺢? 100% ?쇱튂"
"2323","2021-01","HG","?쒖젙/?대읇G (P-Bandai)","HG 1/144 GUNDAM SANDROCK CUSTOM","4180","3800","54340","14.3","12諛?14.3諛?諛섏퐫 怨듭떇 ?뺢? 100% ?쇱튂"
"2324","2021-01","PG","?쒖젙/?대읇G (P-Bandai)","PG 1/60 UNICORN GUNDAM 03 PHENEX (NARRATIVE Ver.)","53900","49000","700700","14.3","12諛?14.3諛?諛섏퐫 怨듭떇 ?뺢? 100% ?쇱튂"
"2326","2021-02","HG","?쒖젙/?대읇G (P-Bandai)","ADVANCE OF Z THE FLAG OF TITANS REVIVAL SET","2200","2000","28600","14.3","12諛?14.3諛?諛섏퐫 怨듭떇 ?뺢? 100% ?쇱튂"
"2327","2022-05","RG","?쒖젙/?대읇G (P-Bandai)","RG 1/144 MS-06R-2 ROBERT GILLIAM’S ZAKUⅡ","3630","3300","47190","14.3","12諛?14.3諛?諛섏퐫 怨듭떇 ?뺢? 100% ?쇱튂"
"2328","2021-05","HG","?쒖젙/?대읇G (P-Bandai)","HG 1/144 HEAVY GROUND ARMOR UNIT EXPANSION PARTS for GUNDAM GEMINASS 02","2200","2000","28600","14.3","12諛?14.3諛?諛섏퐫 怨듭떇 ?뺢? 100% ?쇱튂"
"2329","2021-04","HG","?쒖젙/?대읇G (P-Bandai)","HG 1/144 RX-78-02 GUNDAM ROLLOUT COLOR(GUNDAM THE ORIGIN Ver.)","2420","2200","31460","14.3","12諛?14.3諛?諛섏퐫 怨듭떇 ?뺢? 100% ?쇱튂"
"233","2002-11","HGUC","?쒖젙/?대읇G (P-Bandai)","HGUC 1/144 FXA-05D/RX-178 SUPER GUNDAM","2420","2200","31460","14.3","12諛?14.3諛?諛섏퐫 怨듭떇 ?뺢? 100% ?쇱튂"
"2330","2021-06","MG","?쒖젙/?대읇G (P-Bandai)","MG 1/100 GUNDAM EXIA REPAIR Ⅲ","4950","4500","64350","14.3","12諛?14.3諛?諛섏퐫 怨듭떇 ?뺢? 100% ?쇱튂"
"2331","2022-04","MG","?쒖젙/?대읇G (P-Bandai)","MG 1/100 GUNDAM ASTRAEA TYPE-F (FULL WEAPON SET)","6820","6200","88660","14.3","12諛?14.3諛?諛섏퐫 怨듭떇 ?뺢? 100% ?쇱튂"
"2332","2021-04","HG","?쒖젙/?대읇G (P-Bandai)","HG 1/144 GUNDAM Mk-Ⅲ","2420","2200","31460","14.3","12諛?14.3諛?諛섏퐫 怨듭떇 ?뺢? 100% ?쇱튂"
"2334","2021-05","HG","?쒖젙/?대읇G (P-Bandai)","HG 1/144 DICTUS ( CALLISTO OF SHADOW CUSTOM )","3960","3600","51480","14.3","12諛?14.3諛?諛섏퐫 怨듭떇 ?뺢? 100% ?쇱튂"
"2335","2021-05","HG","?쒖젙/?대읇G (P-Bandai)","HG 1/144 CROSSBONE GUNDAM X-0 FULL CLOTH","2750","2500","35750","14.3","12諛?14.3諛?諛섏퐫 怨듭떇 ?뺢? 100% ?쇱튂"
"2336","2021-06","HG","?쒖젙/?대읇G (P-Bandai)","HG 1/144 GELGOOG VERTEX","2750","2500","35750","14.3","12諛?14.3諛?諛섏퐫 怨듭떇 ?뺢? 100% ?쇱튂"
"2337","2022-02","HG","?쒖젙/?대읇G (P-Bandai)","HG 1/144 EFREET JAEGER","2640","2400","34320","14.3","12諛?14.3諛?諛섏퐫 怨듭떇 ?뺢? 100% ?쇱튂"
"2338","2022-02","HG","?쒖젙/?대읇G (P-Bandai)","HG 1/144 BLACK RIDER","2420","2200","31460","14.3","12諛?14.3諛?諛섏퐫 怨듭떇 ?뺢? 100% ?쇱튂"
"234","2002-12","HGUC","?쒖젙/?대읇G (P-Bandai)","HGUC 1/144 PMX-003 THE-O","2860","2600","37180","14.3","12諛?14.3諛?諛섏퐫 怨듭떇 ?뺢? 100% ?쇱튂"
"2341","2021-04","その他","?쒖젙/?대읇G (P-Bandai)","RE/100 1/100 VIGNA-GHINA Ⅱ[JUPITER BATTLE Ver.]","4620","4200","60060","14.3","12諛?14.3諛?諛섏퐫 怨듭떇 ?뺢? 100% ?쇱튂"
"2342","2021-09","RG","?쒖젙/?대읇G (P-Bandai)","RG 1/144 HYPER MEGA BAZOOKA LAUNCHER for Hi-ν GUNDAM","2750","2500","35750","14.3","12諛?14.3諛?諛섏퐫 怨듭떇 ?뺢? 100% ?쇱튂"
"2343","2021-07","HG","?쒖젙/?대읇G (P-Bandai)","HG 1/144 BARZAM(TITANS)","2420","2200","31460","14.3","12諛?14.3諛?諛섏퐫 怨듭떇 ?뺢? 100% ?쇱튂"
"2344","2021-07","HG","?쒖젙/?대읇G (P-Bandai)","HG 1/144 BARZAM(RE-ZEON CAPTURED)","2420","2200","31460","14.3","12諛?14.3諛?諛섏퐫 怨듭떇 ?뺢? 100% ?쇱튂"
"2345","2021-05","MG","?쒖젙/?대읇G (P-Bandai)","MG 1/100 CROSSBONE GUNDAM X1(PATCHWORK) Ver.Ka","4950","4500","64350","14.3","12諛?14.3諛?諛섏퐫 怨듭떇 ?뺢? 100% ?쇱튂"
"2346","2021-06","MG","?쒖젙/?대읇G (P-Bandai)","MG 1/100 BLAZE ZAKU PHANTOM(REY ZA BURREL CUSTOM)","5170","4700","67210","14.3","12諛?14.3諛?諛섏퐫 怨듭떇 ?뺢? 100% ?쇱튂"
"2347","2021-08","HG","?쒖젙/?대읇G (P-Bandai)","HG 1/144 EXPANSION SET for WINDAM & DAGGER L","1650","1500","21450","14.3","12諛?14.3諛?諛섏퐫 怨듭떇 ?뺢? 100% ?쇱튂"
"2348","2021-09","HG","?쒖젙/?대읇G (P-Bandai)","HG 1/144 MESSER TYPE-F02 (COMMANDER TYPE)","3300","3000","42900","14.3","12諛?14.3諛?諛섏퐫 怨듭떇 ?뺢? 100% ?쇱튂"
"2349","2021-10","HG","?쒖젙/?대읇G (P-Bandai)","HG 1/144 ZAKU DESERT TYPE(DOUBLE ANTENNA TYPE)","2640","2400","34320","14.3","12諛?14.3諛?諛섏퐫 怨듭떇 ?뺢? 100% ?쇱튂"
"235","2003-06","HGUC","?쒖젙/?대읇G (P-Bandai)","HGUC 1/144 HY-GOGG","1650","1500","21450","14.3","12諛?14.3諛?諛섏퐫 怨듭떇 ?뺢? 100% ?쇱튂"
"2350","2022-04","HG","?쒖젙/?대읇G (P-Bandai)","HG 1/144 LOAD ASTRAY Ω","2640","2400","34320","14.3","12諛?14.3諛?諛섏퐫 怨듭떇 ?뺢? 100% ?쇱튂"
"2351","2022-04","MG","?쒖젙/?대읇G (P-Bandai)","MG 1/100 GUNDAM F90 [MARS INDEPENDENT ZEON FORCES TYPE]","5390","4900","70070","14.3","12諛?14.3諛?諛섏퐫 怨듭떇 ?뺢? 100% ?쇱튂"
"2352","2021-09","HG","?쒖젙/?대읇G (P-Bandai)","HG 1/144 LEO-S","2200","2000","28600","14.3","12諛?14.3諛?諛섏퐫 怨듭떇 ?뺢? 100% ?쇱튂"
"2353","2022-10","HG","?쒖젙/?대읇G (P-Bandai)","HG 1/144 GUNDAM L.O.BOOSTER","4180","3800","54340","14.3","12諛?14.3諛?諛섏퐫 怨듭떇 ?뺢? 100% ?쇱튂"
"2354","2022-01","HG","?쒖젙/?대읇G (P-Bandai)","HG 1/144 GUNDAM AESCULAPIUS","4180","3800","54340","14.3","12諛?14.3諛?諛섏퐫 怨듭떇 ?뺢? 100% ?쇱튂"
"2355","2021-08","HG","?쒖젙/?대읇G (P-Bandai)","HG 1/144 PALE RIDER DⅡ (TITANS)","2420","2200","31460","14.3","12諛?14.3諛?諛섏퐫 怨듭떇 ?뺢? 100% ?쇱튂"
"2356","2021-10","HG","?쒖젙/?대읇G (P-Bandai)","HG 1/144 GUNDAM F91 VITAL UNIT 01 & UNIT 02 SET","3190","2900","41470","14.3","12諛?14.3諛?諛섏퐫 怨듭떇 ?뺢? 100% ?쇱튂"
"2357","2022-04","FULL MECHANICS","?쒖젙/?대읇G (P-Bandai)","FULL MECHANICS 1/100 AILE CALAMITY GUNDAM","5500","5000","71500","14.3","12諛?14.3諛?諛섏퐫 怨듭떇 ?뺢? 100% ?쇱튂"
"2358","2021-12","HG","?쒖젙/?대읇G (P-Bandai)","HG 1/144 GUNDAM HARUTE (FINAL BATTLE Ver.)","3300","3000","42900","14.3","12諛?14.3諛?諛섏퐫 怨듭떇 ?뺢? 100% ?쇱튂"
"2359","2022-01","PG","?쒖젙/?대읇G (P-Bandai)","PG 1/60 UNICORN GUNDAM PERFECTIBILITY","34100","31000","443300","14.3","12諛?14.3諛?諛섏퐫 怨듭떇 ?뺢? 100% ?쇱튂"
"236","2003-08","HGUC","?쒖젙/?대읇G (P-Bandai)","HGUC 1/144 MSM-07E Z'GOCK E","1320","1200","17160","14.3","12諛?14.3諛?諛섏퐫 怨듭떇 ?뺢? 100% ?쇱튂"
"2360","2021-10","MG","?쒖젙/?대읇G (P-Bandai)","MG 1/100 TALLGEESE FLUEGEL EW","7040","6400","91520","14.3","12諛?14.3諛?諛섏퐫 怨듭떇 ?뺢? 100% ?쇱튂"
"2361","2022-02","HG","?쒖젙/?대읇G (P-Bandai)","RE/100 1/100 GUNDAM LINDWURM","5500","5000","71500","14.3","12諛?14.3諛?諛섏퐫 怨듭떇 ?뺢? 100% ?쇱튂"
"2362","2022-12","HG","?쒖젙/?대읇G (P-Bandai)","HG 1/144 STRIKE DAGGER","1650","1500","21450","14.3","12諛?14.3諛?諛섏퐫 怨듭떇 ?뺢? 100% ?쇱튂"
"2363","2022-07","MG","?쒖젙/?대읇G (P-Bandai)","MG 1/100 GINN GLADIATOR","6600","6000","85800","14.3","12諛?14.3諛?諛섏퐫 怨듭떇 ?뺢? 100% ?쇱튂"
"2364","2022-10","HG","?쒖젙/?대읇G (P-Bandai)","HG 1/144 RED RIDER","2585","2350","33605","14.3","12諛?14.3諛?諛섏퐫 怨듭떇 ?뺢? 100% ?쇱튂"
"2365","2022-05","HG","?쒖젙/?대읇G (P-Bandai)","HG 1/144 GUNDAM TR-1 [HAZEL OWSLA][GIGANTIC ARM UNIT]","6820","6200","88660","14.3","12諛?14.3諛?諛섏퐫 怨듭떇 ?뺢? 100% ?쇱튂"
"2366","2022-06","HG","?쒖젙/?대읇G (P-Bandai)","HG 1/144 PHANTOM GUNDAM","2750","2500","35750","14.3","12諛?14.3諛?諛섏퐫 怨듭떇 ?뺢? 100% ?쇱튂"
"2367","2022-08","MG","?쒖젙/?대읇G (P-Bandai)","MG 1/100 GUNDAM Ex IMPULSE","6600","6000","85800","14.3","12諛?14.3諛?諛섏퐫 怨듭떇 ?뺢? 100% ?쇱튂"
"2368","2022-03","HG","?쒖젙/?대읇G (P-Bandai)","HG 1/144 GUNDAM AGE-1 RAZOR & GUNDAM AGE-2 ARTIMES Set","3960","3600","51480","14.3","12諛?14.3諛?諛섏퐫 怨듭떇 ?뺢? 100% ?쇱튂"
"2369","2022-07","HG","?쒖젙/?대읇G (P-Bandai)","HG 1/144 MS-06F CUCURUZ DOAN’S ZAKU","2200","2000","28600","14.3","12諛?14.3諛?諛섏퐫 怨듭떇 ?뺢? 100% ?쇱튂"
"237","2003-07","HGUC","?쒖젙/?대읇G (P-Bandai)","HGUC 1/144 RGM-79D GM COLD DISTRICTS TYPE","1210","1100","15730","14.3","12諛?14.3諛?諛섏퐫 怨듭떇 ?뺢? 100% ?쇱튂"
"2370","2022-08","その他","?쒖젙/?대읇G (P-Bandai)","GUNDAM DECAL DX 07","1650","1500","21450","14.3","12諛?14.3諛?諛섏퐫 怨듭떇 ?뺢? 100% ?쇱튂"
"2371","2022-12","HG","?쒖젙/?대읇G (P-Bandai)","HG 1/144 GM SPARTAN","2640","2400","34320","14.3","12諛?14.3諛?諛섏퐫 怨듭떇 ?뺢? 100% ?쇱튂"
"2372","2015-08","HG","?쒖젙/?대읇G (P-Bandai)","HGBF 1/144 GUNDAM DRYON III","1760","1600","22880","14.3","12諛?14.3諛?諛섏퐫 怨듭떇 ?뺢? 100% ?쇱튂"
"2373","2022-11","MG","?쒖젙/?대읇G (P-Bandai)","MG 1/100 ECLIPSE GUNDAM+RAIJIN STRIKER","9020","8200","117260","14.3","12諛?14.3諛?諛섏퐫 怨듭떇 ?뺢? 100% ?쇱튂"
"2374","2022-11","HG","?쒖젙/?대읇G (P-Bandai)","HG 1/144 GM (SLEGGAR)","2090","1900","27170","14.3","12諛?14.3諛?諛섏퐫 怨듭떇 ?뺢? 100% ?쇱튂"
"2375","2016-01","HG","?쒖젙/?대읇G (P-Bandai)","HG 1/144 PROTOTYPE GOUF(MOBILITY DEMONSTRATOR BLUE COLOR Ver.)","1980","1800","25740","14.3","12諛?14.3諛?諛섏퐫 怨듭떇 ?뺢? 100% ?쇱튂"
"2376","2022-09","HG","?쒖젙/?대읇G (P-Bandai)","HG 1/144 RED GIANT 03rd MS TEAM SET","6050","5500","78650","14.3","12諛?14.3諛?諛섏퐫 怨듭떇 ?뺢? 100% ?쇱튂"
"2377","2016-01","HG","?쒖젙/?대읇G (P-Bandai)","HG 1/144 MOBILE WORKER MW-01 MODEL 01 LATE TYPE [RAMBA RAL]","1980","1800","25740","14.3","12諛?14.3諛?諛섏퐫 怨듭떇 ?뺢? 100% ?쇱튂"
"2378","2016-02","HG","?쒖젙/?대읇G (P-Bandai)","HG 1/144 GRAZE ARES COLOR STANDARD TYPE / COMMANDER TYPE","1100","1000","14300","14.3","12諛?14.3諛?諛섏퐫 怨듭떇 ?뺢? 100% ?쇱튂"
"2379","2016-02","HG","?쒖젙/?대읇G (P-Bandai)","HG 1/144 GAELIO’S SCHWALBE GRAZE","1430","1300","18590","14.3","12諛?14.3諛?諛섏퐫 怨듭떇 ?뺢? 100% ?쇱튂"
"238","2003-09","HGUC","?쒖젙/?대읇G (P-Bandai)","HGUC 1/144 ZAKUⅡ MASS PRODUCTION TYPE","1320","1200","17160","14.3","12諛?14.3諛?諛섏퐫 怨듭떇 ?뺢? 100% ?쇱튂"
"2380","2016-03","HG","?쒖젙/?대읇G (P-Bandai)","HGUC 1/144 QUBELEY FUNNEL EFFECT SET","1760","1600","22880","14.3","12諛?14.3諛?諛섏퐫 怨듭떇 ?뺢? 100% ?쇱튂"
"2381","2016-06","HG","?쒖젙/?대읇G (P-Bandai)","HGUC 1/144 GUNCANNON （21stCENTURY REAL TYPE Ver.）","1540","1400","20020","14.3","12諛?14.3諛?諛섏퐫 怨듭떇 ?뺢? 100% ?쇱튂"
"2382","2016-05","HG","?쒖젙/?대읇G (P-Bandai)","HGUC 1/144 GERBERA TETRA (ROLL OUT Ver.)","1760","1600","22880","14.3","12諛?14.3諛?諛섏퐫 怨듭떇 ?뺢? 100% ?쇱튂"
"2383","2016-08","HG","?쒖젙/?대읇G (P-Bandai)","HGBF 1/144 KIRARA'S GERBERA TETRA","1760","1600","22880","14.3","12諛?14.3諛?諛섏퐫 怨듭떇 ?뺢? 100% ?쇱튂"
"2384","2016-05","MG","?쒖젙/?대읇G (P-Bandai)","EXPANSION EFFECT SET FOR MG 1/100 FREEDOM GUNDAM Ver.2.0","2200","2000","28600","14.3","12諛?14.3諛?諛섏퐫 怨듭떇 ?뺢? 100% ?쇱튂"
"2385","2022-02","HG","?쒖젙/?대읇G (P-Bandai)","HG 1/144 WHITE RIDER","2420","2200","31460","14.3","12諛?14.3諛?諛섏퐫 怨듭떇 ?뺢? 100% ?쇱튂"
"2386","2016-05","HG","?쒖젙/?대읇G (P-Bandai)","HGUC 1/144 Dra-C CUSTOM","1760","1600","22880","14.3","12諛?14.3諛?諛섏퐫 怨듭떇 ?뺢? 100% ?쇱튂"
"2387","2016-06","HG","?쒖젙/?대읇G (P-Bandai)","HGBF 1/144 LIGHTNING Z GUNDAM ASPROS","1760","1600","22880","14.3","12諛?14.3諛?諛섏퐫 怨듭떇 ?뺢? 100% ?쇱튂"
"2388","2016-04","その他","?쒖젙/?대읇G (P-Bandai)","1/100 GAELIO’S SCHWALBE GRAZE","3300","3000","42900","14.3","12諛?14.3諛?諛섏퐫 怨듭떇 ?뺢? 100% ?쇱튂"
"2389","2016-12","MG","?쒖젙/?대읇G (P-Bandai)","MG 1/100 HWS EXPANSION SET for ν GUNDAM Ver.Ka","2640","2400","34320","14.3","12諛?14.3諛?諛섏퐫 怨듭떇 ?뺢? 100% ?쇱튂"
"239","2004-01","HGUC","?쒖젙/?대읇G (P-Bandai)","HGUC 1/144 RICK DOMⅡ","1870","1700","24310","14.3","12諛?14.3諛?諛섏퐫 怨듭떇 ?뺢? 100% ?쇱튂"
"2390","2017-03","MG","?쒖젙/?대읇G (P-Bandai)","MG 1/100 GM SNIPERⅡ [WHITE DINGO TEAM CUSTOM]","4620","4200","60060","14.3","12諛?14.3諛?諛섏퐫 怨듭떇 ?뺢? 100% ?쇱튂"
"2391","2021-01","PG","?쒖젙/?대읇G (P-Bandai)","PG 1/60 NARRATIVE Ver. EXPANSION SET FOR UNICORN GUNDAM 03 PHENEX","8800","8000","114400","14.3","12諛?14.3諛?諛섏퐫 怨듭떇 ?뺢? 100% ?쇱튂"
"2392","2021-07","MG","?쒖젙/?대읇G (P-Bandai)","MG 1/100 GUNDAM F91 Ver.2.0 [TITANIUM FINISH]","9680","8800","125840","14.3","12諛?14.3諛?諛섏퐫 怨듭떇 ?뺢? 100% ?쇱튂"
"2393","2021-02","HG","?쒖젙/?대읇G (P-Bandai)","HG 1/144 BOOSTER EXPANSION SET FOR CRUISER MODE (ADVANCE OF Z THE FLAG OF TITANS)","1650","1500","21450","14.3","12諛?14.3諛?諛섏퐫 怨듭떇 ?뺢? 100% ?쇱튂"
"2394","2021-02","HG","?쒖젙/?대읇G (P-Bandai)","HG 1/144 BOOSTER EXPANSION SET FOR CRUISER MODE (COMBAT DEPLOYMENT COLORS)(ADVANCE OF Z THE FLAG OF TITANS)","1650","1500","21450","14.3","12諛?14.3諛?諛섏퐫 怨듭떇 ?뺢? 100% ?쇱튂"
"2395","2021-03","MG","?쒖젙/?대읇G (P-Bandai)","MG 1/100 MISSION PACK I-TYPE[JUPITER BATTLE Ver.] for GUNDAM F90","2640","2400","34320","14.3","12諛?14.3諛?諛섏퐫 怨듭떇 ?뺢? 100% ?쇱튂"
"2396","2022-06","HG","?쒖젙/?대읇G (P-Bandai)","HG 1/144 GUNDAM HEAVYARMS CUSTOM","1650","1500","21450","14.3","12諛?14.3諛?諛섏퐫 怨듭떇 ?뺢? 100% ?쇱튂"
"2397","2022-04","MG","?쒖젙/?대읇G (P-Bandai)","MG 1/100 AVALANCHE´ UNIT FOR GUNDAM ASTRAEA TYPE-F","3300","3000","42900","14.3","12諛?14.3諛?諛섏퐫 怨듭떇 ?뺢? 100% ?쇱튂"
"2398","2021-02","HG","?쒖젙/?대읇G (P-Bandai)","HG1/144 GUNDAM TR-1 [HAZEL OWSLA] NEXT-GENERATION MASS PRODUCTION TYPE/(COMBAT DEPLOYMENT COLORS)(ADVANCE OF Z THE FLAG OF TITANS)","3300","3000","42900","14.3","12諛?14.3諛?諛섏퐫 怨듭떇 ?뺢? 100% ?쇱튂"
"2399","2021-06","HG","?쒖젙/?대읇G (P-Bandai)","HG 1/144 RICK DIAS","2090","1900","27170","14.3","12諛?14.3諛?諛섏퐫 怨듭떇 ?뺢? 100% ?쇱튂"
"24","2014-11-15","HG","?쒖젙/?대읇G (P-Bandai)","HGBC 1/144 Ez-ARMS","660","600","8580","14.3","12諛?14.3諛?諛섏퐫 怨듭떇 ?뺢? 100% ?쇱튂"
"240","2004-02","HGUC","?쒖젙/?대읇G (P-Bandai)","HGUC 1/144 GUNCANNON MASS PRODUCTION TYPE","1320","1200","17160","14.3","12諛?14.3諛?諛섏퐫 怨듭떇 ?뺢? 100% ?쇱튂"
"2400","2021-06","RG","?쒖젙/?대읇G (P-Bandai)","RG 1/144 TALLGEESE Ⅲ [TITANIUM FINISH]","7700","7000","100100","14.3","12諛?14.3諛?諛섏퐫 怨듭떇 ?뺢? 100% ?쇱튂"
"2401","2021-06","MG","?쒖젙/?대읇G (P-Bandai)","MG 1/100 MISSION PACK R-TYPE & V-TYPE for GUNDAM F90","2970","2700","38610","14.3","12諛?14.3諛?諛섏퐫 怨듭떇 ?뺢? 100% ?쇱튂"
"2402","2021-10","MG","?쒖젙/?대읇G (P-Bandai)","MG 1/100 MISSION PACK W-TYPE for GUNDAM F90","2640","2400","34320","14.3","12諛?14.3諛?諛섏퐫 怨듭떇 ?뺢? 100% ?쇱튂"
"2403","2022-09","MG","?쒖젙/?대읇G (P-Bandai)","MG 1/100 MISSION PACK H-TYPE for GUNDAM F90","2310","2100","30030","14.3","12諛?14.3諛?諛섏퐫 怨듭떇 ?뺢? 100% ?쇱튂"
"2404","2021-10","HG","?쒖젙/?대읇G (P-Bandai)","HG 1/144 BAUND DOC (GATES CAPA CUSTOM)","5500","5000","71500","14.3","12諛?14.3諛?諛섏퐫 怨듭떇 ?뺢? 100% ?쇱튂"
"2405","2022-01","PG","?쒖젙/?대읇G (P-Bandai)","PG 1/60 DIVINE EXPANSION SET for UNICORN GUNDAM PERFECTIBILITY","7150","6500","92950","14.3","12諛?14.3諛?諛섏퐫 怨듭떇 ?뺢? 100% ?쇱튂"
"2406","2021-08","MG","?쒖젙/?대읇G (P-Bandai)","MG 1/100 LIGHTNING STRIKER for AILE STRIKE GUNDAM Ver.RM","2970","2700","38610","14.3","12諛?14.3諛?諛섏퐫 怨듭떇 ?뺢? 100% ?쇱튂"
"2407","2021-11","MG","?쒖젙/?대읇G (P-Bandai)","MG 1/100 MANEUVER STRIKER for ECLIPSE GUNDAM","3300","3000","42900","14.3","12諛?14.3諛?諛섏퐫 怨듭떇 ?뺢? 100% ?쇱튂"
"2408","2021-11","RG","?쒖젙/?대읇G (P-Bandai)","RG 1/144 RX-78-2 GUNDAM (TEAM BRIGHT CUSTOM)","3300","3000","42900","14.3","12諛?14.3諛?諛섏퐫 怨듭떇 ?뺢? 100% ?쇱튂"
"2409","2021-11","RG","?쒖젙/?대읇G (P-Bandai)","RG 1/144 HIGH MOBILITY TYPE ZAKUⅡ (TEAM MONSTRE CUSTOM)","3850","3500","50050","14.3","12諛?14.3諛?諛섏퐫 怨듭떇 ?뺢? 100% ?쇱튂"
"241","2004-04","HGUC","?쒖젙/?대읇G (P-Bandai)","HGUC 1/144 GELGOOG JÄGER","1540","1400","20020","14.3","12諛?14.3諛?諛섏퐫 怨듭떇 ?뺢? 100% ?쇱튂"
"2410","2021-12","HG","?쒖젙/?대읇G (P-Bandai)","HG 1/144 UNICORN GUNDAM (DESTROY MODE) Ver.NIKE SB","2420","2200","31460","14.3","12諛?14.3諛?諛섏퐫 怨듭떇 ?뺢? 100% ?쇱튂"
"242","2004-05","HGUC","?쒖젙/?대읇G (P-Bandai)","HGUC 1/144 GM COMMAND","1210","1100","15730","14.3","12諛?14.3諛?諛섏퐫 怨듭떇 ?뺢? 100% ?쇱튂"
"243","2004-06","HGUC","?쒖젙/?대읇G (P-Bandai)","HGUC 1/144 GUNDAM NT-1","1980","1800","25740","14.3","12諛?14.3諛?諛섏퐫 怨듭떇 ?뺢? 100% ?쇱튂"
"244","2004-10","HGUC","?쒖젙/?대읇G (P-Bandai)","HGUC 1/144 G ARMOR","3850","3500","50050","14.3","12諛?14.3諛?諛섏퐫 怨듭떇 ?뺢? 100% ?쇱튂"
"2443","2021-12","HG","?쒖젙/?대읇G (P-Bandai)","HG 1/144 UNICORN GUNDAM 02 BANSHEE(DESTROY MODE) Ver.NIKE SB","2420","2200","31460","14.3","12諛?14.3諛?諛섏퐫 怨듭떇 ?뺢? 100% ?쇱튂"
"2444","2023-06","MG","?쒖젙/?대읇G (P-Bandai)","MG 1/100 MISSION PACK P-TYPE for GUNDAM F90","2860","2600","37180","14.3","12諛?14.3諛?諛섏퐫 怨듭떇 ?뺢? 100% ?쇱튂"
"2447","2023-07","MG","?쒖젙/?대읇G (P-Bandai)","MG 1/100 JOHNNY RIDDEN’S GELGOOG","6380","5800","82940","14.3","12諛?14.3諛?諛섏퐫 怨듭떇 ?뺢? 100% ?쇱튂"
"2448","2023-06","HG","?쒖젙/?대읇G (P-Bandai)","HG 1/144 AQUA-HAMBRABI Ⅱ TITANS (A.O.Z RE-BOOT Ver.)","3080","2800","40040","14.3","12諛?14.3諛?諛섏퐫 怨듭떇 ?뺢? 100% ?쇱튂"
"2449","2022-11","MG","?쒖젙/?대읇G (P-Bandai)","MG 1/100 RAIJIN STRIKER for ECLIPSE GUNDAM","3520","3200","45760","14.3","12諛?14.3諛?諛섏퐫 怨듭떇 ?뺢? 100% ?쇱튂"
"245","2004-11","HGUC","?쒖젙/?대읇G (P-Bandai)","HGUC 1/144 GM COMMAND SPACE","1210","1100","15730","14.3","12諛?14.3諛?諛섏퐫 怨듭떇 ?뺢? 100% ?쇱튂"
"2450","2023-01","MG","?쒖젙/?대읇G (P-Bandai)","MG 1/100 ENHANCED EXPANSION PARTS FOR GUNDAM AGE-1 FULL GLANSA","2970","2700","38610","14.3","12諛?14.3諛?諛섏퐫 怨듭떇 ?뺢? 100% ?쇱튂"
"2451","2023-06","HG","?쒖젙/?대읇G (P-Bandai)","HG 1/144 AQUA-HAMBRABI Ⅱ (A.O.Z RE-BOOT Ver.)","3080","2800","40040","14.3","12諛?14.3諛?諛섏퐫 怨듭떇 ?뺢? 100% ?쇱튂"
"2452","2023-07","RG","?쒖젙/?대읇G (P-Bandai)","RG 1/144 FIN FUNNEL EFFECT for Hi-ν GUNDAM","2970","2700","38610","14.3","12諛?14.3諛?諛섏퐫 怨듭떇 ?뺢? 100% ?쇱튂"
"2454","2024-12","RG","?쒖젙/?대읇G (P-Bandai)","RG 1/144 SHIRANUI unit for AKATSUKI GUNDAM  & CONNECTING PARTS for HG ZEUS SILHOUETTE","4400","4000","57200","14.3","12諛?14.3諛?諛섏퐫 怨듭떇 ?뺢? 100% ?쇱튂"
"2455","2024-01","HG","?쒖젙/?대읇G (P-Bandai)","HG 1/144 MOBILE SUIT GUNDAM THE WITCH FROM MERCURY EXPANSION PARTS SET 1","2200","2000","28600","14.3","12諛?14.3諛?諛섏퐫 怨듭떇 ?뺢? 100% ?쇱튂"
"2456","2024-11","MG","?쒖젙/?대읇G (P-Bandai)","MG 1/100 NARRATIVE GUNDAM B-PACKS Ver.Ka","10450","9500","135850","14.3","12諛?14.3諛?諛섏퐫 怨듭떇 ?뺢? 100% ?쇱튂"
"2457","2018-06","HG","?쒖젙/?대읇G (P-Bandai)","HG 1/144 IO FRAME SHIDEN (TEIWAZ CORPS)","1320","1200","17160","14.3","12諛?14.3諛?諛섏퐫 怨듭떇 ?뺢? 100% ?쇱튂"
"2458","2018-07","MG","?쒖젙/?대읇G (P-Bandai)","MG 1/100 SHIELD BOOSTER EXPANSION SET for GUNDAM TR-1 [HAZEL CUSTOM]","1650","1500","21450","14.3","12諛?14.3諛?諛섏퐫 怨듭떇 ?뺢? 100% ?쇱튂"
"2459","2018-09","HG","?쒖젙/?대읇G (P-Bandai)","HG 1/144 GRAZE RITTER (CARTA CORPS)","1320","1200","17160","14.3","12諛?14.3諛?諛섏퐫 怨듭떇 ?뺢? 100% ?쇱튂"
"246","2005-05","HGUC","?쒖젙/?대읇G (P-Bandai)","HGUC 1/144 GUNDAM MK-Ⅱ + FLYING ARMOR","2200","2000","28600","14.3","12諛?14.3諛?諛섏퐫 怨듭떇 ?뺢? 100% ?쇱튂"
"2460","2019-04","その他","?쒖젙/?대읇G (P-Bandai)","RE/100 1/100 TYPE 89 BASE JABBER (UNICORN Ver.)","3300","3000","42900","14.3","12諛?14.3諛?諛섏퐫 怨듭떇 ?뺢? 100% ?쇱튂"
"2461","2019-02","RG","?쒖젙/?대읇G (P-Bandai)","RG 1/144 UNICORN GUNDAM 02 BANSHEE NORN (FINAL BATTLE Ver.)","4400","4000","57200","14.3","12諛?14.3諛?諛섏퐫 怨듭떇 ?뺢? 100% ?쇱튂"
"2462","2019-04","HG","?쒖젙/?대읇G (P-Bandai)","HG 1/144 DEBORAH’S ADVANCED GN-X","2200","2000","28600","14.3","12諛?14.3諛?諛섏퐫 怨듭떇 ?뺢? 100% ?쇱튂"
"2463","2019-12","HG","?쒖젙/?대읇G (P-Bandai)","HG 1/144 GN-X Ⅳ (Mass Production Type)","1760","1600","22880","14.3","12諛?14.3諛?諛섏퐫 怨듭떇 ?뺢? 100% ?쇱튂"
"2464","2020-10","HG","?쒖젙/?대읇G (P-Bandai)","HG 1/144 GUNDAM G-ELSE(BEFORE)","2090","1900","27170","14.3","12諛?14.3諛?諛섏퐫 怨듭떇 ?뺢? 100% ?쇱튂"
"2465","2023-02","HG","?쒖젙/?대읇G (P-Bandai)","HG 1/144 FULL ARMOR GUNDAM","3300","3000","42900","14.3","12諛?14.3諛?諛섏퐫 怨듭떇 ?뺢? 100% ?쇱튂"
"2466","2023-05","HG","?쒖젙/?대읇G (P-Bandai)","HG 1/144 GUNDAM DEATHSCYTHE HELL","2420","2200","31460","14.3","12諛?14.3諛?諛섏퐫 怨듭떇 ?뺢? 100% ?쇱튂"
"2467","2023-04","RG","?쒖젙/?대읇G (P-Bandai)","RG 1/144 DESTINY IMPULSE GUNDAM","5060","4600","65780","14.3","12諛?14.3諛?諛섏퐫 怨듭떇 ?뺢? 100% ?쇱튂"
"2468","2023-04","MG","?쒖젙/?대읇G (P-Bandai)","MG 1/100 GUNDAM ASTRAY OUT FRAME D","6380","5800","82940","14.3","12諛?14.3諛?諛섏퐫 怨듭떇 ?뺢? 100% ?쇱튂"
"2469","2024-09","HG","?쒖젙/?대읇G (P-Bandai)","HG 1/144 GM NIGHT SEEKER Ⅱ","2860","2600","37180","14.3","12諛?14.3諛?諛섏퐫 怨듭떇 ?뺢? 100% ?쇱튂"
"247","2005-01","HGUC","?쒖젙/?대읇G (P-Bandai)","HGUC 1/144 MARASAI","1760","1600","22880","14.3","12諛?14.3諛?諛섏퐫 怨듭떇 ?뺢? 100% ?쇱튂"
"2470","2023-04","MG","?쒖젙/?대읇G (P-Bandai)","MG 1/100 GUNNER WIZARD/SLASH WIZARD/BLAZE WIZARD SET","3850","3500","50050","14.3","12諛?14.3諛?諛섏퐫 怨듭떇 ?뺢? 100% ?쇱튂"
"2471","2024-03","MG","?쒖젙/?대읇G (P-Bandai)","MG 1/100 MOBILE GINN (MIGUEL AYMAN CUSTOM)","5390","4900","70070","14.3","12諛?14.3諛?諛섏퐫 怨듭떇 ?뺢? 100% ?쇱튂"
"2472","2024-01","RG","?쒖젙/?대읇G (P-Bandai)","ＲＧ 1/144 ダブルオーザンライザー","5280","4800","68640","14.3","12諛?14.3諛?諛섏퐫 怨듭떇 ?뺢? 100% ?쇱튂"
"2473","2023-09","MG","?쒖젙/?대읇G (P-Bandai)","MG 1/100 ECLIPSE GUNDAM REACTOR 2","6600","6000","85800","14.3","12諛?14.3諛?諛섏퐫 怨듭떇 ?뺢? 100% ?쇱튂"
"2474","2023-02","MG","?쒖젙/?대읇G (P-Bandai)","MG 1/100 MISSION PACK HANGAR for GUNDAM F90 TWIN SET","1980","1800","25740","14.3","12諛?14.3諛?諛섏퐫 怨듭떇 ?뺢? 100% ?쇱튂"
"2475","2023-02","MG","?쒖젙/?대읇G (P-Bandai)","MG 1/100 MISSION PACK C-TYPE & T-TYPE for GUNDAM F90","2860","2600","37180","14.3","12諛?14.3諛?諛섏퐫 怨듭떇 ?뺢? 100% ?쇱튂"
"2476","2023-02","MG","?쒖젙/?대읇G (P-Bandai)","MG 1/100 STARK JEGAN","7920","7200","102960","14.3","12諛?14.3諛?諛섏퐫 怨듭떇 ?뺢? 100% ?쇱튂"
"2477","2023-01","MG","?쒖젙/?대읇G (P-Bandai)","MG 1/100 GUNDAM AGE-1 FULL GLANSA [DESIGNERS COLOR Ver.]","7810","7100","101530","14.3","12諛?14.3諛?諛섏퐫 怨듭떇 ?뺢? 100% ?쇱튂"
"2478","2023-04","HG","?쒖젙/?대읇G (P-Bandai)","HG 1/144 VAYEATE SUIVANT & MERCURIUS SUIVANT","5500","5000","71500","14.3","12諛?14.3諛?諛섏퐫 怨듭떇 ?뺢? 100% ?쇱튂"
"2479","2023-02","HG","?쒖젙/?대읇G (P-Bandai)","HG 1/144 GUNDAM ROSE","2915","2650","37895","14.3","12諛?14.3諛?諛섏퐫 怨듭떇 ?뺢? 100% ?쇱튂"
"248","2005-09-17","HGUC","?쒖젙/?대읇G (P-Bandai)","HGUC 1/144 HAZEL CUSTOM","1430","1300","18590","14.3","12諛?14.3諛?諛섏퐫 怨듭떇 ?뺢? 100% ?쇱튂"
"2480","2023-01","HG","?쒖젙/?대읇G (P-Bandai)","HG 1/144 GUNDAM TR-6 [WOUNDWORT] PSYCHO-BLADE CUSTOM (A.O.Z RE-BOOT Ver.)","2640","2400","34320","14.3","12諛?14.3諛?諛섏퐫 怨듭떇 ?뺢? 100% ?쇱튂"
"2482","2024-10","HG","?쒖젙/?대읇G (P-Bandai)","HG 1/144 ALTRON GUNDAM","2640","2400","34320","14.3","12諛?14.3諛?諛섏퐫 怨듭떇 ?뺢? 100% ?쇱튂"
"2483","2023-11","HG","?쒖젙/?대읇G (P-Bandai)","HG 1/144 GUNDAM HAJIROBOSHI 2ND FORM","2860","2600","37180","14.3","12諛?14.3諛?諛섏퐫 怨듭떇 ?뺢? 100% ?쇱튂"
"2484","2023-08","MG","?쒖젙/?대읇G (P-Bandai)","MG 1/100 KÄMPFER SCHWER","6710","6100","87230","14.3","12諛?14.3諛?諛섏퐫 怨듭떇 ?뺢? 100% ?쇱튂"
"2485","2023-11","HG","?쒖젙/?대읇G (P-Bandai)","HG 1/144 GUNDAM GP00(ENGAGE ZERO)","2750","2500","35750","14.3","12諛?14.3諛?諛섏퐫 怨듭떇 ?뺢? 100% ?쇱튂"
"2486","2024-05","FULL MECHANICS","?쒖젙/?대읇G (P-Bandai)","FULL MECHANICS 1/100 SWORD CALAMITY GUNDAM","6050","5500","78650","14.3","12諛?14.3諛?諛섏퐫 怨듭떇 ?뺢? 100% ?쇱튂"
"2487","2023-08","HG","?쒖젙/?대읇G (P-Bandai)","HG 1/144 ZAKU HIGH MOBILITY SURFACE TYPE (WALD)","3080","2800","40040","14.3","12諛?14.3諛?諛섏퐫 怨듭떇 ?뺢? 100% ?쇱튂"
"2488","2023-06","HG","?쒖젙/?대읇G (P-Bandai)","HG 1/144 GM (MOROCCAN FRONT TYPE)","2200","2000","28600","14.3","12諛?14.3諛?諛섏퐫 怨듭떇 ?뺢? 100% ?쇱튂"
"2489","2024-03","HG","?쒖젙/?대읇G (P-Bandai)","","2750","2500","35750","14.3","12諛?14.3諛?諛섏퐫 怨듭떇 ?뺢? 100% ?쇱튂"
"249","2006-03-18","HGUC","?쒖젙/?대읇G (P-Bandai)","HGUC 1/144 GRYPHIOS WAR SET","4620","4200","60060","14.3","12諛?14.3諛?諛섏퐫 怨듭떇 ?뺢? 100% ?쇱튂"
"2490","2024-03","HG","?쒖젙/?대읇G (P-Bandai)","HG 1/144 ZAKU HIGH MOBILITY SURFACE TYPE (DANAN)","2750","2500","35750","14.3","12諛?14.3諛?諛섏퐫 怨듭떇 ?뺢? 100% ?쇱튂"
"2491","2023-08","HG","?쒖젙/?대읇G (P-Bandai)","HG 1/144 ZAKU HIGH MOBILITY SURFACE TYPE (SELMA)","2970","2700","38610","14.3","12諛?14.3諛?諛섏퐫 怨듭떇 ?뺢? 100% ?쇱튂"
"2492","2023-11","MG","?쒖젙/?대읇G (P-Bandai)","MG 1/100 MISSION PACK J-TYPE & Q-TYPE for GUNDAM F90","2860","2600","37180","14.3","12諛?14.3諛?諛섏퐫 怨듭떇 ?뺢? 100% ?쇱튂"
"2493","2024-11","MG","?쒖젙/?대읇G (P-Bandai)","MG 1/100 B-PACKS EXPANSION SET for NARRATIVE GUNDAM C-PACKS Ver.Ka","6600","6000","85800","14.3","12諛?14.3諛?諛섏퐫 怨듭떇 ?뺢? 100% ?쇱튂"
"2494","2024-12","FULL MECHANICS","?쒖젙/?대읇G (P-Bandai)","FULL MECHANICS 1/100 BOOST RAIDER GUNDAM","6600","6000","85800","14.3","12諛?14.3諛?諛섏퐫 怨듭떇 ?뺢? 100% ?쇱튂"
"2495","2023-10","HG","?쒖젙/?대읇G (P-Bandai)","HG 1/144 GHOST GUNDAM","6930","6300","90090","14.3","12諛?14.3諛?諛섏퐫 怨듭떇 ?뺢? 100% ?쇱튂"
"2496","2023-09","HG","?쒖젙/?대읇G (P-Bandai)","HG 1/144 OLTLINDE","2420","2200","31460","14.3","12諛?14.3諛?諛섏퐫 怨듭떇 ?뺢? 100% ?쇱튂"
"2497","2023-07","HG","?쒖젙/?대읇G (P-Bandai)","HG 1/144 GUNDAM LFRITH JIU","1980","1800","25740","14.3","12諛?14.3諛?諛섏퐫 怨듭떇 ?뺢? 100% ?쇱튂"
"2498","2024-02","HG","?쒖젙/?대읇G (P-Bandai)","HG 1/144 GAPLANT TR-5 [HRAIROO] with GIGANTIC ARM UNIT  (A.O.Z RE-BOOT Ver.)","7150","6500","92950","14.3","12諛?14.3諛?諛섏퐫 怨듭떇 ?뺢? 100% ?쇱튂"
"2499","2024-02","HG","?쒖젙/?대읇G (P-Bandai)","HG 1/144 GAPLANT TR-5 [HRAIROO] (TITANS) (A.O.Z RE-BOOT Ver.)","3630","3300","47190","14.3","12諛?14.3諛?諛섏퐫 怨듭떇 ?뺢? 100% ?쇱튂"
"25","2014-11-08","HG","?쒖젙/?대읇G (P-Bandai)","HGBC 1/144 LIGHTNING BACK WEAPON SYSTEM","880","800","11440","14.3","12諛?14.3諛?諛섏퐫 怨듭떇 ?뺢? 100% ?쇱튂"
"250","2005-11-26","HGUC","?쒖젙/?대읇G (P-Bandai)","HGUC 1/144 HAZEL HIGH MANEUVER","1760","1600","22880","14.3","12諛?14.3諛?諛섏퐫 怨듭떇 ?뺢? 100% ?쇱튂"
"2501","2023-12","HG","?쒖젙/?대읇G (P-Bandai)","HG 1/144 GUNDAM LFRITH ANAVATA","2090","1900","27170","14.3","12諛?14.3諛?諛섏퐫 怨듭떇 ?뺢? 100% ?쇱튂"
"2502","2023-07","HG","?쒖젙/?대읇G (P-Bandai)","HG 1/144 GUNDAM AERIAL (PERMET SCORE SIX)","2200","2000","28600","14.3","12諛?14.3諛?諛섏퐫 怨듭떇 ?뺢? 100% ?쇱튂"
"2503","2023-12","Figure-rise Standard","?쒖젙/?대읇G (P-Bandai)","Figure-rise Standard SULETTA MERCURY (REGULAR UNIFORM Ver.)","4180","3800","54340","14.3","12諛?14.3諛?諛섏퐫 怨듭떇 ?뺢? 100% ?쇱튂"
"2504","2023-12","HG","?쒖젙/?대읇G (P-Bandai)","HG 1/144 DEMI GARRISON","2530","2300","32890","14.3","12諛?14.3諛?諛섏퐫 怨듭떇 ?뺢? 100% ?쇱튂"
"2505","2024-06","MG","?쒖젙/?대읇G (P-Bandai)","MG 1/100 GUNDAM F90 N-TYPE","6600","6000","85800","14.3","12諛?14.3諛?諛섏퐫 怨듭떇 ?뺢? 100% ?쇱튂"
"2506","2024-10","MG","?쒖젙/?대읇G (P-Bandai)","MG 1/100 F90ⅢY CLUSTER GUNDAM","6600","6000","85800","14.3","12諛?14.3諛?諛섏퐫 怨듭떇 ?뺢? 100% ?쇱튂"
"2507","2024-10","HG","?쒖젙/?대읇G (P-Bandai)","HG 1/144 GELGOOG Menace","3190","2900","41470","14.3","12諛?14.3諛?諛섏퐫 怨듭떇 ?뺢? 100% ?쇱튂"
"2508","2024-08","HG","?쒖젙/?대읇G (P-Bandai)","HG 1/144 GYAN Strom (HILDA HAKEN CUSTOM)","3190","2900","41470","14.3","12諛?14.3諛?諛섏퐫 怨듭떇 ?뺢? 100% ?쇱튂"
"251","2006-01-21","HGUC","?쒖젙/?대읇G (P-Bandai)","HGUC 1/144 DOM/ RICK-DOM","2090","1900","27170","14.3","12諛?14.3諛?諛섏퐫 怨듭떇 ?뺢? 100% ?쇱튂"
"2511","2024-02","HG","?쒖젙/?대읇G (P-Bandai)","HG 1/144 G-LINE STANDARD ARMOR","3300","3000","42900","14.3","12諛?14.3諛?諛섏퐫 怨듭떇 ?뺢? 100% ?쇱튂"
"2512","2024-05","HG","?쒖젙/?대읇G (P-Bandai)","HG 1/144 HEINGRA","1980","1800","25740","14.3","12諛?14.3諛?諛섏퐫 怨듭떇 ?뺢? 100% ?쇱튂"
"2513","2024-05","HG","?쒖젙/?대읇G (P-Bandai)","HG 1/144 GUNDAM LFRITH PRE-PRODUCTION MODEL","2420","2200","31460","14.3","12諛?14.3諛?諛섏퐫 怨듭떇 ?뺢? 100% ?쇱튂"
"2514","2024-06","HG","?쒖젙/?대읇G (P-Bandai)","HG 1/144 GUNDNODE","2420","2200","31460","14.3","12諛?14.3諛?諛섏퐫 怨듭떇 ?뺢? 100% ?쇱튂"
"2515","2024-07","HG","?쒖젙/?대읇G (P-Bandai)","HG 1/144 GUNDAM BURN LAPIUS","4180","3800","54340","14.3","12諛?14.3諛?諛섏퐫 怨듭떇 ?뺢? 100% ?쇱튂"
"2516","2024-08","MG","?쒖젙/?대읇G (P-Bandai)","MG 1/100 GUNDAM STORMBRINGER P.F.","7590","6900","98670","14.3","12諛?14.3諛?諛섏퐫 怨듭떇 ?뺢? 100% ?쇱튂"
"2517","2024-08","RG","?쒖젙/?대읇G (P-Bandai)","RG 1/144 WEAPON SET for RX-78-2 GUNDAM Ver.2.0","2420","2200","31460","14.3","12諛?14.3諛?諛섏퐫 怨듭떇 ?뺢? 100% ?쇱튂"
"2518","2024-08","HG","?쒖젙/?대읇G (P-Bandai)","HG 1/144 GUNDAM TR-6 [BARZAMⅡ] RE-ZEON CAPTURED (A.O.Z RE-BOOT Ver.)","5280","4800","68640","14.3","12諛?14.3諛?諛섏퐫 怨듭떇 ?뺢? 100% ?쇱튂"
"2519","2024-06","HG","?쒖젙/?대읇G (P-Bandai)","HG 1/144 GUNDAM CALIBARN (PERMET SCORE FIVE)","2200","2000","28600","14.3","12諛?14.3諛?諛섏퐫 怨듭떇 ?뺢? 100% ?쇱튂"
"252","2006-01-21","HGUC","?쒖젙/?대읇G (P-Bandai)","HGUC 1/144 DOM TRIPLE SET","4400","4000","57200","14.3","12諛?14.3諛?諛섏퐫 怨듭떇 ?뺢? 100% ?쇱튂"
"2520","2024-04","HG","?쒖젙/?대읇G (P-Bandai)","HG 1/144 DARK DAGGER L","1650","1500","21450","14.3","12諛?14.3諛?諛섏퐫 怨듭떇 ?뺢? 100% ?쇱튂"
"2521","2024-10","HG","?쒖젙/?대읇G (P-Bandai)","HG 1/144 BEGUIR-BEU TORCHE (KENANJI TEAM/RIDRICK TEAM)","2420","2200","31460","14.3","12諛?14.3諛?諛섏퐫 怨듭떇 ?뺢? 100% ?쇱튂"
"2522","2024-07","FULL MECHANICS","?쒖젙/?대읇G (P-Bandai)","FULL MECHANICS 1/100 GUNDAM AERIAL (PERMET SCORE SIX)","5500","5000","71500","14.3","12諛?14.3諛?諛섏퐫 怨듭떇 ?뺢? 100% ?쇱튂"
"2523","2024-12","HG","?쒖젙/?대읇G (P-Bandai)","HG 1/144 HI-ZACK CUSTOM (A.O.Z RE-BOOT Ver.)","3080","2800","40040","14.3","12諛?14.3諛?諛섏퐫 怨듭떇 ?뺢? 100% ?쇱튂"
"2525","2019-02","その他","?쒖젙/?대읇G (P-Bandai)","HI-RESOLUTION MODEL 1/100 WING GUNDAM EW","14850","13500","193050","14.3","12諛?14.3諛?諛섏퐫 怨듭떇 ?뺢? 100% ?쇱튂"
"2526","2019-03","HG","?쒖젙/?대읇G (P-Bandai)","HG 1/144 REGELGU (UNICORN Ver.)","2750","2500","35750","14.3","12諛?14.3諛?諛섏퐫 怨듭떇 ?뺢? 100% ?쇱튂"
"2527","2019-02","MG","?쒖젙/?대읇G (P-Bandai)","MG 1/100 GUNDAM ASTRAY RED DRAGON","8140","7400","105820","14.3","12諛?14.3諛?諛섏퐫 怨듭떇 ?뺢? 100% ?쇱튂"
"2528","2019-01","HG","?쒖젙/?대읇G (P-Bandai)","HG 1/144 JEGAN TYPE-D (ESCORT TYPE)","2200","2000","28600","14.3","12諛?14.3諛?諛섏퐫 怨듭떇 ?뺢? 100% ?쇱튂"
"2529","2019-01","HG","?쒖젙/?대읇G (P-Bandai)","HG 1/144 LEO (FLIGHT UNIT TYPE)","1870","1700","24310","14.3","12諛?14.3諛?諛섏퐫 怨듭떇 ?뺢? 100% ?쇱튂"
"253","2006-05-31","HGUC","?쒖젙/?대읇G (P-Bandai)","HGUC 1/144 ZAKUⅠ","1320","1200","17160","14.3","12諛?14.3諛?諛섏퐫 怨듭떇 ?뺢? 100% ?쇱튂"
"2530","2019-01","MG","?쒖젙/?대읇G (P-Bandai)","MG 1/100 GMⅡ SEMI STRIKER","5060","4600","65780","14.3","12諛?14.3諛?諛섏퐫 怨듭떇 ?뺢? 100% ?쇱튂"
"2531","2019-03","RE/100","?쒖젙/?대읇G (P-Bandai)","RE/100 1/100 GUN BLASTER","3850","3500","50050","14.3","12諛?14.3諛?諛섏퐫 怨듭떇 ?뺢? 100% ?쇱튂"
"2532","2019-02","HG","?쒖젙/?대읇G (P-Bandai)","HG 1/144 GUNDAM TR-6[HAZELⅡ]","2640","2400","34320","14.3","12諛?14.3諛?諛섏퐫 怨듭떇 ?뺢? 100% ?쇱튂"
"2533","2019-06","HG","?쒖젙/?대읇G (P-Bandai)","HG 1/144 ZAKU CANNON","2420","2200","31460","14.3","12諛?14.3諛?諛섏퐫 怨듭떇 ?뺢? 100% ?쇱튂"
"2534","2019-04","MG","?쒖젙/?대읇G (P-Bandai)","MG 1/100 JEGAN TYPE-D","5060","4600","65780","14.3","12諛?14.3諛?諛섏퐫 怨듭떇 ?뺢? 100% ?쇱튂"
"2535","2019-10","HG","?쒖젙/?대읇G (P-Bandai)","HG 1/144 SECOND V","2200","2000","28600","14.3","12諛?14.3諛?諛섏퐫 怨듭떇 ?뺢? 100% ?쇱튂"
"2536","2019-01","MG","?쒖젙/?대읇G (P-Bandai)","MG 1/100 HYAKU-SHIKI CRASH","6380","5800","82940","14.3","12諛?14.3諛?諛섏퐫 怨듭떇 ?뺢? 100% ?쇱튂"
"2537","2019-02","HG","?쒖젙/?대읇G (P-Bandai)","HG 1/144 Ⅱ NEO ZEONG (NARRATIVE Ver.)","28600","26000","371800","14.3","12諛?14.3諛?諛섏퐫 怨듭떇 ?뺢? 100% ?쇱튂"
"2538","2019-04","MG","?쒖젙/?대읇G (P-Bandai)","MG 1/100 JESTA (SHEZARR TYPE, TEAM B&C)","5280","4800","68640","14.3","12諛?14.3諛?諛섏퐫 怨듭떇 ?뺢? 100% ?쇱튂"
"2539","2019-04","MG","?쒖젙/?대읇G (P-Bandai)","MG 1/100 DWADGE","5940","5400","77220","14.3","12諛?14.3諛?諛섏퐫 怨듭떇 ?뺢? 100% ?쇱튂"
"254","2006-06-10","HGUC","?쒖젙/?대읇G (P-Bandai)","HGUC 1/144 ZUDAH","1760","1600","22880","14.3","12諛?14.3諛?諛섏퐫 怨듭떇 ?뺢? 100% ?쇱튂"
"2540","2019-05","MG","?쒖젙/?대읇G (P-Bandai)","MG 1/100 Re-GZ CUSTOM","6600","6000","85800","14.3","12諛?14.3諛?諛섏퐫 怨듭떇 ?뺢? 100% ?쇱튂"
"2541","2019-08","MG","?쒖젙/?대읇G (P-Bandai)","MG 1/100 GUNDAM F90","4840","4400","62920","14.3","12諛?14.3諛?諛섏퐫 怨듭떇 ?뺢? 100% ?쇱튂"
"2542","2019-10","HG","?쒖젙/?대읇G (P-Bandai)","HG 1/144 GUNDAM TR-6 [HAZE’N-THLEYⅡ] (ADVANCE OF Z THE FLAG OF TITANS)","1760","1600","22880","14.3","12諛?14.3諛?諛섏퐫 怨듭떇 ?뺢? 100% ?쇱튂"
"2543","2019-11","RE/100","?쒖젙/?대읇G (P-Bandai)","RE/100 1/100 VIGNA-ZIRAH","4840","4400","62920","14.3","12諛?14.3諛?諛섏퐫 怨듭떇 ?뺢? 100% ?쇱튂"
"2544","2019-11","MG","?쒖젙/?대읇G (P-Bandai)","MG 1/100 DWADGE CUSTOM","6050","5500","78650","14.3","12諛?14.3諛?諛섏퐫 怨듭떇 ?뺢? 100% ?쇱튂"
"2545","2020-02","HG","?쒖젙/?대읇G (P-Bandai)","HG 1/144 GUNDAM TR-6 [HAZE’N-THLEYⅡ RAH](ADVANCE OF Z THE FLAG OF TITANS)","6490","5900","84370","14.3","12諛?14.3諛?諛섏퐫 怨듭떇 ?뺢? 100% ?쇱튂"
"2546","2019-12","MG","?쒖젙/?대읇G (P-Bandai)","MG 1/100 Re-GZ (UNICORN Ver.)","6270","5700","81510","14.3","12諛?14.3諛?諛섏퐫 怨듭떇 ?뺢? 100% ?쇱튂"
"2547","2019-12","RG","?쒖젙/?대읇G (P-Bandai)","RG 1/144 CROSSBONE GUNDAM X2","3190","2900","41470","14.3","12諛?14.3諛?諛섏퐫 怨듭떇 ?뺢? 100% ?쇱튂"
"2548","2019-06","RG","?쒖젙/?대읇G (P-Bandai)","RG 1/144 GUNDAM EXIA REPAIRⅢ","3300","3000","42900","14.3","12諛?14.3諛?諛섏퐫 怨듭떇 ?뺢? 100% ?쇱튂"
"2549","2019-06","MG","?쒖젙/?대읇G (P-Bandai)","MG 1/100 GM (COLD DISTRICTS TYPE)","4290","3900","55770","14.3","12諛?14.3諛?諛섏퐫 怨듭떇 ?뺢? 100% ?쇱튂"
"255","2006-09-23","HGUC","?쒖젙/?대읇G (P-Bandai)","HGUC 1/144 GUNDAM HAZEL TR-1 [HAZEL No.2]","1650","1500","21450","14.3","12諛?14.3諛?諛섏퐫 怨듭떇 ?뺢? 100% ?쇱튂"
"2550","2019-07","HG","?쒖젙/?대읇G (P-Bandai)","HG 1/144 GUSTAV KARL (GIHREN’S GREED Ver.)","2640","2400","34320","14.3","12諛?14.3諛?諛섏퐫 怨듭떇 ?뺢? 100% ?쇱튂"
"2551","2019-11","HG","?쒖젙/?대읇G (P-Bandai)","HG 1/144 GUNDAM G06 (MUDROCK)","2420","2200","31460","14.3","12諛?14.3諛?諛섏퐫 怨듭떇 ?뺢? 100% ?쇱튂"
"2552","2020-01","HG","?쒖젙/?대읇G (P-Bandai)","HG 1/144 LEO (FULL WEAPON SET)","2310","2100","30030","14.3","12諛?14.3諛?諛섏퐫 怨듭떇 ?뺢? 100% ?쇱튂"
"2553","2019-09","MG","?쒖젙/?대읇G (P-Bandai)","MG 1/100 GUNDAM TR-1 [HAZELⅡ] EARLY TYPE / HAZEL RESERVE UNIT / GM QUEL","5500","5000","71500","14.3","12諛?14.3諛?諛섏퐫 怨듭떇 ?뺢? 100% ?쇱튂"
"2554","2019-06","その他","?쒖젙/?대읇G (P-Bandai)","RE/100 1/100 GUN EZ GROUND TYPE","3850","3500","50050","14.3","12諛?14.3諛?諛섏퐫 怨듭떇 ?뺢? 100% ?쇱튂"
"2555","2019-07","HG","?쒖젙/?대읇G (P-Bandai)","HG 1/144 MAGANAC (RASID CUSTOM / ABDUL CUSTOM)","1760","1600","22880","14.3","12諛?14.3諛?諛섏퐫 怨듭떇 ?뺢? 100% ?쇱튂"
"2556","2019-08","HG","?쒖젙/?대읇G (P-Bandai)","HG 1/144 MAGANAC (AUDA CUSTOM / AHMAD CUSTOM)","1760","1600","22880","14.3","12諛?14.3諛?諛섏퐫 怨듭떇 ?뺢? 100% ?쇱튂"
"2557","2019-08","HG","?쒖젙/?대읇G (P-Bandai)","HG 1/144 MAGANAC 36-PIECE SET","49500","45000","643500","14.3","12諛?14.3諛?諛섏퐫 怨듭떇 ?뺢? 100% ?쇱튂"
"2558","2019-11","その他","?쒖젙/?대읇G (P-Bandai)","LEGENDBB SHINSEI DAISHOGUN","5060","4600","65780","14.3","12諛?14.3諛?諛섏퐫 怨듭떇 ?뺢? 100% ?쇱튂"
"2559","2019-08","MG","?쒖젙/?대읇G (P-Bandai)","MG 1/100 CROSSBONE GUNDAM X-0 Ver.Ka","4840","4400","62920","14.3","12諛?14.3諛?諛섏퐫 怨듭떇 ?뺢? 100% ?쇱튂"
"256","2006-08-26","HGUC","?쒖젙/?대읇G (P-Bandai)","HGUC 1/144 ZAKUⅠ BLACK TRI STARS","1320","1200","17160","14.3","12諛?14.3諛?諛섏퐫 怨듭떇 ?뺢? 100% ?쇱튂"
"2560","2019-08","HG","?쒖젙/?대읇G (P-Bandai)","HG 1/144 DO-DAI KAI","1320","1200","17160","14.3","12諛?14.3諛?諛섏퐫 怨듭떇 ?뺢? 100% ?쇱튂"
"2561","2019-08","HG","?쒖젙/?대읇G (P-Bandai)","HG 1/144 MEGA BAZOOKA LAUNCHER (CONROY USE)","1650","1500","21450","14.3","12諛?14.3諛?諛섏퐫 怨듭떇 ?뺢? 100% ?쇱튂"
"2562","2019-10","MG","?쒖젙/?대읇G (P-Bandai)","MG 1/100 PHILIP HUGHS’S GM DOMINANCE","6490","5900","84370","14.3","12諛?14.3諛?諛섏퐫 怨듭떇 ?뺢? 100% ?쇱튂"
"2563","2019-08","RG","?쒖젙/?대읇G (P-Bandai)","RG 1/144 TALLGEESE Ⅲ","3300","3000","42900","14.3","12諛?14.3諛?諛섏퐫 怨듭떇 ?뺢? 100% ?쇱튂"
"2564","2019-11","HG","?쒖젙/?대읇G (P-Bandai)","HG 1/144 GM SNIPER CUSTOM (with MISSILE LAUNCHER)","2530","2300","32890","14.3","12諛?14.3諛?諛섏퐫 怨듭떇 ?뺢? 100% ?쇱튂"
"2565","2020-11","HG","?쒖젙/?대읇G (P-Bandai)","HG 1/144 GM CANNON (with ROCKET BAZOOKA)","2530","2300","32890","14.3","12諛?14.3諛?諛섏퐫 怨듭떇 ?뺢? 100% ?쇱튂"
"2566","2021-01","HG","?쒖젙/?대읇G (P-Bandai)","HG 1/144 GM GUARD CUSTOM (with E-2 BEAM SPRAY GUN)","2530","2300","32890","14.3","12諛?14.3諛?諛섏퐫 怨듭떇 ?뺢? 100% ?쇱튂"
"2567","2019-09","RG","?쒖젙/?대읇G (P-Bandai)","RG 1/144 PERFECT STRIKE GUNDAM","4400","4000","57200","14.3","12諛?14.3諛?諛섏퐫 怨듭떇 ?뺢? 100% ?쇱튂"
"2568","2020-06","MG","?쒖젙/?대읇G (P-Bandai)","MG 1/100 JEGAN TYPE-D (FIRST DEPLOYMENT TYPE)","5500","5000","71500","14.3","12諛?14.3諛?諛섏퐫 怨듭떇 ?뺢? 100% ?쇱튂"
"2569","2020-02","HG","?쒖젙/?대읇G (P-Bandai)","HG 1/144 ELDORA DAUGHTRESS","1760","1600","22880","14.3","12諛?14.3諛?諛섏퐫 怨듭떇 ?뺢? 100% ?쇱튂"
"257","2006-11-29","HGUC","?쒖젙/?대읇G (P-Bandai)","HGUC 1/144 ZAKU I SNIPER TYPE","1540","1400","20020","14.3","12諛?14.3諛?諛섏퐫 怨듭떇 ?뺢? 100% ?쇱튂"
"2570","2020-03","HG","?쒖젙/?대읇G (P-Bandai)","HG 1/144 DOUG SCHNEID’S EFREET","2640","2400","34320","14.3","12諛?14.3諛?諛섏퐫 怨듭떇 ?뺢? 100% ?쇱튂"
"2571","2019-06","RG","?쒖젙/?대읇G (P-Bandai)","RG 1/144 Gundam Astray Gold Frame Amatsu Hana","3300","3000","42900","14.3","12諛?14.3諛?諛섏퐫 怨듭떇 ?뺢? 100% ?쇱튂"
"2572","2020-02","HG","?쒖젙/?대읇G (P-Bandai)","HG 1/144 SLAVE WRAITH (PARACHUTE PACK)","2420","2200","31460","14.3","12諛?14.3諛?諛섏퐫 怨듭떇 ?뺢? 100% ?쇱튂"
"2573","2020-01","HG","?쒖젙/?대읇G (P-Bandai)","HG 1/144 BUILD Γ GUNDAM","1760","1600","22880","14.3","12諛?14.3諛?諛섏퐫 怨듭떇 ?뺢? 100% ?쇱튂"
"2574","2020-02","HG","?쒖젙/?대읇G (P-Bandai)","HG 1/144 PIXY (FRED REBER CUSTOM)","2200","2000","28600","14.3","12諛?14.3諛?諛섏퐫 怨듭떇 ?뺢? 100% ?쇱튂"
"2575","2020-02","RG","?쒖젙/?대읇G (P-Bandai)","RG 1/144 UNICORN GUNDAM 03 PHENEX (NARRATIVE Ver.)","12760","11600","165880","14.3","12諛?14.3諛?諛섏퐫 怨듭떇 ?뺢? 100% ?쇱튂"
"2576","2020-01","MG","?쒖젙/?대읇G (P-Bandai)","MG 1/100 BLAST IMPULSE GUNDAM","5500","5000","71500","14.3","12諛?14.3諛?諛섏퐫 怨듭떇 ?뺢? 100% ?쇱튂"
"2577","2020-04","MG","?쒖젙/?대읇G (P-Bandai)","MG 1/100 SLASH ZAKU PHANTOM (YZAK JULE CUSTOM)","4950","4500","64350","14.3","12諛?14.3諛?諛섏퐫 怨듭떇 ?뺢? 100% ?쇱튂"
"2578","2020-01","RG","?쒖젙/?대읇G (P-Bandai)","RG 1/144 MS-06R-1A UMA LIGHTNING’S ZAKU Ⅱ","3300","3000","42900","14.3","12諛?14.3諛?諛섏퐫 怨듭떇 ?뺢? 100% ?쇱튂"
"2579","2020-05","HG","?쒖젙/?대읇G (P-Bandai)","HG 1/144 GUNDAM GEMINASS 01","2200","2000","28600","14.3","12諛?14.3諛?諛섏퐫 怨듭떇 ?뺢? 100% ?쇱튂"
"258","2006-12-09","HGUC","?쒖젙/?대읇G (P-Bandai)","HGUC 1/144 GM STRIKER","1540","1400","20020","14.3","12諛?14.3諛?諛섏퐫 怨듭떇 ?뺢? 100% ?쇱튂"
"2580","2020-05","RE/100","?쒖젙/?대읇G (P-Bandai)","RE/100 1/100 SHOKEW","4180","3800","54340","14.3","12諛?14.3諛?諛섏퐫 怨듭떇 ?뺢? 100% ?쇱튂"
"2581","2020-06","HG","?쒖젙/?대읇G (P-Bandai)","HG 1/144 GUNDAM TR-6 [KEHAARⅡ] (ADVANCE OF Z THE FLAG OF TITANS)","3850","3500","50050","14.3","12諛?14.3諛?諛섏퐫 怨듭떇 ?뺢? 100% ?쇱튂"
"2582","2020-06","HG","?쒖젙/?대읇G (P-Bandai)","HG 1/144 GUNDAM TR-6 [KEHAARⅡ] (ADVANCE OF Z THE FLAG OF TITANS)","2750","2500","35750","14.3","12諛?14.3諛?諛섏퐫 怨듭떇 ?뺢? 100% ?쇱튂"
"2583","2020-10","HG","?쒖젙/?대읇G (P-Bandai)","HG 1/144 DAUGHTRESS","1540","1400","20020","14.3","12諛?14.3諛?諛섏퐫 怨듭떇 ?뺢? 100% ?쇱튂"
"2584","2020-10","HG","?쒖젙/?대읇G (P-Bandai)","HG 1/144 GUNDAM AIRMASTER BURST","2750","2500","35750","14.3","12諛?14.3諛?諛섏퐫 怨듭떇 ?뺢? 100% ?쇱튂"
"2585","2020-04","HG","?쒖젙/?대읇G (P-Bandai)","HG 1/144 VARGUIL","2750","2500","35750","14.3","12諛?14.3諛?諛섏퐫 怨듭떇 ?뺢? 100% ?쇱튂"
"2586","2020-10","MG","?쒖젙/?대읇G (P-Bandai)","MG 1/100 TESTAMENT GUNDAM","6270","5700","81510","14.3","12諛?14.3諛?諛섏퐫 怨듭떇 ?뺢? 100% ?쇱튂"
"2587","2020-05","HG","?쒖젙/?대읇G (P-Bandai)","HG 1/144 GUNDAM G04","2475","2250","32175","14.3","12諛?14.3諛?諛섏퐫 怨듭떇 ?뺢? 100% ?쇱튂"
"2588","2020-09","HG","?쒖젙/?대읇G (P-Bandai)","HG 1/144 ELDORA WINDAM","1760","1600","22880","14.3","12諛?14.3諛?諛섏퐫 怨듭떇 ?뺢? 100% ?쇱튂"
"2589","2020-08","HG","?쒖젙/?대읇G (P-Bandai)","HG 1/144 GM NIGHT SEEKER","2530","2300","32890","14.3","12諛?14.3諛?諛섏퐫 怨듭떇 ?뺢? 100% ?쇱튂"
"259","2006-12-23","HGUC","?쒖젙/?대읇G (P-Bandai)","HGUC 1/144 ORX-005 GAPLANT TR-5 HRAIROO","2640","2400","34320","14.3","12諛?14.3諛?諛섏퐫 怨듭떇 ?뺢? 100% ?쇱튂"
"2590","2020-09","HG","?쒖젙/?대읇G (P-Bandai)","HG 1/144 ASSAULT BOOSTER & HIGH MOBILITY UNIT for GUNDAM GEMINASS 01","1760","1600","22880","14.3","12諛?14.3諛?諛섏퐫 怨듭떇 ?뺢? 100% ?쇱튂"
"2591","2020-10","MG","?쒖젙/?대읇G (P-Bandai)","MG 1/100 GUNDAM SANDROCK EW (ARMADILLO UNIT)","6380","5800","82940","14.3","12諛?14.3諛?諛섏퐫 怨듭떇 ?뺢? 100% ?쇱튂"
"2592","2020-07","MG","?쒖젙/?대읇G (P-Bandai)","MG 1/100 GUNDAM F90Ⅱ I-TYPE","5500","5000","71500","14.3","12諛?14.3諛?諛섏퐫 怨듭떇 ?뺢? 100% ?쇱튂"
"2593","2020-10","MG","?쒖젙/?대읇G (P-Bandai)","MG 1/100 EXPANSION PARTS SET for GUNDAM BARBATOS","3410","3100","44330","14.3","12諛?14.3諛?諛섏퐫 怨듭떇 ?뺢? 100% ?쇱튂"
"2594","2020-08","MG","?쒖젙/?대읇G (P-Bandai)","MG 1/100 GUNDAM ASTRAY RED FRAME FLIGHT UNIT","7150","6500","92950","14.3","12諛?14.3諛?諛섏퐫 怨듭떇 ?뺢? 100% ?쇱튂"
"2595","2020-09","HG","?쒖젙/?대읇G (P-Bandai)","HG 1/144 GUNDAM PLUTONE","2420","2200","31460","14.3","12諛?14.3諛?諛섏퐫 怨듭떇 ?뺢? 100% ?쇱튂"
"2596","2020-08","HG","?쒖젙/?대읇G (P-Bandai)","HG 1/144 QUATTRO BAJEENA’S RICK DIAS","2090","1900","27170","14.3","12諛?14.3諛?諛섏퐫 怨듭떇 ?뺢? 100% ?쇱튂"
"2597","2020-08","MG","?쒖젙/?대읇G (P-Bandai)","MG 1/100 QUBELEY EMBELLIR","5940","5400","77220","14.3","12諛?14.3諛?諛섏퐫 怨듭떇 ?뺢? 100% ?쇱튂"
"2598","2020-12","HG","?쒖젙/?대읇G (P-Bandai)","HG 1/144 TODESRITTER","3300","3000","42900","14.3","12諛?14.3諛?諛섏퐫 怨듭떇 ?뺢? 100% ?쇱튂"
"2599","2020-12","MG","?쒖젙/?대읇G (P-Bandai)","MG 1/100 BLAZE ZAKU PHANTOM / BLAZE ZAKU WARRIOR","4950","4500","64350","14.3","12諛?14.3諛?諛섏퐫 怨듭떇 ?뺢? 100% ?쇱튂"
"26","2014-12-20","HG","?쒖젙/?대읇G (P-Bandai)","HGBF 1/144 MEGA-SHIKI","1980","1800","25740","14.3","12諛?14.3諛?諛섏퐫 怨듭떇 ?뺢? 100% ?쇱튂"
"260","2007-02-10","HGUC","?쒖젙/?대읇G (P-Bandai)","HGUC 1/144 GP02A MLRS CUSTOM","2420","2200","31460","14.3","12諛?14.3諛?諛섏퐫 怨듭떇 ?뺢? 100% ?쇱튂"
"2600","2020-07","RE/100","?쒖젙/?대읇G (P-Bandai)","RE/100 1/100 GUN EZ GROUND TYPE (BLUEBIRD TEAM CUSTOM)","3850","3500","50050","14.3","12諛?14.3諛?諛섏퐫 怨듭떇 ?뺢? 100% ?쇱튂"
"2601","2020-11","RG","?쒖젙/?대읇G (P-Bandai)","RG 1/144 SWORD IMPULSE GUNDAM","3850","3500","50050","14.3","12諛?14.3諛?諛섏퐫 怨듭떇 ?뺢? 100% ?쇱튂"
"2602","2020-11","HG","?쒖젙/?대읇G (P-Bandai)","HG 1/144 TRY AGE GUNDAM","2970","2700","38610","14.3","12諛?14.3諛?諛섏퐫 怨듭떇 ?뺢? 100% ?쇱튂"
"2603","2020-12","MG","?쒖젙/?대읇G (P-Bandai)","MG 1/100 EMERGENCY ESCAPE POD [PRIMROSE] EXPANSION SET","2750","2500","35750","14.3","12諛?14.3諛?諛섏퐫 怨듭떇 ?뺢? 100% ?쇱튂"
"2604","2020-12","MG","?쒖젙/?대읇G (P-Bandai)","MG 1/100 GUNDAM TR-1 [HAZEL OWSLA]","8800","8000","114400","14.3","12諛?14.3諛?諛섏퐫 怨듭떇 ?뺢? 100% ?쇱튂"
"2605","2020-11","MG","?쒖젙/?대읇G (P-Bandai)","MG 1/100 GUNDAM STORMBRINGER F.A. / GM TURBULENCE","6710","6100","87230","14.3","12諛?14.3諛?諛섏퐫 怨듭떇 ?뺢? 100% ?쇱튂"
"2606","2020-10","その他","?쒖젙/?대읇G (P-Bandai)","LEGENDBB REKKO GUNDAM","3520","3200","45760","14.3","12諛?14.3諛?諛섏퐫 怨듭떇 ?뺢? 100% ?쇱튂"
"2607","2020-11","HG","?쒖젙/?대읇G (P-Bandai)","HG 1/144 GUNDAM TR-1 [HAZE’N-THLEY RAH Ⅱ] (ADVANCE OF Z THE FLAG OF TITANS)","5940","5400","77220","14.3","12諛?14.3諛?諛섏퐫 怨듭떇 ?뺢? 100% ?쇱튂"
"2608","2017-06","HG","?쒖젙/?대읇G (P-Bandai)","HG 1/144 MS-05 ZAKUⅠ [BLACK TRI-STARS]","1870","1700","24310","14.3","12諛?14.3諛?諛섏퐫 怨듭떇 ?뺢? 100% ?쇱튂"
"2609","2017-02","HG","?쒖젙/?대읇G (P-Bandai)","HG 1/144 CROSSBONE GUNDAM X3","1760","1600","22880","14.3","12諛?14.3諛?諛섏퐫 怨듭떇 ?뺢? 100% ?쇱튂"
"261","2007-01","HGUC","?쒖젙/?대읇G (P-Bandai)","HGUC 1/144 GM QUEL","1320","1200","17160","14.3","12諛?14.3諛?諛섏퐫 怨듭떇 ?뺢? 100% ?쇱튂"
"2610","2017-02","RE/100","?쒖젙/?대읇G (P-Bandai)","RE 1/100 REBAWOO","4620","4200","60060","14.3","12諛?14.3諛?諛섏퐫 怨듭떇 ?뺢? 100% ?쇱튂"
"2611","2017-01","その他","?쒖젙/?대읇G (P-Bandai)","1/100 Hi-Resolution Model GUNDAM BARBATOS 6TH FORM","18700","17000","243100","14.3","12諛?14.3諛?諛섏퐫 怨듭떇 ?뺢? 100% ?쇱튂"
"2612","2017-03","RG","?쒖젙/?대읇G (P-Bandai)","RG 1/144 GUNDAM EXIA REPAIRⅡ","2750","2500","35750","14.3","12諛?14.3諛?諛섏퐫 怨듭떇 ?뺢? 100% ?쇱튂"
"2613","2017-06","MG","?쒖젙/?대읇G (P-Bandai)","MG 1/100 MS-06R-1A SHIN MATSUNAGA’S ZAKU II (CUSTOM TYPE)","5500","5000","71500","14.3","12諛?14.3諛?諛섏퐫 怨듭떇 ?뺢? 100% ?쇱튂"
"2614","2018-02","HG","?쒖젙/?대읇G (P-Bandai)","HG 1/144 ACT ZAKU","2200","2000","28600","14.3","12諛?14.3諛?諛섏퐫 怨듭떇 ?뺢? 100% ?쇱튂"
"2615","2017-08","HG","?쒖젙/?대읇G (P-Bandai)","HG 1/144 TEKKADAN COMPLETE SET","7700","7000","100100","14.3","12諛?14.3諛?諛섏퐫 怨듭떇 ?뺢? 100% ?쇱튂"
"2616","2018-02","HG","?쒖젙/?대읇G (P-Bandai)","HG 1/144 EWAC JEGAN","1760","1600","22880","14.3","12諛?14.3諛?諛섏퐫 怨듭떇 ?뺢? 100% ?쇱튂"
"2617","2018-01","MG","?쒖젙/?대읇G (P-Bandai)","MG 1/100 PROVIDENCE GUNDAM [SPECIAL COATING]","13200","12000","171600","14.3","12諛?14.3諛?諛섏퐫 怨듭떇 ?뺢? 100% ?쇱튂"
"2618","2017-10","HG","?쒖젙/?대읇G (P-Bandai)","HG 1/144 ZETA GUNDAM (WAVE SHOOTER)","1760","1600","22880","14.3","12諛?14.3諛?諛섏퐫 怨듭떇 ?뺢? 100% ?쇱튂"
"2619","2018-02","MG","?쒖젙/?대읇G (P-Bandai)","MG 1/100 GUNDAM ASTRAY TURN RED","7700","7000","100100","14.3","12諛?14.3諛?諛섏퐫 怨듭떇 ?뺢? 100% ?쇱튂"
"262","2007-07","HGUC","?쒖젙/?대읇G (P-Bandai)","HGUC 1/144 BLUE DESTINY UNIT 1","1650","1500","21450","14.3","12諛?14.3諛?諛섏퐫 怨듭떇 ?뺢? 100% ?쇱튂"
"2620","2018-01","RG","?쒖젙/?대읇G (P-Bandai)","RG 1/144 MS-06R-1A SHIN MATSUNAGA’S ZAKU II","3300","3000","42900","14.3","12諛?14.3諛?諛섏퐫 怨듭떇 ?뺢? 100% ?쇱튂"
"2621","2018-03","RG","?쒖젙/?대읇G (P-Bandai)","RG 1/144 MS-06R-1A BLACK TRI-STARS ZAKU II","3300","3000","42900","14.3","12諛?14.3諛?諛섏퐫 怨듭떇 ?뺢? 100% ?쇱튂"
"2622","2017-06","HG","?쒖젙/?대읇G (P-Bandai)","HG 1/144 PLUMA SET (INVASION OF CHRYSE)","2200","2000","28600","14.3","12諛?14.3諛?諛섏퐫 怨듭떇 ?뺢? 100% ?쇱튂"
"2623","2018-04","HG","?쒖젙/?대읇G (P-Bandai)","HG 1/144 CROSSBONE GUNDAM X-0","1760","1600","22880","14.3","12諛?14.3諛?諛섏퐫 怨듭떇 ?뺢? 100% ?쇱튂"
"2625","2018-01","HG","?쒖젙/?대읇G (P-Bandai)","HG 1/144 RICK-DO GYANKO","1760","1600","22880","14.3","12諛?14.3諛?諛섏퐫 怨듭떇 ?뺢? 100% ?쇱튂"
"2626","2018-02","HG","?쒖젙/?대읇G (P-Bandai)","HG 1/144 GN-XⅣ TYPE.GBF","1760","1600","22880","14.3","12諛?14.3諛?諛섏퐫 怨듭떇 ?뺢? 100% ?쇱튂"
"2627","2018-03","HG","?쒖젙/?대읇G (P-Bandai)","HG 1/144 GUNDAM M91","1760","1600","22880","14.3","12諛?14.3諛?諛섏퐫 怨듭떇 ?뺢? 100% ?쇱튂"
"2628","2018-03","HG","?쒖젙/?대읇G (P-Bandai)","HG 1/144 TALL STRIKE GUNDAM GLITTER","1760","1600","22880","14.3","12諛?14.3諛?諛섏퐫 怨듭떇 ?뺢? 100% ?쇱튂"
"2629","2018-01","MG","?쒖젙/?대읇G (P-Bandai)","MG 1/100 MS-14B UMA LIGHTNING’S GELGOOG HIGH MOBILITY TYPE","5500","5000","71500","14.3","12諛?14.3諛?諛섏퐫 怨듭떇 ?뺢? 100% ?쇱튂"
"263","2007-04","HGUC","?쒖젙/?대읇G (P-Bandai)","HGUC 1/144 BLUE DESTINY UNIT 2","1650","1500","21450","14.3","12諛?14.3諛?諛섏퐫 怨듭떇 ?뺢? 100% ?쇱튂"
"2630","2018-03","PG","?쒖젙/?대읇G (P-Bandai)","REPAIR PARTS SET FOR PG 1/60 GUNDAM EXIA","4400","4000","57200","14.3","12諛?14.3諛?諛섏퐫 怨듭떇 ?뺢? 100% ?쇱튂"
"2631","2018-01","HG","?쒖젙/?대읇G (P-Bandai)","HG 1/144 ATLAS GUNDAM(GUNDAM THUNDERBOLT BANDIT FLOWER Ver.)","2640","2400","34320","14.3","12諛?14.3諛?諛섏퐫 怨듭떇 ?뺢? 100% ?쇱튂"
"2632","2018-04","HG","?쒖젙/?대읇G (P-Bandai)","HG1/144 EFREET NACHT","1760","1600","22880","14.3","12諛?14.3諛?諛섏퐫 怨듭떇 ?뺢? 100% ?쇱튂"
"2633","2018-05","HG","?쒖젙/?대읇G (P-Bandai)","HG 1/144 HEAVY GUNDAM","2420","2200","31460","14.3","12諛?14.3諛?諛섏퐫 怨듭떇 ?뺢? 100% ?쇱튂"
"2634","2018-05","MG","?쒖젙/?대읇G (P-Bandai)","MG 1/100 GUNDAM TR-1 [ADVANCED HAZEL]","6050","5500","78650","14.3","12諛?14.3諛?諛섏퐫 怨듭떇 ?뺢? 100% ?쇱튂"
"2635","2018-06","HG","?쒖젙/?대읇G (P-Bandai)","HG 1/144 GUNDAM PIXY","1760","1600","22880","14.3","12諛?14.3諛?諛섏퐫 怨듭떇 ?뺢? 100% ?쇱튂"
"2636","2018-06","HG","?쒖젙/?대읇G (P-Bandai)","HG 1/144 GUNDAM TR-6 [WONDWART]","1760","1600","22880","14.3","12諛?14.3諛?諛섏퐫 怨듭떇 ?뺢? 100% ?쇱튂"
"2637","2018-04","HG","?쒖젙/?대읇G (P-Bandai)","HG 1/144 ADVANCED GN-X","2200","2000","28600","14.3","12諛?14.3諛?諛섏퐫 怨듭떇 ?뺢? 100% ?쇱튂"
"2638","2018-07","HG","?쒖젙/?대읇G (P-Bandai)","HG 1/144 EFREET","1760","1600","22880","14.3","12諛?14.3諛?諛섏퐫 怨듭떇 ?뺢? 100% ?쇱튂"
"2639","2018-06","MG","?쒖젙/?대읇G (P-Bandai)","MG 1/100 GM DOMINANCE","5500","5000","71500","14.3","12諛?14.3諛?諛섏퐫 怨듭떇 ?뺢? 100% ?쇱튂"
"264","2007-09","HGUC","?쒖젙/?대읇G (P-Bandai)","HGUC 1/144 BLUE DESTINY UNIT 3","1650","1500","21450","14.3","12諛?14.3諛?諛섏퐫 怨듭떇 ?뺢? 100% ?쇱튂"
"2640","2018-05","RG","?쒖젙/?대읇G (P-Bandai)","RG 1/144 ZAKU MINELAYER","3300","3000","42900","14.3","12諛?14.3諛?諛섏퐫 怨듭떇 ?뺢? 100% ?쇱튂"
"2641","2018-05","MG","?쒖젙/?대읇G (P-Bandai)","MG 1/100 GN-X III (A-LAWS TYPE)","4730","4300","61490","14.3","12諛?14.3諛?諛섏퐫 怨듭떇 ?뺢? 100% ?쇱튂"
"2642","2018-07","MG","?쒖젙/?대읇G (P-Bandai)","MG 1/100 G-PARTS [HRUDUDU]","2420","2200","31460","14.3","12諛?14.3諛?諛섏퐫 怨듭떇 ?뺢? 100% ?쇱튂"
"2643","2018-08","HG","?쒖젙/?대읇G (P-Bandai)","HG 1/144 GM SNIPER CUSTOM","2090","1900","27170","14.3","12諛?14.3諛?諛섏퐫 怨듭떇 ?뺢? 100% ?쇱튂"
"2644","2018-07","HG","?쒖젙/?대읇G (P-Bandai)","HG 1/144 REGELGU","1760","1600","22880","14.3","12諛?14.3諛?諛섏퐫 怨듭떇 ?뺢? 100% ?쇱튂"
"2645","2018-08","HG","?쒖젙/?대읇G (P-Bandai)","HG 1/144 GUNDAM GROUND TYPE (PARACHUTE PACK)","2200","2000","28600","14.3","12諛?14.3諛?諛섏퐫 怨듭떇 ?뺢? 100% ?쇱튂"
"2646","2018-09","HG","?쒖젙/?대읇G (P-Bandai)","HG 1/144 ZETA GUNDAM[U.C.0088]","2420","2200","31460","14.3","12諛?14.3諛?諛섏퐫 怨듭떇 ?뺢? 100% ?쇱튂"
"2647","2018-08","MG","?쒖젙/?대읇G (P-Bandai)","MG 1/100 GUNDAM AVALANCHE EXIA’","7370","6700","95810","14.3","12諛?14.3諛?諛섏퐫 怨듭떇 ?뺢? 100% ?쇱튂"
"2648","2018-12","MG","?쒖젙/?대읇G (P-Bandai)","MG 1/100 GN-X III (ESF COLORS)","4730","4300","61490","14.3","12諛?14.3諛?諛섏퐫 怨듭떇 ?뺢? 100% ?쇱튂"
"2649","2018-08","MG","?쒖젙/?대읇G (P-Bandai)","MG 1/100 POLYPODBALL","3740","3400","48620","14.3","12諛?14.3諛?諛섏퐫 怨듭떇 ?뺢? 100% ?쇱튂"
"265","2008-05","HG","?쒖젙/?대읇G (P-Bandai)","HG 1/144 TIEREN Space Commander Type","1650","1500","21450","14.3","12諛?14.3諛?諛섏퐫 怨듭떇 ?뺢? 100% ?쇱튂"
"2650","2018-11","RE/100","?쒖젙/?대읇G (P-Bandai)","RE/100 1/100 VIGNA-GHINA (BERAH RONAH SPECIAL)","4400","4000","57200","14.3","12諛?14.3諛?諛섏퐫 怨듭떇 ?뺢? 100% ?쇱튂"
"2651","2018-11","MG","?쒖젙/?대읇G (P-Bandai)","MG 1/100 GUNDAM F91 ver2.0 BACK CANNON TYPE & TWIN V.S.B.R. SET UP TYPE","6820","6200","88660","14.3","12諛?14.3諛?諛섏퐫 怨듭떇 ?뺢? 100% ?쇱튂"
"2652","2018-10","HG","?쒖젙/?대읇G (P-Bandai)","HG 1/144 LEO (SPACE TYPE)","1540","1400","20020","14.3","12諛?14.3諛?諛섏퐫 怨듭떇 ?뺢? 100% ?쇱튂"
"2653","2018-11","HG","?쒖젙/?대읇G (P-Bandai)","HG 1/144 JESTA (SHEZARR TYPE, TEAM A)","3080","2800","40040","14.3","12諛?14.3諛?諛섏퐫 怨듭떇 ?뺢? 100% ?쇱튂"
"2654","2018-11","MG","?쒖젙/?대읇G (P-Bandai)","MG 1/100 NEUEN BITTER’S ZAKUⅡF2","5500","5000","71500","14.3","12諛?14.3諛?諛섏퐫 怨듭떇 ?뺢? 100% ?쇱튂"
"2655","2018-11","MG","?쒖젙/?대읇G (P-Bandai)","MG 1/100 ZAKUⅡF2(KIMBERLITE BASE TYPE)","5500","5000","71500","14.3","12諛?14.3諛?諛섏퐫 怨듭떇 ?뺢? 100% ?쇱튂"
"2656","2018-12","MG","?쒖젙/?대읇G (P-Bandai)","MG 1/100 VICTORY TWO ASSAULT BUSTER GUNDAM Ver.Ka","7700","7000","100100","14.3","12諛?14.3諛?諛섏퐫 怨듭떇 ?뺢? 100% ?쇱튂"
"2657","2018-12","HG","?쒖젙/?대읇G (P-Bandai)","HG 1/144 GM CANNON (SPACE ASSAULT TYPE)","2090","1900","27170","14.3","12諛?14.3諛?諛섏퐫 怨듭떇 ?뺢? 100% ?쇱튂"
"2658","2018-09","MG","?쒖젙/?대읇G (P-Bandai)","MG 1/100 GUNDAM STORMBRINGER","5500","5000","71500","14.3","12諛?14.3諛?諛섏퐫 怨듭떇 ?뺢? 100% ?쇱튂"
"2659","2018-10","RE/100","?쒖젙/?대읇G (P-Bandai)","RE/100 1/100 TYPE 89 BASE JABBER","3300","3000","42900","14.3","12諛?14.3諛?諛섏퐫 怨듭떇 ?뺢? 100% ?쇱튂"
"266","2008-04","HG","?쒖젙/?대읇G (P-Bandai)","HG 1/144 GUNDAM NADLEEH","1320","1200","17160","14.3","12諛?14.3諛?諛섏퐫 怨듭떇 ?뺢? 100% ?쇱튂"
"2660","2018-11","MG","?쒖젙/?대읇G (P-Bandai)","MG 1/100 UNICORN GUNDAM 03 PHENEX (NARRATIVE Ver.)","15070","13700","195910","14.3","12諛?14.3諛?諛섏퐫 怨듭떇 ?뺢? 100% ?쇱튂"
"2661","2018-12","RG","?쒖젙/?대읇G (P-Bandai)","RG 1/144 TALLGEESE II","3080","2800","40040","14.3","12諛?14.3諛?諛섏퐫 怨듭떇 ?뺢? 100% ?쇱튂"
"2662","2018-11","HG","?쒖젙/?대읇G (P-Bandai)","HG 1/144 JESTA (SHEZARR TYPE, TEAM B&C)","2530","2300","32890","14.3","12諛?14.3諛?諛섏퐫 怨듭떇 ?뺢? 100% ?쇱튂"
"2663","2018-10","RG","?쒖젙/?대읇G (P-Bandai)","RG 1/144 MS-06R-2 GABBY HAZARD’S ZAKUⅡ","3300","3000","42900","14.3","12諛?14.3諛?諛섏퐫 怨듭떇 ?뺢? 100% ?쇱튂"
"2664","2018-11","MG","?쒖젙/?대읇G (P-Bandai)","MG 1/100 QUBELEY DAMNED","5940","5400","77220","14.3","12諛?14.3諛?諛섏퐫 怨듭떇 ?뺢? 100% ?쇱튂"
"2665","2018-12","MG","?쒖젙/?대읇G (P-Bandai)","MG 1/100 ASSAULT BUSTER EXPANSION PARTS for VICTORY TWO GUNDAM Ver.Ka","2750","2500","35750","14.3","12諛?14.3諛?諛섏퐫 怨듭떇 ?뺢? 100% ?쇱튂"
"2666","2017-02","PG","?쒖젙/?대읇G (P-Bandai)","PG 1/60 UNICORN GUNDAM 03 PHENEX","22000","20000","286000","14.3","12諛?14.3諛?諛섏퐫 怨듭떇 ?뺢? 100% ?쇱튂"
"2667","2025-02-22","HG","?쒖젙/?대읇G (P-Bandai)","HG 1/144 Z’GOK(SEED FREEDOM Ver.)","3520","3200","45760","14.3","12諛?14.3諛?諛섏퐫 怨듭떇 ?뺢? 100% ?쇱튂"
"2668","2025-02-22","オプションパーツセット","?쒖젙/?대읇G (P-Bandai)","OPTION PARTS SET GUNPLA 15 (CAVALIER AIFRID)","2970","2700","38610","14.3","12諛?14.3諛?諛섏퐫 怨듭떇 ?뺢? 100% ?쇱튂"
"2669","2017-01","MG","?쒖젙/?대읇G (P-Bandai)","MG 1/100 PROTOTYPE GOUF","4950","4500","64350","14.3","12諛?14.3諛?諛섏퐫 怨듭떇 ?뺢? 100% ?쇱튂"
"267","2008-07","HG","?쒖젙/?대읇G (P-Bandai)","HG 1/144 GN-X","1760","1600","22880","14.3","12諛?14.3諛?諛섏퐫 怨듭떇 ?뺢? 100% ?쇱튂"
"2670","2017-09","RG","?쒖젙/?대읇G (P-Bandai)","RG 1/144 GUNDAM ASTRAY GOLD FRAME AMATSU","3520","3200","45760","14.3","12諛?14.3諛?諛섏퐫 怨듭떇 ?뺢? 100% ?쇱튂"
"2671","2017-09","MG","?쒖젙/?대읇G (P-Bandai)","MG 1/100 GUNDAM TR-1 [HAZEL CUSTOM]","4950","4500","64350","14.3","12諛?14.3諛?諛섏퐫 怨듭떇 ?뺢? 100% ?쇱튂"
"2672","2017-06","PG","?쒖젙/?대읇G (P-Bandai)","PG 1/60 TRANS-AM RAISER","30250","27500","393250","14.3","12諛?14.3諛?諛섏퐫 怨듭떇 ?뺢? 100% ?쇱튂"
"2673","2017-12","RG","?쒖젙/?대읇G (P-Bandai)","RG 1/144 00 GUNDAM SEVEN SWORD/G INSPECTION","3850","3500","50050","14.3","12諛?14.3諛?諛섏퐫 怨듭떇 ?뺢? 100% ?쇱튂"
"2674","2017-04","MG","?쒖젙/?대읇G (P-Bandai)","MG 1/100 GM CANNON (NORTH AMERICAN FRONT)","4400","4000","57200","14.3","12諛?14.3諛?諛섏퐫 怨듭떇 ?뺢? 100% ?쇱튂"
"2675","2017-06","MG","?쒖젙/?대읇G (P-Bandai)","MG 1/100 CROSSBONE GUNDAM X2 CUSTOM Ver.Ka","4840","4400","62920","14.3","12諛?14.3諛?諛섏퐫 怨듭떇 ?뺢? 100% ?쇱튂"
"2676","2017-09","HG","?쒖젙/?대읇G (P-Bandai)","HG 1/144 EFREET CUSTOM","1760","1600","22880","14.3","12諛?14.3諛?諛섏퐫 怨듭떇 ?뺢? 100% ?쇱튂"
"2677","2017-08","HG","?쒖젙/?대읇G (P-Bandai)","HG 1/144 PALE RIDER (SPACE TYPE)","1760","1600","22880","14.3","12諛?14.3諛?諛섏퐫 怨듭떇 ?뺢? 100% ?쇱튂"
"2678","2017-04","RG","?쒖젙/?대읇G (P-Bandai)","RG 1/144 OO QAN[T] FULL SABER","3520","3200","45760","14.3","12諛?14.3諛?諛섏퐫 怨듭떇 ?뺢? 100% ?쇱튂"
"2679","2017-12","MG","?쒖젙/?대읇G (P-Bandai)","MG 1/100 ENHANCED ZZ GUNDAM Ver.Ka","9350","8500","121550","14.3","12諛?14.3諛?諛섏퐫 怨듭떇 ?뺢? 100% ?쇱튂"
"268","2008-09","HG","?쒖젙/?대읇G (P-Bandai)","HG 1/144 OO GUNDAM","1320","1200","17160","14.3","12諛?14.3諛?諛섏퐫 怨듭떇 ?뺢? 100% ?쇱튂"
"2680","2017-12","HG","?쒖젙/?대읇G (P-Bandai)","HG 1/144 ZAKU CANNON TEST TYPE","2200","2000","28600","14.3","12諛?14.3諛?諛섏퐫 怨듭떇 ?뺢? 100% ?쇱튂"
"2681","2017-08","HG","?쒖젙/?대읇G (P-Bandai)","HG 1/144 BYARLANT ISOLDE","1760","1600","22880","14.3","12諛?14.3諛?諛섏퐫 怨듭떇 ?뺢? 100% ?쇱튂"
"2682","2017-06","HG","?쒖젙/?대읇G (P-Bandai)","HG 1/144 ZAKU Ⅲ CUSTOM (Twilight AXIS Ver.)","1760","1600","22880","14.3","12諛?14.3諛?諛섏퐫 怨듭떇 ?뺢? 100% ?쇱튂"
"2683","2017-07","MG","?쒖젙/?대읇G (P-Bandai)","MG 1/100 ADVANCED GN-X","4620","4200","60060","14.3","12諛?14.3諛?諛섏퐫 怨듭떇 ?뺢? 100% ?쇱튂"
"2684","2017-09","MG","?쒖젙/?대읇G (P-Bandai)","MG 1/100 GMⅡ(UNICORN Ver.)","3850","3500","50050","14.3","12諛?14.3諛?諛섏퐫 怨듭떇 ?뺢? 100% ?쇱튂"
"2685","2017-09","MG","?쒖젙/?대읇G (P-Bandai)","MG 1/100 ZAKUⅡ HIGH MOBILITY TYPE ""PSYCHO ZAKU"" [GUNDAM THUNDERBOLT] LAST SESSION Ver.","5500","5000","71500","14.3","12諛?14.3諛?諛섏퐫 怨듭떇 ?뺢? 100% ?쇱튂"
"2686","2017-08","MG","?쒖젙/?대읇G (P-Bandai)","MG 1/100 MS-06R-1A MASAYA NAKAGAWA'S ZAKU II","5500","5000","71500","14.3","12諛?14.3諛?諛섏퐫 怨듭떇 ?뺢? 100% ?쇱튂"
"2687","2017-10","MG","?쒖젙/?대읇G (P-Bandai)","MG 1/100 MS-06R-1 BRENISS OX'S ZAKU II","5500","5000","71500","14.3","12諛?14.3諛?諛섏퐫 怨듭떇 ?뺢? 100% ?쇱튂"
"2688","2017-08","MG","?쒖젙/?대읇G (P-Bandai)","MG 1/100 FULL ARMOR GUNDAM [GUNDAM THUNDERBOLT] LAST SESSION Ver.","8030","7300","104390","14.3","12諛?14.3諛?諛섏퐫 怨듭떇 ?뺢? 100% ?쇱튂"
"2689","2017-11","MG","?쒖젙/?대읇G (P-Bandai)","MG 1/100 JUSTICE GUNDAM [SPECIAL COATING]","9900","9000","128700","14.3","12諛?14.3諛?諛섏퐫 怨듭떇 ?뺢? 100% ?쇱튂"
"269","2008-10","HG","?쒖젙/?대읇G (P-Bandai)","HG 1/144 CHERUDIM GUNDAM","1320","1200","17160","14.3","12諛?14.3諛?諛섏퐫 怨듭떇 ?뺢? 100% ?쇱튂"
"2690","2017-10","MG","?쒖젙/?대읇G (P-Bandai)","MG 1/100 GUNDAM SANDROCK CUSTOM EW","5280","4800","68640","14.3","12諛?14.3諛?諛섏퐫 怨듭떇 ?뺢? 100% ?쇱튂"
"2691","2017-05","HG","?쒖젙/?대읇G (P-Bandai)","HG 1/144 GUNCANNON FIRST TYPE (ROLLOUT UNIT 1)","1980","1800","25740","14.3","12諛?14.3諛?諛섏퐫 怨듭떇 ?뺢? 100% ?쇱튂"
"2692","2017-11","MG","?쒖젙/?대읇G (P-Bandai)","MG 1/100 GM COMMAND SPACE","4290","3900","55770","14.3","12諛?14.3諛?諛섏퐫 怨듭떇 ?뺢? 100% ?쇱튂"
"2693","2017-08","HG","?쒖젙/?대읇G (P-Bandai)","HG 1/144 HAMBRABI SUBAN","1760","1600","22880","14.3","12諛?14.3諛?諛섏퐫 怨듭떇 ?뺢? 100% ?쇱튂"
"2694","2017-10","HG","?쒖젙/?대읇G (P-Bandai)","HG 1/144 AMAZING Z’GOK","1650","1500","21450","14.3","12諛?14.3諛?諛섏퐫 怨듭떇 ?뺢? 100% ?쇱튂"
"2695","2017-10","HG","?쒖젙/?대읇G (P-Bandai)","HG 1/144 CHINYAGGUY","1760","1600","22880","14.3","12諛?14.3諛?諛섏퐫 怨듭떇 ?뺢? 100% ?쇱튂"
"2696","2017-10","HG","?쒖젙/?대읇G (P-Bandai)","HG 1/144 ACCELERATE GN-X","1760","1600","22880","14.3","12諛?14.3諛?諛섏퐫 怨듭떇 ?뺢? 100% ?쇱튂"
"2697","2017-11","HG","?쒖젙/?대읇G (P-Bandai)","HG 1/144 GUNDAM X JUMAOH","1760","1600","22880","14.3","12諛?14.3諛?諛섏퐫 怨듭떇 ?뺢? 100% ?쇱튂"
"2698","2017-11","HG","?쒖젙/?대읇G (P-Bandai)","HG 1/144 GUNDAM FENICE LIBERTA","1760","1600","22880","14.3","12諛?14.3諛?諛섏퐫 怨듭떇 ?뺢? 100% ?쇱튂"
"2699","2017-11","HG","?쒖젙/?대읇G (P-Bandai)","HG 1/144 COMMAND FUMINA","1760","1600","22880","14.3","12諛?14.3諛?諛섏퐫 怨듭떇 ?뺢? 100% ?쇱튂"
"27","2014-12-20","HG","?쒖젙/?대읇G (P-Bandai)","HGBC 1/144 MEGA RIDE LAUNCHER","660","600","8580","14.3","12諛?14.3諛?諛섏퐫 怨듭떇 ?뺢? 100% ?쇱튂"
"270","2008-12","HG","?쒖젙/?대읇G (P-Bandai)","HG 1/144 ARIOS GUNDAM","1650","1500","21450","14.3","12諛?14.3諛?諛섏퐫 怨듭떇 ?뺢? 100% ?쇱튂"
"2700","2017-12","HG","?쒖젙/?대읇G (P-Bandai)","HG 1/144 WEISS SINANJU","1760","1600","22880","14.3","12諛?14.3諛?諛섏퐫 怨듭떇 ?뺢? 100% ?쇱튂"
"2701","2017-12","HG","?쒖젙/?대읇G (P-Bandai)","HG 1/144 PSYCHO GM","8800","8000","114400","14.3","12諛?14.3諛?諛섏퐫 怨듭떇 ?뺢? 100% ?쇱튂"
"2702","2017-12","HG","?쒖젙/?대읇G (P-Bandai)","HG 1/144 WEISS BARZAM","1760","1600","22880","14.3","12諛?14.3諛?諛섏퐫 怨듭떇 ?뺢? 100% ?쇱튂"
"2703","2018-02","PG","?쒖젙/?대읇G (P-Bandai)","PG 1/60 RX-0[N] UNICORN GUNDAM 02 BANSHEE NORN (FINAL BATTLE Ver.)","22000","20000","286000","14.3","12諛?14.3諛?諛섏퐫 怨듭떇 ?뺢? 100% ?쇱튂"
"2704","2018-06","PG","?쒖젙/?대읇G (P-Bandai)","PG 1/60 GUNDAM ASTRAY RED FRAME KAI","25300","23000","328900","14.3","12諛?14.3諛?諛섏퐫 怨듭떇 ?뺢? 100% ?쇱튂"
"2705","2008-01","MG","?쒖젙/?대읇G (P-Bandai)","MG 1/100 WING GUNDAM ZERO EW & DREI ZWERG [SPECIAL COATING]","11000","10000","143000","14.3","12諛?14.3諛?諛섏퐫 怨듭떇 ?뺢? 100% ?쇱튂"
"2706","2018-02","MG","?쒖젙/?대읇G (P-Bandai)","MG 1/100 GUNDAM TR-1 [HAZEL CUSTOM] (COMBAT DEPLOYMENT COLORS)","4950","4500","64350","14.3","12諛?14.3諛?諛섏퐫 怨듭떇 ?뺢? 100% ?쇱튂"
"2707","2018-01","MG","?쒖젙/?대읇G (P-Bandai)","MG 1/100 TENNETH A. JUNG’S GM SNIPER CUSTOM","5500","5000","71500","14.3","12諛?14.3諛?諛섏퐫 怨듭떇 ?뺢? 100% ?쇱튂"
"2708","2018-02","HG","?쒖젙/?대읇G (P-Bandai)","HG 1/144 GJALLARHORN ARIANRHOD FLEET COMPLETE SET","6600","6000","85800","14.3","12諛?14.3諛?諛섏퐫 怨듭떇 ?뺢? 100% ?쇱튂"
"2709","2018-04","その他","?쒖젙/?대읇G (P-Bandai)","RE/100 1/100 GUNCANNON DETECTOR (Z-MSV Ver.)","4180","3800","54340","14.3","12諛?14.3諛?諛섏퐫 怨듭떇 ?뺢? 100% ?쇱튂"
"271","2008-10","HG","?쒖젙/?대읇G (P-Bandai)","HG 1/144 GN-X III","1320","1200","17160","14.3","12諛?14.3諛?諛섏퐫 怨듭떇 ?뺢? 100% ?쇱튂"
"2710","2018-04","HG","?쒖젙/?대읇G (P-Bandai)","HG 1/144 GRAZE SCHILD & GRAZE (ARIANRHOD FLEET) SET","3300","3000","42900","14.3","12諛?14.3諛?諛섏퐫 怨듭떇 ?뺢? 100% ?쇱튂"
"2711","2018-06","RE/100","?쒖젙/?대읇G (P-Bandai)","RE/100 1/100 MSF-007-8 GUNDAM MK-Ⅲ UNIT8","3850","3500","50050","14.3","12諛?14.3諛?諛섏퐫 怨듭떇 ?뺢? 100% ?쇱튂"
"2712","2018-09","MG","?쒖젙/?대읇G (P-Bandai)","MG 1/100 GM (WHITE DINGO TEAM CUSTOM)","3850","3500","50050","14.3","12諛?14.3諛?諛섏퐫 怨듭떇 ?뺢? 100% ?쇱튂"
"2713","2018-07","MG","?쒖젙/?대읇G (P-Bandai)","MG 1/100 IAN GRADEN’S ZAKU CANNON","5500","5000","71500","14.3","12諛?14.3諛?諛섏퐫 怨듭떇 ?뺢? 100% ?쇱튂"
"2714","2019-01","HG","?쒖젙/?대읇G (P-Bandai)","HG 1/144 GAZ-R/L","4290","3900","55770","14.3","12諛?14.3諛?諛섏퐫 怨듭떇 ?뺢? 100% ?쇱튂"
"2715","2018-04","MG","?쒖젙/?대읇G (P-Bandai)","MG 1/100 OO QAN[T] (TRANS-AM MODE) [SPECIAL COATING]","12100","11000","157300","14.3","12諛?14.3諛?諛섏퐫 怨듭떇 ?뺢? 100% ?쇱튂"
"2716","2018-04","MG","?쒖젙/?대읇G (P-Bandai)","MG 1/100 00 GUNDAM SEVEN SWORD/G (TRANS-AM MODE) [SPECIAL COATING]","13200","12000","171600","14.3","12諛?14.3諛?諛섏퐫 怨듭떇 ?뺢? 100% ?쇱튂"
"2717","2018-12","HG","?쒖젙/?대읇G (P-Bandai)","HG 1/144 GN-X Ⅳ (Commander Type)","2420","2200","31460","14.3","12諛?14.3諛?諛섏퐫 怨듭떇 ?뺢? 100% ?쇱튂"
"2718","2018-08","MG","?쒖젙/?대읇G (P-Bandai)","MG 1/100 MS-14A ANAVEL GATO’S GELGOOG Ver.2.0","5500","5000","71500","14.3","12諛?14.3諛?諛섏퐫 怨듭떇 ?뺢? 100% ?쇱튂"
"2719","2018-10","HG","?쒖젙/?대읇G (P-Bandai)","HG1/144 HEAVY GUNDAM (ROLLOUT COLOR)","2420","2200","31460","14.3","12諛?14.3諛?諛섏퐫 怨듭떇 ?뺢? 100% ?쇱튂"
"272","2008-11","HG","?쒖젙/?대읇G (P-Bandai)","HG 1/144 AHEAD","1320","1200","17160","14.3","12諛?14.3諛?諛섏퐫 怨듭떇 ?뺢? 100% ?쇱튂"
"2720","2018-09","HG","?쒖젙/?대읇G (P-Bandai)","HG 1/144 MS-14B JOHNNY RIDDEN’S GELGOOG","2200","2000","28600","14.3","12諛?14.3諛?諛섏퐫 怨듭떇 ?뺢? 100% ?쇱튂"
"2721","2018-09","HG","?쒖젙/?대읇G (P-Bandai)","HG 1/144 SHIN MATSUNAGA’S GELGOOG JAGER","1650","1500","21450","14.3","12諛?14.3諛?諛섏퐫 怨듭떇 ?뺢? 100% ?쇱튂"
"2722","2019-02","MG","?쒖젙/?대읇G (P-Bandai)","MG 1/100 GM CANNON [RED HEAD](JABRO DEFENSE TEAM CUSTOM)","4400","4000","57200","14.3","12諛?14.3諛?諛섏퐫 怨듭떇 ?뺢? 100% ?쇱튂"
"2723","2019-05","HG","?쒖젙/?대읇G (P-Bandai)","HG 1/144 DIJEH(NARRATIVE Ver.)","2200","2000","28600","14.3","12諛?14.3諛?諛섏퐫 怨듭떇 ?뺢? 100% ?쇱튂"
"2724","2018-10","RG","?쒖젙/?대읇G (P-Bandai)","RG 1/144 TALLGEESE EW [TITANIUM FINISH]","6820","6200","88660","14.3","12諛?14.3諛?諛섏퐫 怨듭떇 ?뺢? 100% ?쇱튂"
"2725","2018-09","MG","?쒖젙/?대읇G (P-Bandai)","MG 1/100 GM CANNON (WHITE DINGO TEAM CUSTOM)","4400","4000","57200","14.3","12諛?14.3諛?諛섏퐫 怨듭떇 ?뺢? 100% ?쇱튂"
"2726","2018-07","MG","?쒖젙/?대읇G (P-Bandai)","MG 1/00 GUNDAM X UNIT 3","4400","4000","57200","14.3","12諛?14.3諛?諛섏퐫 怨듭떇 ?뺢? 100% ?쇱튂"
"2727","2019-01","RE/100","?쒖젙/?대읇G (P-Bandai)","RE/100 1/100 QUESS AIR’S JAGD DOGA","5390","4900","70070","14.3","12諛?14.3諛?諛섏퐫 怨듭떇 ?뺢? 100% ?쇱튂"
"2728","2018-10","RG","?쒖젙/?대읇G (P-Bandai)","RG 1/144 WING GUNDAM ZERO EW & DREI ZWERG [TITANIUM FINISH]","7260","6600","94380","14.3","12諛?14.3諛?諛섏퐫 怨듭떇 ?뺢? 100% ?쇱튂"
"2729","2019-07","MG","?쒖젙/?대읇G (P-Bandai)","","12100","11000","157300","14.3","12諛?14.3諛?諛섏퐫 怨듭떇 ?뺢? 100% ?쇱튂"
"273","2008-11","HG","?쒖젙/?대읇G (P-Bandai)","HG 1/144 SERAVEE GUNDAM","1760","1600","22880","14.3","12諛?14.3諛?諛섏퐫 怨듭떇 ?뺢? 100% ?쇱튂"
"2730","2019-04","HG","?쒖젙/?대읇G (P-Bandai)","HG 1/144 B-PACKS EXPANSION SET for NARRATIVE GUNDAM","1430","1300","18590","14.3","12諛?14.3諛?諛섏퐫 怨듭떇 ?뺢? 100% ?쇱튂"
"2731","2019-07","HG","?쒖젙/?대읇G (P-Bandai)","HG 1/144 EMERGENCY ESCAPE POD [PRIMROSE]","1430","1300","18590","14.3","12諛?14.3諛?諛섏퐫 怨듭떇 ?뺢? 100% ?쇱튂"
"2732","2019-10","HG","?쒖젙/?대읇G (P-Bandai)","HG 1/144 HRUDUDUⅡ EXPANSION SET (ADVANCE OF Z THE FLAG OF TITANS)","1760","1600","22880","14.3","12諛?14.3諛?諛섏퐫 怨듭떇 ?뺢? 100% ?쇱튂"
"2733","2019-04","RG","?쒖젙/?대읇G (P-Bandai)","RG 1/144 EXPANSION UNIT ARMED ARMOR VN/BS","2090","1900","27170","14.3","12諛?14.3諛?諛섏퐫 怨듭떇 ?뺢? 100% ?쇱튂"
"2734","2019-05","HG","?쒖젙/?대읇G (P-Bandai)","HG 1/144 GUNDAM TR-1 [HAZEL CUSTOM] & EXPANSION PARTS for GUNDAM TR-6","1760","1600","22880","14.3","12諛?14.3諛?諛섏퐫 怨듭떇 ?뺢? 100% ?쇱튂"
"2735","2019-06","HG","?쒖젙/?대읇G (P-Bandai)","HG 1/144 GUNDAM TR-1 [ADVANCED HAZEL] & EXPANSION PARTS for GUNDAM TR-6","1760","1600","22880","14.3","12諛?14.3諛?諛섏퐫 怨듭떇 ?뺢? 100% ?쇱튂"
"2736","2019-06","HG","?쒖젙/?대읇G (P-Bandai)","HG 1/144 G-PARTS [HRUDUDU] (COMBAT DEPLOYMENT COLORS)","1210","1100","15730","14.3","12諛?14.3諛?諛섏퐫 怨듭떇 ?뺢? 100% ?쇱튂"
"2737","2019-05","MG","?쒖젙/?대읇G (P-Bandai)","MG 1/100 SHENLONG GUNDAM EW(LIAO YA UNIT)","4950","4500","64350","14.3","12諛?14.3諛?諛섏퐫 怨듭떇 ?뺢? 100% ?쇱튂"
"2738","2019-11","MG","?쒖젙/?대읇G (P-Bandai)","MG 1/100 GUNDAM HEAVYARMS EW (IGEL UNIT)","6050","5500","78650","14.3","12諛?14.3諛?諛섏퐫 怨듭떇 ?뺢? 100% ?쇱튂"
"2739","2019-07","MG","?쒖젙/?대읇G (P-Bandai)","MG 1/100 Jim Sniper II (Lido Wolf machine)","5500","5000","71500","14.3","12諛?14.3諛?諛섏퐫 怨듭떇 ?뺢? 100% ?쇱튂"
"274","2008-01-26","HG","?쒖젙/?대읇G (P-Bandai)","HG RUDOLF‘S GOUF IGNITED","1650","1500","21450","14.3","12諛?14.3諛?諛섏퐫 怨듭떇 ?뺢? 100% ?쇱튂"
"2740","2019-08","MG","?쒖젙/?대읇G (P-Bandai)","MG 1/100 MISSION PACK E-TYPE & S-TYPE for GUNDAM F90","2640","2400","34320","14.3","12諛?14.3諛?諛섏퐫 怨듭떇 ?뺢? 100% ?쇱튂"
"2741","2019-11","MG","?쒖젙/?대읇G (P-Bandai)","MG 1/100 MISSION PACK F-TYPE & M-TYPE for GUNDAM F90","2640","2400","34320","14.3","12諛?14.3諛?諛섏퐫 怨듭떇 ?뺢? 100% ?쇱튂"
"2742","2019-10","MG","?쒖젙/?대읇G (P-Bandai)","MG 1/100 GUNDAM F91 Ver.2.0(HARRISON MADIN CUSTOM)","4620","4200","60060","14.3","12諛?14.3諛?諛섏퐫 怨듭떇 ?뺢? 100% ?쇱튂"
"2743","2019-09","HG","?쒖젙/?대읇G (P-Bandai)","HG 1/144 GM INTERCEPT CUSTOM (FELLOW BOOSTER UNIT)","3300","3000","42900","14.3","12諛?14.3諛?諛섏퐫 怨듭떇 ?뺢? 100% ?쇱튂"
"2744","2019-08","MG","?쒖젙/?대읇G (P-Bandai)","MG 1/100 ∀GUNDAM/TURN X[nano skin image]","12650","11500","164450","14.3","12諛?14.3諛?諛섏퐫 怨듭떇 ?뺢? 100% ?쇱튂"
"2745","2019-09","HG","?쒖젙/?대읇G (P-Bandai)","HG 1/144 MS-05S CHAR AZNABLE’S ZAKU Ⅰ(Limited Package Ver.)","1760","1600","22880","14.3","12諛?14.3諛?諛섏퐫 怨듭떇 ?뺢? 100% ?쇱튂"
"2746","2019-11","MG","?쒖젙/?대읇G (P-Bandai)","MG 1/100 GUNDAM DYNAMES(TRANS-AM MODE)[METALLIC GROSS INJECTION]","5500","5000","71500","14.3","12諛?14.3諛?諛섏퐫 怨듭떇 ?뺢? 100% ?쇱튂"
"2747","2019-11","HG","?쒖젙/?대읇G (P-Bandai)","HG 1/144 GUNDAM AGEⅡ MAGNUM SVver.(FX PLOSION)","3300","3000","42900","14.3","12諛?14.3諛?諛섏퐫 怨듭떇 ?뺢? 100% ?쇱튂"
"2748","2019-12","HG","?쒖젙/?대읇G (P-Bandai)","HG 1/144 SINANJU STEIN (UNICORN Ver.)","2860","2600","37180","14.3","12諛?14.3諛?諛섏퐫 怨듭떇 ?뺢? 100% ?쇱튂"
"2749","2020-04","MG","?쒖젙/?대읇G (P-Bandai)","MG 1/100 GUNDAM DEATHSCYTHE EW (ROUSSETTE UNIT)","4950","4500","64350","14.3","12諛?14.3諛?諛섏퐫 怨듭떇 ?뺢? 100% ?쇱튂"
"275","2008-02-23","HG","?쒖젙/?대읇G (P-Bandai)","HG KERBEROS BuCUE HOUND (ASTRAYS ALEC LADD CUSTOM)","1650","1500","21450","14.3","12諛?14.3諛?諛섏퐫 怨듭떇 ?뺢? 100% ?쇱튂"
"2750","2020-03","MG","?쒖젙/?대읇G (P-Bandai)","MG 1/100 MISSION PACK B-TYPE & K-TYPE for GUNDAM F90","2640","2400","34320","14.3","12諛?14.3諛?諛섏퐫 怨듭떇 ?뺢? 100% ?쇱튂"
"2751","2020-10","HG","?쒖젙/?대읇G (P-Bandai)","HG 1/144 GUNDAM SHINING BREAK(BEFORE)","1980","1800","25740","14.3","12諛?14.3諛?諛섏퐫 怨듭떇 ?뺢? 100% ?쇱튂"
"2752","2020-06","PG","?쒖젙/?대읇G (P-Bandai)","PG 1/60 00GUNDAM SEVEN SWORD/G INSPECTION","25300","23000","328900","14.3","12諛?14.3諛?諛섏퐫 怨듭떇 ?뺢? 100% ?쇱튂"
"2753","2020-09","MG","?쒖젙/?대읇G (P-Bandai)","MG 1/100 MISSION PACK O-TYPE & U-TYPE for GUNDAM F90","2640","2400","34320","14.3","12諛?14.3諛?諛섏퐫 怨듭떇 ?뺢? 100% ?쇱튂"
"2754","2020-12","MG","?쒖젙/?대읇G (P-Bandai)","MG 1/100 MISSION PACK D-TYPE & G-TYPE for GUNDAM F90","2640","2400","34320","14.3","12諛?14.3諛?諛섏퐫 怨듭떇 ?뺢? 100% ?쇱튂"
"2755","2020-08","MG","?쒖젙/?대읇G (P-Bandai)","MG 1/100 FLIGHT UNIT EXPANSION SET for GUNDAM ASTRAY RED FRAME","2200","2000","28600","14.3","12諛?14.3諛?諛섏퐫 怨듭떇 ?뺢? 100% ?쇱튂"
"276","2008-02-23","HG","?쒖젙/?대읇G (P-Bandai)","HG MOBILE CGUE (ASTRAYS XIST ELWES CUSTOM)","1320","1200","17160","14.3","12諛?14.3諛?諛섏퐫 怨듭떇 ?뺢? 100% ?쇱튂"
"277","2008-03-26","HG","?쒖젙/?대읇G (P-Bandai)","HG GUNDAM ASTRAY GREEN FRAME TROJAN NOIRET CUSTOM","1320","1200","17160","14.3","12諛?14.3諛?諛섏퐫 怨듭떇 ?뺢? 100% ?쇱튂"
"2773","2020-06","RG","?쒖젙/?대읇G (P-Bandai)","RG1/144 DESTINY GUNDAM[TITANIUM FINISH]","7150","6500","92950","14.3","12諛?14.3諛?諛섏퐫 怨듭떇 ?뺢? 100% ?쇱튂"
"2774","2021-01","RG","?쒖젙/?대읇G (P-Bandai)","RG 1/144 STRIKE FREEDOM GUNDAM[TITANIUM FINISH]","8250","7500","107250","14.3","12諛?14.3諛?諛섏퐫 怨듭떇 ?뺢? 100% ?쇱튂"
"2775","2020-08","HG","?쒖젙/?대읇G (P-Bandai)","HG 1/144 CROSSBONE GUNDAM X1 FULL CLOTH","2530","2300","32890","14.3","12諛?14.3諛?諛섏퐫 怨듭떇 ?뺢? 100% ?쇱튂"
"2776","2020-09","MG","?쒖젙/?대읇G (P-Bandai)","MG 1/100 GMⅡ(A.E.U.G COLOR Ver.)","5500","5000","71500","14.3","12諛?14.3諛?諛섏퐫 怨듭떇 ?뺢? 100% ?쇱튂"
"2777","2020-09","RG","?쒖젙/?대읇G (P-Bandai)","RG 1/144 ν GUNDAM HWS","6600","6000","85800","14.3","12諛?14.3諛?諛섏퐫 怨듭떇 ?뺢? 100% ?쇱튂"
"2778","2020-09","RG","?쒖젙/?대읇G (P-Bandai)","RG 1/144 HWS EXPANSION SET for ν GUNDAM","3300","3000","42900","14.3","12諛?14.3諛?諛섏퐫 怨듭떇 ?뺢? 100% ?쇱튂"
"2779","2020-07","HG","?쒖젙/?대읇G (P-Bandai)","HG 1/144 R-JARJA (Twilight AXIS Ver.)","2090","1900","27170","14.3","12諛?14.3諛?諛섏퐫 怨듭떇 ?뺢? 100% ?쇱튂"
"278","2008-03-26","HG","?쒖젙/?대읇G (P-Bandai)","HG ARMS ASTRAY PMC CUSTOM (LEONS GRAVES)","1650","1500","21450","14.3","12諛?14.3諛?諛섏퐫 怨듭떇 ?뺢? 100% ?쇱튂"
"279","2008-06","HG","?쒖젙/?대읇G (P-Bandai)","HG 1/144 al-Saachez's AEU ENACT CUSTOM AGRISSA TYPE","1100","1000","14300","14.3","12諛?14.3諛?諛섏퐫 怨듭떇 ?뺢? 100% ?쇱튂"
"2794","2016-04","HG","?쒖젙/?대읇G (P-Bandai)","HG 1/144 ZAKU HIGH MOBILITY TEST TYPE","1760","1600","22880","14.3","12諛?14.3諛?諛섏퐫 怨듭떇 ?뺢? 100% ?쇱튂"
"2795","2016-09","RE/100","?쒖젙/?대읇G (P-Bandai)","RE 1/100 EFREET SCHNEID","4290","3900","55770","14.3","12諛?14.3諛?諛섏퐫 怨듭떇 ?뺢? 100% ?쇱튂"
"2796","2016-08","MG","?쒖젙/?대읇G (P-Bandai)","MG 1/100 HYAKU SHIKI-KAI","11000","10000","143000","14.3","12諛?14.3諛?諛섏퐫 怨듭떇 ?뺢? 100% ?쇱튂"
"2797","2016-04","MG","?쒖젙/?대읇G (P-Bandai)","MG 1/100 STAR BUILD STRIKE GUNDAM (RG SYSTEM Ver.)","6600","6000","85800","14.3","12諛?14.3諛?諛섏퐫 怨듭떇 ?뺢? 100% ?쇱튂"
"2798","2016-05","HG","?쒖젙/?대읇G (P-Bandai)","HGUC 1/144 CROSSBONE GUNDAM X2","1760","1600","22880","14.3","12諛?14.3諛?諛섏퐫 怨듭떇 ?뺢? 100% ?쇱튂"
"2799","2016-09","HG","?쒖젙/?대읇G (P-Bandai)","HGUC 1/144 MEGA BAZOOKA LAUNCHER","1760","1600","22880","14.3","12諛?14.3諛?諛섏퐫 怨듭떇 ?뺢? 100% ?쇱튂"
"28","2014-12-13","HG","?쒖젙/?대읇G (P-Bandai)","HGBF 1/144 R-GYAGYA","1980","1800","25740","14.3","12諛?14.3諛?諛섏퐫 怨듭떇 ?뺢? 100% ?쇱튂"
"280","2008-08","HG","?쒖젙/?대읇G (P-Bandai)","HG 1/144 AEU ENACT Demonstration Color","1100","1000","14300","14.3","12諛?14.3諛?諛섏퐫 怨듭떇 ?뺢? 100% ?쇱튂"
"2800","2016-08","HG","?쒖젙/?대읇G (P-Bandai)","HGCE 1/144 BLAST IMPULSE GUNDAM","1760","1600","22880","14.3","12諛?14.3諛?諛섏퐫 怨듭떇 ?뺢? 100% ?쇱튂"
"2801","2016-04","HG","?쒖젙/?대읇G (P-Bandai)","HG 1/144 Ez-SR-FOXHOUND","1760","1600","22880","14.3","12諛?14.3諛?諛섏퐫 怨듭떇 ?뺢? 100% ?쇱튂"
"2802","2016-08","HG","?쒖젙/?대읇G (P-Bandai)","HGBF 1/144 GHOST JEGAN F","1760","1600","22880","14.3","12諛?14.3諛?諛섏퐫 怨듭떇 ?뺢? 100% ?쇱튂"
"2803","2016-08","HG","?쒖젙/?대읇G (P-Bandai)","HGBF 1/144 GHOST JEGAN M","1760","1600","22880","14.3","12諛?14.3諛?諛섏퐫 怨듭떇 ?뺢? 100% ?쇱튂"
"2804","2016-11","HG","?쒖젙/?대읇G (P-Bandai)","HG 1/144 SUPER FUMINA TITANS MAID Ver.","1760","1600","22880","14.3","12諛?14.3諛?諛섏퐫 怨듭떇 ?뺢? 100% ?쇱튂"
"2805","2016-07","MG","?쒖젙/?대읇G (P-Bandai)","MG 1/100 POWERED GM","3300","3000","42900","14.3","12諛?14.3諛?諛섏퐫 怨듭떇 ?뺢? 100% ?쇱튂"
"2806","2016-05","MG","?쒖젙/?대읇G (P-Bandai)","MG 1/100 FREEDOM GUNDAM Ver.2.0 FULL BURST MODE SPECIAL COATING Ver.","11000","10000","143000","14.3","12諛?14.3諛?諛섏퐫 怨듭떇 ?뺢? 100% ?쇱튂"
"2807","2016-10","HG","?쒖젙/?대읇G (P-Bandai)","HG 1/144 GUNDAM MARINE TYPE [GUNDIVER]","2200","2000","28600","14.3","12諛?14.3諛?諛섏퐫 怨듭떇 ?뺢? 100% ?쇱튂"
"2808","2016-11","MG","?쒖젙/?대읇G (P-Bandai)","MG 1/100 WEAPON & ARMOR HANGER for FULL ARMOR GUNDAM [GUNDAM THUNDERBOLT] Ver.Ka","2860","2600","37180","14.3","12諛?14.3諛?諛섏퐫 怨듭떇 ?뺢? 100% ?쇱튂"
"2809","2016-12","MG","?쒖젙/?대읇G (P-Bandai)","MG 1/100 ν GUNDAM HWS Ver.Ka","10340","9400","134420","14.3","12諛?14.3諛?諛섏퐫 怨듭떇 ?뺢? 100% ?쇱튂"
"281","2008-09","HG","?쒖젙/?대읇G (P-Bandai)","HG 1/144 GN ARMS TYPE-D + GUNDAM DYNAMES","6600","6000","85800","14.3","12諛?14.3諛?諛섏퐫 怨듭떇 ?뺢? 100% ?쇱튂"
"2810","2016-10","MG","?쒖젙/?대읇G (P-Bandai)","MG 1/100 GUNDAM HEAVYARMS CUSTOM EW","5280","4800","68640","14.3","12諛?14.3諛?諛섏퐫 怨듭떇 ?뺢? 100% ?쇱튂"
"2811","2016-09","MG","?쒖젙/?대읇G (P-Bandai)","MG 1/100 IMPULSE GUNDAM BLANCHE","6160","5600","80080","14.3","12諛?14.3諛?諛섏퐫 怨듭떇 ?뺢? 100% ?쇱튂"
"2812","2016-10","MG","?쒖젙/?대읇G (P-Bandai)","MG 1/100 PERFECT STRIKE GUNDAM SPECIAL COATING Ver.","11000","10000","143000","14.3","12諛?14.3諛?諛섏퐫 怨듭떇 ?뺢? 100% ?쇱튂"
"2813","2016-12","HG","?쒖젙/?대읇G (P-Bandai)","HG 1/144 SWORD IMPULSE GUNDAM","1650","1500","21450","14.3","12諛?14.3諛?諛섏퐫 怨듭떇 ?뺢? 100% ?쇱튂"
"282","2009-01","HG","?쒖젙/?대읇G (P-Bandai)","HG 1/144 O RAISER","880","800","11440","14.3","12諛?14.3諛?諛섏퐫 怨듭떇 ?뺢? 100% ?쇱튂"
"283","2009-01","HG","?쒖젙/?대읇G (P-Bandai)","HG 1/144 GADESSA","1650","1500","21450","14.3","12諛?14.3諛?諛섏퐫 怨듭떇 ?뺢? 100% ?쇱튂"
"2839","2016-09","RG","?쒖젙/?대읇G (P-Bandai)","RG 1/144 EXPANSION SET for RG SINANJU","2310","2100","30030","14.3","12諛?14.3諛?諛섏퐫 怨듭떇 ?뺢? 100% ?쇱튂"
"284","2008-12-07","HG","?쒖젙/?대읇G (P-Bandai)","HG 1/144 BUSHIDO'S AHEAD","1320","1200","17160","14.3","12諛?14.3諛?諛섏퐫 怨듭떇 ?뺢? 100% ?쇱튂"
"2840","2016-06","HG","?쒖젙/?대읇G (P-Bandai)","HGUC 1/144 GOUF（21stCENTURY REAL TYPE Ver.）","1760","1600","22880","14.3","12諛?14.3諛?諛섏퐫 怨듭떇 ?뺢? 100% ?쇱튂"
"2841","2016-06","HG","?쒖젙/?대읇G (P-Bandai)","HGUC 1/144 RX-78 GUNDAM （21stCENTURY REAL TYPE Ver.）","1760","1600","22880","14.3","12諛?14.3諛?諛섏퐫 怨듭떇 ?뺢? 100% ?쇱튂"
"2842","2016-07","HG","?쒖젙/?대읇G (P-Bandai)","HG 1/144 GUNDAM BARBATOS COMPLETE SET","3300","3000","42900","14.3","12諛?14.3諛?諛섏퐫 怨듭떇 ?뺢? 100% ?쇱튂"
"2848","2014-04","その他","?쒖젙/?대읇G (P-Bandai)","","1760","1600","22880","14.3","12諛?14.3諛?諛섏퐫 怨듭떇 ?뺢? 100% ?쇱튂"
"2849","2017-02","HG","?쒖젙/?대읇G (P-Bandai)","HG 1/144 MS-04 BUGU","1760","1600","22880","14.3","12諛?14.3諛?諛섏퐫 怨듭떇 ?뺢? 100% ?쇱튂"
"285","2009-04","HG","?쒖젙/?대읇G (P-Bandai)","HG 1/144 AHEAD SMULTRON","1320","1200","17160","14.3","12諛?14.3諛?諛섏퐫 怨듭떇 ?뺢? 100% ?쇱튂"
"2850","2016-09","HG","?쒖젙/?대읇G (P-Bandai)","HGUC 1/144 LYDO WOLF'S GM SNIPER II","1760","1600","22880","14.3","12諛?14.3諛?諛섏퐫 怨듭떇 ?뺢? 100% ?쇱튂"
"2851","2016-11","MG","?쒖젙/?대읇G (P-Bandai)","MG 1/100 MS-06R-2 ROBERT GILLIAM’S ZAKU II","5500","5000","71500","14.3","12諛?14.3諛?諛섏퐫 怨듭떇 ?뺢? 100% ?쇱튂"
"2852","2016-12","HG","?쒖젙/?대읇G (P-Bandai)","HG 1/144 IO FRAME SHIDEN CUSTOM (RYUSEI-GO)","1320","1200","17160","14.3","12諛?14.3諛?諛섏퐫 怨듭떇 ?뺢? 100% ?쇱튂"
"2853","2017-01","HG","?쒖젙/?대읇G (P-Bandai)","HG 1/144 HUGO TWIN SET","3300","3000","42900","14.3","12諛?14.3諛?諛섏퐫 怨듭떇 ?뺢? 100% ?쇱튂"
"2854","2017-03","HG","?쒖젙/?대읇G (P-Bandai)","HG 1/144 IOK'S MOBILE REGINLAZE","1650","1500","21450","14.3","12諛?14.3諛?諛섏퐫 怨듭떇 ?뺢? 100% ?쇱튂"
"2855","2017-06","MG","?쒖젙/?대읇G (P-Bandai)","MG 1/100 DRAGOON DISPLAY EFFECT for PROVIDENCE GUNDAM","2420","2200","31460","14.3","12諛?14.3諛?諛섏퐫 怨듭떇 ?뺢? 100% ?쇱튂"
"2856","2017-04","HG","?쒖젙/?대읇G (P-Bandai)","HG 1/144 GUNDAM FLAUROS (CALAMITY WAR TYPE)","1870","1700","24310","14.3","12諛?14.3諛?諛섏퐫 怨듭떇 ?뺢? 100% ?쇱튂"
"2857","2017-05","HG","?쒖젙/?대읇G (P-Bandai)","HG 1/144 MOBILE REGINLAZE (STANDARD TYPE)","1320","1200","17160","14.3","12諛?14.3諛?諛섏퐫 怨듭떇 ?뺢? 100% ?쇱튂"
"2858","2017-05","HG","?쒖젙/?대읇G (P-Bandai)","HG 1/144 GELGOOG（UNICORN Ver.）","1870","1700","24310","14.3","12諛?14.3諛?諛섏퐫 怨듭떇 ?뺢? 100% ?쇱튂"
"2859","2017-12","MG","?쒖젙/?대읇G (P-Bandai)","MG 1/100 ENHANCED EXPANSION PARTS FOR ZZ GUNDAM Ver.Ka","2200","2000","28600","14.3","12諛?14.3諛?諛섏퐫 怨듭떇 ?뺢? 100% ?쇱튂"
"286","2009-04","HG","?쒖젙/?대읇G (P-Bandai)","HG 1/144 TRANS-AM RAISER","2200","2000","28600","14.3","12諛?14.3諛?諛섏퐫 怨듭떇 ?뺢? 100% ?쇱튂"
"2860","2017-07","MG","?쒖젙/?대읇G (P-Bandai)","MG 1/100　OO XN RAISER","8800","8000","114400","14.3","12諛?14.3諛?諛섏퐫 怨듭떇 ?뺢? 100% ?쇱튂"
"2861","2017-11","MG","?쒖젙/?대읇G (P-Bandai)","MG 1/100 DEBORAH’S ADVANCED GN-X","4620","4200","60060","14.3","12諛?14.3諛?諛섏퐫 怨듭떇 ?뺢? 100% ?쇱튂"
"2862","2017-07","HG","?쒖젙/?대읇G (P-Bandai)","HG 1/144 ORGA'S IO FRAME SHIDEN CUSTOM","1320","1200","17160","14.3","12諛?14.3諛?諛섏퐫 怨듭떇 ?뺢? 100% ?쇱튂"
"2863","2017-05","HG","?쒖젙/?대읇G (P-Bandai)","HG 1/144 ZAKU ⅡFZ TYPE-B (UNICORN Ver.)","1870","1700","24310","14.3","12諛?14.3諛?諛섏퐫 怨듭떇 ?뺢? 100% ?쇱튂"
"2864","2017-08","MG","?쒖젙/?대읇G (P-Bandai)","MG 1/100 CASVAL'S GUNDAM Ver.3.0","4950","4500","64350","14.3","12諛?14.3諛?諛섏퐫 怨듭떇 ?뺢? 100% ?쇱튂"
"2866","2017-09","RE/100","?쒖젙/?대읇G (P-Bandai)","RE/100 1/100 BAWOO (MASS PRODUCTION TYPE)","3850","3500","50050","14.3","12諛?14.3諛?諛섏퐫 怨듭떇 ?뺢? 100% ?쇱튂"
"2867","2017-06","PG","?쒖젙/?대읇G (P-Bandai)","PG 1/60 CLEAR COLOR BODY for TRANS-AM RAISER","4180","3800","54340","14.3","12諛?14.3諛?諛섏퐫 怨듭떇 ?뺢? 100% ?쇱튂"
"2868","2017-10","HG","?쒖젙/?대읇G (P-Bandai)","HG 1/144 STRIKE FREEDOM GUNDAM “WINGS OF LIGHT” DX EDITION","2420","2200","31460","14.3","12諛?14.3諛?諛섏퐫 怨듭떇 ?뺢? 100% ?쇱튂"
"2869","2017-11","HG","?쒖젙/?대읇G (P-Bandai)","HG 1/144 RX-78-01[N] GUNDAM LOCAL TYPE[ROLLOUT COLOR]","2200","2000","28600","14.3","12諛?14.3諛?諛섏퐫 怨듭떇 ?뺢? 100% ?쇱튂"
"287","2009-06","HG","?쒖젙/?대읇G (P-Bandai)","HG 1/144 O GUNDAM（Type A.C.D.）","1540","1400","20020","14.3","12諛?14.3諛?諛섏퐫 怨듭떇 ?뺢? 100% ?쇱튂"
"2870","2017-11","HG","?쒖젙/?대읇G (P-Bandai)","HG 1/144 GRAZE GROUND TYPE TWIN SET","3520","3200","45760","14.3","12諛?14.3諛?諛섏퐫 怨듭떇 ?뺢? 100% ?쇱튂"
"2872","2016-04","HG","?쒖젙/?대읇G (P-Bandai)","HGBF 1/144 Hi-vGUNDAM INFLUX","1760","1600","22880","14.3","12諛?14.3諛?諛섏퐫 怨듭떇 ?뺢? 100% ?쇱튂"
"2873","2021-05","MG","?쒖젙/?대읇G (P-Bandai)","MG 1/100 EXPANSION PARTS SET for MOBILE SUIT GUNDAM W EW SERIES (The Glory of Losers Ver.)","3520","3200","45760","14.3","12諛?14.3諛?諛섏퐫 怨듭떇 ?뺢? 100% ?쇱튂"
"288","2009-05","HG","?쒖젙/?대읇G (P-Bandai)","HG 1/144 ARCHE GUNDAM","2090","1900","27170","14.3","12諛?14.3諛?諛섏퐫 怨듭떇 ?뺢? 100% ?쇱튂"
"289","2009-08","HG","?쒖젙/?대읇G (P-Bandai)","HG 1/144 ARIOS GUNDAM GNHW/M","2200","2000","28600","14.3","12諛?14.3諛?諛섏퐫 怨듭떇 ?뺢? 100% ?쇱튂"
"29","2015-03-21","HG","?쒖젙/?대읇G (P-Bandai)","HGBF 1/144 WING GUNDAM ZERO HONOO","1980","1800","25740","14.3","12諛?14.3諛?諛섏퐫 怨듭떇 ?뺢? 100% ?쇱튂"
"290","2009-09-04","HG","?쒖젙/?대읇G (P-Bandai)","HG 1/144 SERAVEE GUNDAM GNHW/B","2200","2000","28600","14.3","12諛?14.3諛?諛섏퐫 怨듭떇 ?뺢? 100% ?쇱튂"
"2905","2025-02","RG","?쒖젙/?대읇G (P-Bandai)","RG 1/144 UNICORN GUNDAM 02 BANSHEE NORN (FINAL BATTLE Ver.) [SPECIAL COATING]","13750","12500","178750","14.3","12諛?14.3諛?諛섏퐫 怨듭떇 ?뺢? 100% ?쇱튂"
"2906","2021-12","HG","?쒖젙/?대읇G (P-Bandai)","HG 1/144 GUNDAM ZABANYA (FINAL BATTLE Ver.)","3080","2800","40040","14.3","12諛?14.3諛?諛섏퐫 怨듭떇 ?뺢? 100% ?쇱튂"
"2907","2025-02","HG","?쒖젙/?대읇G (P-Bandai)","HG 1/144 DELTA ZAYIN","7700","7000","100100","14.3","12諛?14.3諛?諛섏퐫 怨듭떇 ?뺢? 100% ?쇱튂"
"2908","2025-02","HG","?쒖젙/?대읇G (P-Bandai)","HG 1/144 ZAKUⅡ F TYPE CHUBS & KALE +  ZAKUⅡ (UNIDENTIFIED TYPE) SOLARI CUSTOM PARTS SET (RFV)","6050","5500","78650","14.3","12諛?14.3諛?諛섏퐫 怨듭떇 ?뺢? 100% ?쇱튂"
"2909","2025-02","HG","?쒖젙/?대읇G (P-Bandai)","HG 1/144 D GUNDAM FIRST","2530","2300","32890","14.3","12諛?14.3諛?諛섏퐫 怨듭떇 ?뺢? 100% ?쇱튂"
"291","2009-09-10","HG","?쒖젙/?대읇G (P-Bandai)","HG 1/144 REBORNS GUNDAM","2200","2000","28600","14.3","12諛?14.3諛?諛섏퐫 怨듭떇 ?뺢? 100% ?쇱튂"
"2910","2025-02","HG","?쒖젙/?대읇G (P-Bandai)","HG 1/144 DESULTOR","2860","2600","37180","14.3","12諛?14.3諛?諛섏퐫 怨듭떇 ?뺢? 100% ?쇱튂"
"292","2009-01","HG","?쒖젙/?대읇G (P-Bandai)","HG 1/144 EXIA TRANSAM MODE","1320","1200","17160","14.3","12諛?14.3諛?諛섏퐫 怨듭떇 ?뺢? 100% ?쇱튂"
"293","2009-01","HG","?쒖젙/?대읇G (P-Bandai)","HG 1/144 DYNAMES TRANSAM MODE","1320","1200","17160","14.3","12諛?14.3諛?諛섏퐫 怨듭떇 ?뺢? 100% ?쇱튂"
"2938","2025-03-22","MG","?쒖젙/?대읇G (P-Bandai)","MG 1/100 GUNDAM VIDAR","6600","6000","85800","14.3","12諛?14.3諛?諛섏퐫 怨듭떇 ?뺢? 100% ?쇱튂"
"2939","2025-03-22","HG","?쒖젙/?대읇G (P-Bandai)","HG 1/144 PSYCHO GUNDAM Mk-II","11000","10000","143000","14.3","12諛?14.3諛?諛섏퐫 怨듭떇 ?뺢? 100% ?쇱튂"
"294","2009-01","HG","?쒖젙/?대읇G (P-Bandai)","HG 1/144 KYRIOS TRANSAM MODE","1650","1500","21450","14.3","12諛?14.3諛?諛섏퐫 怨듭떇 ?뺢? 100% ?쇱튂"
"295","2009-01","HG","?쒖젙/?대읇G (P-Bandai)","HG 1/144 VIRTUE TRANSAM MODE","1650","1500","21450","14.3","12諛?14.3諛?諛섏퐫 怨듭떇 ?뺢? 100% ?쇱튂"
"296","2009-02","HG","?쒖젙/?대읇G (P-Bandai)","HG 1/144 SERAPHIM GUNDAM","1320","1200","17160","14.3","12諛?14.3諛?諛섏퐫 怨듭떇 ?뺢? 100% ?쇱튂"
"297","2009-01","HG","?쒖젙/?대읇G (P-Bandai)","HG 1/144 GN-X III ESF TYPE","1760","1600","22880","14.3","12諛?14.3諛?諛섏퐫 怨듭떇 ?뺢? 100% ?쇱튂"
"2971","2025-04-12","HG","?쒖젙/?대읇G (P-Bandai)","HG 1/144 POLICE ZAKU","2200","2000","28600","14.3","12諛?14.3諛?諛섏퐫 怨듭떇 ?뺢? 100% ?쇱튂"
"2972","2025-04-26","オプションパーツセット","?쒖젙/?대읇G (P-Bandai)","OPTION PARTS SET GUNPLA 16 (METEOR HOPPER)","880","800","11440","14.3","12諛?14.3諛?諛섏퐫 怨듭떇 ?뺢? 100% ?쇱튂"
"298","2009-02","HG","?쒖젙/?대읇G (P-Bandai)","HG 1/144 SERGEI'S TIEREN TAOZI","1650","1500","21450","14.3","12諛?14.3諛?諛섏퐫 怨듭떇 ?뺢? 100% ?쇱튂"
"299","2009-06","HG","?쒖젙/?대읇G (P-Bandai)","HG 1/144 GUNDAM EXIA REPAIR II","1540","1400","20020","14.3","12諛?14.3諛?諛섏퐫 怨듭떇 ?뺢? 100% ?쇱튂"
"3","2013-04-13","HG","?쒖젙/?대읇G (P-Bandai)","HG 1/144 GUNDAM AGE-1 FULL GRANSA","1760","1600","22880","14.3","12諛?14.3諛?諛섏퐫 怨듭떇 ?뺢? 100% ?쇱튂"
"30","2015-01-10","HG","?쒖젙/?대읇G (P-Bandai)","HGBF 1/144 GUNDAM AMAZING RED WARRIOR","1980","1800","25740","14.3","12諛?14.3諛?諛섏퐫 怨듭떇 ?뺢? 100% ?쇱튂"
"300","2009-06","HG","?쒖젙/?대읇G (P-Bandai)","HG 1/144 SUSANOWO","1870","1700","24310","14.3","12諛?14.3諛?諛섏퐫 怨듭떇 ?뺢? 100% ?쇱튂"
"3004","2025-08-23","MGSD","?쒖젙/?대읇G (P-Bandai)","MGSD GUNDAM AERIAL","4620","4200","60060","14.3","12諛?14.3諛?諛섏퐫 怨듭떇 ?뺢? 100% ?쇱튂"
"301","2009-08","HG","?쒖젙/?대읇G (P-Bandai)","HG 1/144 GADDESS","1760","1600","22880","14.3","12諛?14.3諛?諛섏퐫 怨듭떇 ?뺢? 100% ?쇱튂"
"302","2009-06","HG","?쒖젙/?대읇G (P-Bandai)","HG 1/144 Hiling Care's GARAZZO","1650","1500","21450","14.3","12諛?14.3諛?諛섏퐫 怨듭떇 ?뺢? 100% ?쇱튂"
"303","2009-09-04","HG","?쒖젙/?대읇G (P-Bandai)","HG 1/144 O GUNDAM","1320","1200","17160","14.3","12諛?14.3諛?諛섏퐫 怨듭떇 ?뺢? 100% ?쇱튂"
"3037","2025-04-11","その他","?쒖젙/?대읇G (P-Bandai)","1/144 RX-78F00/E GUNDAM (EX-001 G.L.R.S.S. Feather UNIT)","1320","1200","17160","14.3","12諛?14.3諛?諛섏퐫 怨듭떇 ?뺢? 100% ?쇱튂"
"3038","2025-04-11","ENTRY GRADE","?쒖젙/?대읇G (P-Bandai)","ENTRY GRADE 1/144 RX-78F00/E GUNDAM","1100","1000","14300","14.3","12諛?14.3諛?諛섏퐫 怨듭떇 ?뺢? 100% ?쇱튂"
"3039","2025-04-11","ENTRY GRADE","?쒖젙/?대읇G (P-Bandai)","ENTRY GRADE 1/144 OPTION PARTS SET for RX-78F00/E GUNDAM (EX-001 G.L.R.S.S. Feather UNIT)","1100","1000","14300","14.3","12諛?14.3諛?諛섏퐫 怨듭떇 ?뺢? 100% ?쇱튂"
"304","2009-10-15","HG","?쒖젙/?대읇G (P-Bandai)","HG 1/144 OO RAISER+GN SWORD III","2530","2300","32890","14.3","12諛?14.3諛?諛섏퐫 怨듭떇 ?뺢? 100% ?쇱튂"
"305","2009-12-10","HG","?쒖젙/?대읇G (P-Bandai)","HG 1/144 MASURAO","1650","1500","21450","14.3","12諛?14.3諛?諛섏퐫 怨듭떇 ?뺢? 100% ?쇱튂"
"306","2010-02-10","HG","?쒖젙/?대읇G (P-Bandai)","HG 1/144 OO GUNDAM SEVEN SWORD/G","1760","1600","22880","14.3","12諛?14.3諛?諛섏퐫 怨듭떇 ?뺢? 100% ?쇱튂"
"307","2009-12-17","HG","?쒖젙/?대읇G (P-Bandai)","HG 1/144 ARIOS GUNDAM (TRANS-AM MODE)","1650","1500","21450","14.3","12諛?14.3諛?諛섏퐫 怨듭떇 ?뺢? 100% ?쇱튂"
"3070","2025-05-03","アクションベース","?쒖젙/?대읇G (P-Bandai)","ACTION BASE 7 [CLEAR COLOR] Mobile Suit Gundam GQuuuuuuX STICKERS SET","770","700","10010","14.3","12諛?14.3諛?諛섏퐫 怨듭떇 ?뺢? 100% ?쇱튂"
"3071","2025-05-03","HG","?쒖젙/?대읇G (P-Bandai)","HG 1/144 SUGAI'S GELGOOG（GQ)","2420","2200","31460","14.3","12諛?14.3諛?諛섏퐫 怨듭떇 ?뺢? 100% ?쇱튂"
"308","2009-12-17","HG","?쒖젙/?대읇G (P-Bandai)","HG 1/144 SERAVEE GUNDAM & SERAPHIM GUNDAM (TRANS-AM MODE)","2640","2400","34320","14.3","12諛?14.3諛?諛섏퐫 怨듭떇 ?뺢? 100% ?쇱튂"
"309","2010-01-14","HG","?쒖젙/?대읇G (P-Bandai)","HG 1/144 REBORNS GUNDAM (TRANS-AM MODE)","1760","1600","22880","14.3","12諛?14.3諛?諛섏퐫 怨듭떇 ?뺢? 100% ?쇱튂"
"31","2015-01-24","HG","?쒖젙/?대읇G (P-Bandai)","HGBF 1/144 HI-MOCK","880","800","11440","14.3","12諛?14.3諛?諛섏퐫 怨듭떇 ?뺢? 100% ?쇱튂"
"310","2010-04-22","HG","?쒖젙/?대읇G (P-Bandai)","HG 1/144 GUNDAM ASTRAEA TYPE-F","1760","1600","22880","14.3","12諛?14.3諛?諛섏퐫 怨듭떇 ?뺢? 100% ?쇱튂"
"3103","2025-05-31","HG","?쒖젙/?대읇G (P-Bandai)","HG 1/144 RED GUNDAM","2750","2500","35750","14.3","12諛?14.3諛?諛섏퐫 怨듭떇 ?뺢? 100% ?쇱튂"
"311","2010-10-09","HG","?쒖젙/?대읇G (P-Bandai)","HG 1/144 OO RAISER GN CONDENSER TYPE","2200","2000","28600","14.3","12諛?14.3諛?諛섏퐫 怨듭떇 ?뺢? 100% ?쇱튂"
"312","2010-08-07","HG","?쒖젙/?대읇G (P-Bandai)","HG 1/144 OO QAN[T]","2090","1900","27170","14.3","12諛?14.3諛?諛섏퐫 怨듭떇 ?뺢? 100% ?쇱튂"
"313","2010-09-18","HG","?쒖젙/?대읇G (P-Bandai)","HG 1/144 GUNDAM HARUTE","1980","1800","25740","14.3","12諛?14.3諛?諛섏퐫 怨듭떇 ?뺢? 100% ?쇱튂"
"3136","2014-09","RE/100","?쒖젙/?대읇G (P-Bandai)","RE/100 1/100 MSN-04 II NIGHTINGALE","5500","5000","71500","14.3","12諛?14.3諛?諛섏퐫 怨듭떇 ?뺢? 100% ?쇱튂"
"3137","2015-01","RE/100","?쒖젙/?대읇G (P-Bandai)","RE/100 1/100 GUNDAM MK-III","5500","5000","71500","14.3","12諛?14.3諛?諛섏퐫 怨듭떇 ?뺢? 100% ?쇱튂"
"3138","2015-04","RE/100","?쒖젙/?대읇G (P-Bandai)","RE/100 1/100 GUNDAM GP04 GERBERA","5500","5000","71500","14.3","12諛?14.3諛?諛섏퐫 怨듭떇 ?뺢? 100% ?쇱튂"
"3139","2015-06","RE/100","?쒖젙/?대읇G (P-Bandai)","RE/100 1/100 DIJEH","5500","5000","71500","14.3","12諛?14.3諛?諛섏퐫 怨듭떇 ?뺢? 100% ?쇱튂"
"314","2010-09-24","HG","?쒖젙/?대읇G (P-Bandai)","HG 1/144 RAPHAEL GUNDAM","2200","2000","28600","14.3","12諛?14.3諛?諛섏퐫 怨듭떇 ?뺢? 100% ?쇱튂"
"3140","2016-04","RE/100","?쒖젙/?대읇G (P-Bandai)","RE/100 1/100 EFREET CUSTOM","5500","5000","71500","14.3","12諛?14.3諛?諛섏퐫 怨듭떇 ?뺢? 100% ?쇱튂"
"3141","2016-11","RE/100","?쒖젙/?대읇G (P-Bandai)","RE/100 1/100 BAWOO","4290","3900","55770","14.3","12諛?14.3諛?諛섏퐫 怨듭떇 ?뺢? 100% ?쇱튂"
"3142","2017-02","RE/100","?쒖젙/?대읇G (P-Bandai)","RE/100 1/100 REBAWOO","5500","5000","71500","14.3","12諛?14.3諛?諛섏퐫 怨듭떇 ?뺢? 100% ?쇱튂"
"3143","2017-07","RE/100","?쒖젙/?대읇G (P-Bandai)","RE/100 1/100 HAMMA-HAMMA","5500","5000","71500","14.3","12諛?14.3諛?諛섏퐫 怨듭떇 ?뺢? 100% ?쇱튂"
"3144","2018-02","RE/100","?쒖젙/?대읇G (P-Bandai)","RE/100 1/100 GUNCANNON DETECTOR","5500","5000","71500","14.3","12諛?14.3諛?諛섏퐫 怨듭떇 ?뺢? 100% ?쇱튂"
"3145","2018-06","RE/100","?쒖젙/?대읇G (P-Bandai)","RE/100 1/100 VIGNA-GHINA","5500","5000","71500","14.3","12諛?14.3諛?諛섏퐫 怨듭떇 ?뺢? 100% ?쇱튂"
"3146","2018-09","RE/100","?쒖젙/?대읇G (P-Bandai)","RE/100 1/100 GYUNEI GUSS’S JAGD DOGA","5500","5000","71500","14.3","12諛?14.3諛?諛섏퐫 怨듭떇 ?뺢? 100% ?쇱튂"
"3147","2018-12","RE/100","?쒖젙/?대읇G (P-Bandai)","RE/100 1/100 GUN EZ","5500","5000","71500","14.3","12諛?14.3諛?諛섏퐫 怨듭떇 ?뺢? 100% ?쇱튂"
"3148","2019-05","RE/100","?쒖젙/?대읇G (P-Bandai)","RE/100 1/100 VIGNA-GHINA Ⅱ","5500","5000","71500","14.3","12諛?14.3諛?諛섏퐫 怨듭떇 ?뺢? 100% ?쇱튂"
"3149","2019-07","RE/100","?쒖젙/?대읇G (P-Bandai)","RE/100 1/100 ZAKUⅡ FZ","5500","5000","71500","14.3","12諛?14.3諛?諛섏퐫 怨듭떇 ?뺢? 100% ?쇱튂"
"315","2010-11-13","HG","?쒖젙/?대읇G (P-Bandai)","HG 1/144 BRAVE (COMMANDER TEST TYPE)","1760","1600","22880","14.3","12諛?14.3諛?諛섏퐫 怨듭떇 ?뺢? 100% ?쇱튂"
"3150","2016-01","その他","?쒖젙/?대읇G (P-Bandai)","1/100 MCGILLIS'S SCHWALBE GRAZE","3300","3000","42900","14.3","12諛?14.3諛?諛섏퐫 怨듭떇 ?뺢? 100% ?쇱튂"
"3151","2017-01","MG","?쒖젙/?대읇G (P-Bandai)","MG 1/100 RGM-179 GM II","5500","5000","71500","14.3","12諛?14.3諛?諛섏퐫 怨듭떇 ?뺢? 100% ?쇱튂"
"316","2010-11-13","HG","?쒖젙/?대읇G (P-Bandai)","HG 1/144 BRAVE (STANDARD TEST TYPE)","1760","1600","22880","14.3","12諛?14.3諛?諛섏퐫 怨듭떇 ?뺢? 100% ?쇱튂"
"3169","2025-06-28","RG","?쒖젙/?대읇G (P-Bandai)","RG 1/144 SHINING GUNDAM","4180","3800","54340","14.3","12諛?14.3諛?諛섏퐫 怨듭떇 ?뺢? 100% ?쇱튂"
"317","2011-09-23","HG","?쒖젙/?대읇G (P-Bandai)","HG 1/144 GUNDAM AGE-1 NORMAL","1650","1500","21450","14.3","12諛?14.3諛?諛섏퐫 怨듭떇 ?뺢? 100% ?쇱튂"
"3170","2025-06-07","HG","?쒖젙/?대읇G (P-Bandai)","HG 1/144 BOCATA'S GELGOOG(GQ)","2420","2200","31460","14.3","12諛?14.3諛?諛섏퐫 怨듭떇 ?뺢? 100% ?쇱튂"
"3171","2025-06-07","Figure-rise Standard","?쒖젙/?대읇G (P-Bandai)","Figure-rise Standard AMATE YUZURIHA(MACHU)","4180","3800","54340","14.3","12諛?14.3諛?諛섏퐫 怨듭떇 ?뺢? 100% ?쇱튂"
"318","2011-11-19","HG","?쒖젙/?대읇G (P-Bandai)","HG 1/144 GUNDAM AGE-1 TITUS","1650","1500","21450","14.3","12諛?14.3諛?諛섏퐫 怨듭떇 ?뺢? 100% ?쇱튂"
"319","2011-12-17","HG","?쒖젙/?대읇G (P-Bandai)","HG 1/144 G-EXES","1320","1200","17160","14.3","12諛?14.3諛?諛섏퐫 怨듭떇 ?뺢? 100% ?쇱튂"
"32","2015-01-24","HG","?쒖젙/?대읇G (P-Bandai)","HGBC 1/144 MOCK ARMY SET","660","600","8580","14.3","12諛?14.3諛?諛섏퐫 怨듭떇 ?뺢? 100% ?쇱튂"
"320","2011-10-01","HG","?쒖젙/?대읇G (P-Bandai)","HG 1/144 GAFRAN","1320","1200","17160","14.3","12諛?14.3諛?諛섏퐫 怨듭떇 ?뺢? 100% ?쇱튂"
"3202","2025-03","HG","?쒖젙/?대읇G (P-Bandai)","HG 1/144 ZAKU II HIGH MOBILITY TYPE","2750","2500","35750","14.3","12諛?14.3諛?諛섏퐫 怨듭떇 ?뺢? 100% ?쇱튂"
"3203","2025-03","RG","?쒖젙/?대읇G (P-Bandai)","RG 1/144 SWORD IMPULSE GUNDAM SpecII","4180","3800","54340","14.3","12諛?14.3諛?諛섏퐫 怨듭떇 ?뺢? 100% ?쇱튂"
"3204","2025-04","HG","?쒖젙/?대읇G (P-Bandai)","HG 1/144 ZAKU DESERT TYPE PINK PANTHER FORCES","2640","2400","34320","14.3","12諛?14.3諛?諛섏퐫 怨듭떇 ?뺢? 100% ?쇱튂"
"3205","2025-04","HG","?쒖젙/?대읇G (P-Bandai)","HG 1/144 G-LINE LIGHT ARMOR","3630","3300","47190","14.3","12諛?14.3諛?諛섏퐫 怨듭떇 ?뺢? 100% ?쇱튂"
"3206","2025-05","HG","?쒖젙/?대읇G (P-Bandai)","HG 1/144 REBEN-WOLF (A.O.Z RE-BOOT Ver.)","3520","3200","45760","14.3","12諛?14.3諛?諛섏퐫 怨듭떇 ?뺢? 100% ?쇱튂"
"3207","2025-06","HG","?쒖젙/?대읇G (P-Bandai)","","2640","2400","34320","14.3","12諛?14.3諛?諛섏퐫 怨듭떇 ?뺢? 100% ?쇱튂"
"3208","2025-06","HG","?쒖젙/?대읇G (P-Bandai)","","2640","2400","34320","14.3","12諛?14.3諛?諛섏퐫 怨듭떇 ?뺢? 100% ?쇱튂"
"3209","2025-06","MG","?쒖젙/?대읇G (P-Bandai)","","5280","4800","68640","14.3","12諛?14.3諛?諛섏퐫 怨듭떇 ?뺢? 100% ?쇱튂"
"321","2012-02-11","HG","?쒖젙/?대읇G (P-Bandai)","HG 1/144 ADELE","1320","1200","17160","14.3","12諛?14.3諛?諛섏퐫 怨듭떇 ?뺢? 100% ?쇱튂"
"3210","2025-06","RG","?쒖젙/?대읇G (P-Bandai)","","5500","5000","71500","14.3","12諛?14.3諛?諛섏퐫 怨듭떇 ?뺢? 100% ?쇱튂"
"322","2012-02-25","HG","?쒖젙/?대읇G (P-Bandai)","HG 1/144 ZEYDRA","1650","1500","21450","14.3","12諛?14.3諛?諛섏퐫 怨듭떇 ?뺢? 100% ?쇱튂"
"323","2012-07-14","HG","?쒖젙/?대읇G (P-Bandai)","HG 1/144 GUNDAM AGE-2 DARK HOUND","1650","1500","21450","14.3","12諛?14.3諛?諛섏퐫 怨듭떇 ?뺢? 100% ?쇱튂"
"3235","2025-07-05","HG","?쒖젙/?대읇G (P-Bandai)","HG 1/144 LIGHT-TYPE GUNCANNON","2200","2000","28600","14.3","12諛?14.3諛?諛섏퐫 怨듭떇 ?뺢? 100% ?쇱튂"
"3236","2025-07-05","HG","?쒖젙/?대읇G (P-Bandai)","HG 1/144 XAVIER'S GYAN HAKUJI-PACKS","2860","2600","37180","14.3","12諛?14.3諛?諛섏퐫 怨듭떇 ?뺢? 100% ?쇱튂"
"3237","2025-07-12","オプションパーツセット","?쒖젙/?대읇G (P-Bandai)","OPTION PARTS SET GUNPLA 17 (BINDER GUN)","660","600","8580","14.3","12諛?14.3諛?諛섏퐫 怨듭떇 ?뺢? 100% ?쇱튂"
"3238","2025-07-26","Figure-rise Standard","?쒖젙/?대읇G (P-Bandai)","Figure-rise Standard NYAAN","4180","3800","54340","14.3","12諛?14.3諛?諛섏퐫 怨듭떇 ?뺢? 100% ?쇱튂"
"324","2011-11-12","HG","?쒖젙/?대읇G (P-Bandai)","HG 1/144 GENOACE CUSTOM","1320","1200","17160","14.3","12諛?14.3諛?諛섏퐫 怨듭떇 ?뺢? 100% ?쇱튂"
"325","2011-12-10","HG","?쒖젙/?대읇G (P-Bandai)","HG 1/144 BAQTO","1650","1500","21450","14.3","12諛?14.3諛?諛섏퐫 怨듭떇 ?뺢? 100% ?쇱튂"
"326","2012-03-17","HG","?쒖젙/?대읇G (P-Bandai)","HG 1/144 GENOACE II","1320","1200","17160","14.3","12諛?14.3諛?諛섏퐫 怨듭떇 ?뺢? 100% ?쇱튂"
"3268","2025-07","MG","?쒖젙/?대읇G (P-Bandai)","MG 1/100 Ex-S GUNDAM/S GUNDAM (TASK FORCE α Ver.)","13200","12000","171600","14.3","12諛?14.3諛?諛섏퐫 怨듭떇 ?뺢? 100% ?쇱튂"
"3269","2025-07","HG","?쒖젙/?대읇G (P-Bandai)","HG 1/144 GUNDAM ZIRIUS","2970","2700","38610","14.3","12諛?14.3諛?諛섏퐫 怨듭떇 ?뺢? 100% ?쇱튂"
"327","2012-01-28","HG","?쒖젙/?대읇G (P-Bandai)","HG 1/144 ZEDAS R","1650","1500","21450","14.3","12諛?14.3諛?諛섏퐫 怨듭떇 ?뺢? 100% ?쇱튂"
"3270","2025-07","HG","?쒖젙/?대읇G (P-Bandai)","HG 1/144 GENOACE O CUSTOM","1980","1800","25740","14.3","12諛?14.3諛?諛섏퐫 怨듭떇 ?뺢? 100% ?쇱튂"
"328","2012-01-28","HG","?쒖젙/?대읇G (P-Bandai)","HG 1/144 DORADO","1320","1200","17160","14.3","12諛?14.3諛?諛섏퐫 怨듭떇 ?뺢? 100% ?쇱튂"
"329","2012-04-28","HG","?쒖젙/?대읇G (P-Bandai)","HG 1/144 FARSIA","1320","1200","17160","14.3","12諛?14.3諛?諛섏퐫 怨듭떇 ?뺢? 100% ?쇱튂"
"33","2015-01-10","HG","?쒖젙/?대읇G (P-Bandai)","HGBC 1/144 KURENAI WEAPON","660","600","8580","14.3","12諛?14.3諛?諛섏퐫 怨듭떇 ?뺢? 100% ?쇱튂"
"330","2011-11-19","HG","?쒖젙/?대읇G (P-Bandai)","HG 1/144 R01 AILE STRIKE GUNDAM","1320","1200","17160","14.3","12諛?14.3諛?諛섏퐫 怨듭떇 ?뺢? 100% ?쇱튂"
"3302","2025-08-08","HG","?쒖젙/?대읇G (P-Bandai)","HG 1/144 GALLUSS-J","2750","2500","35750","14.3","12諛?14.3諛?諛섏퐫 怨듭떇 ?뺢? 100% ?쇱튂"
"3303","2025-08-02","HG","?쒖젙/?대읇G (P-Bandai)","HG 1/144 GFreD","2860","2600","37180","14.3","12諛?14.3諛?諛섏퐫 怨듭떇 ?뺢? 100% ?쇱튂"
"331","2011-11-19","HG","?쒖젙/?대읇G (P-Bandai)","HG 1/144 R02 DUEL GUNDAM","1320","1200","17160","14.3","12諛?14.3諛?諛섏퐫 怨듭떇 ?뺢? 100% ?쇱튂"
"332","2011-11-19","HG","?쒖젙/?대읇G (P-Bandai)","HG 1/144 R03 BUSTER GUNDAM","1100","1000","14300","14.3","12諛?14.3諛?諛섏퐫 怨듭떇 ?뺢? 100% ?쇱튂"
"333","2011-11-19","HG","?쒖젙/?대읇G (P-Bandai)","HG 1/144 R04 BLITZ GUNDAM","1320","1200","17160","14.3","12諛?14.3諛?諛섏퐫 怨듭떇 ?뺢? 100% ?쇱튂"
"3334","2025-08","HG","?쒖젙/?대읇G (P-Bandai)","HG 1/144 DESTINY GUNDAM SpecⅡ[FINAL BATTLE IMAGE COLOR]","2970","2700","38610","14.3","12諛?14.3諛?諛섏퐫 怨듭떇 ?뺢? 100% ?쇱튂"
"3335","2025-08","MG","?쒖젙/?대읇G (P-Bandai)","MG 1/100 BLAZE ZAKU PHANTOM (DEARKA ELTHMAN CUSTOM)","5390","4900","70070","14.3","12諛?14.3諛?諛섏퐫 怨듭떇 ?뺢? 100% ?쇱튂"
"3336","2025-08","RG","?쒖젙/?대읇G (P-Bandai)","RG 1/144 MS-06S ZAKUⅡ [HATSUNE MIKU Ver.]","3850","3500","50050","14.3","12諛?14.3諛?諛섏퐫 怨듭떇 ?뺢? 100% ?쇱튂"
"3337","2025-08","HG","?쒖젙/?대읇G (P-Bandai)","HG 1/144 MESSER TYPE-F02 MINELAYER","3740","3400","48620","14.3","12諛?14.3諛?諛섏퐫 怨듭떇 ?뺢? 100% ?쇱튂"
"334","2011-11-19","HG","?쒖젙/?대읇G (P-Bandai)","HG 1/144 R05 AEGIS GUNDAM","1320","1200","17160","14.3","12諛?14.3諛?諛섏퐫 怨듭떇 ?뺢? 100% ?쇱튂"
"335","2011-11-19","HG","?쒖젙/?대읇G (P-Bandai)","HG 1/144 R06 MOBILE GINN","1100","1000","14300","14.3","12諛?14.3諛?諛섏퐫 怨듭떇 ?뺢? 100% ?쇱튂"
"336","2012-01-21","HG","?쒖젙/?대읇G (P-Bandai)","HG 1/144 R07 MOBILE CGUE","1320","1200","17160","14.3","12諛?14.3諛?諛섏퐫 怨듭떇 ?뺢? 100% ?쇱튂"
"3367","2024-08-31","30 MINUTES LABEL","?쒖젙/?대읇G (P-Bandai)","30MF LIBER KNIGHT","2200","2000","26400","14.3","12諛?14.3諛?諛섏퐫 怨듭떇 ?뺢? 100% ?쇱튂"
"3368","2024-08-31","30 MINUTES LABEL","?쒖젙/?대읇G (P-Bandai)","30MF CLASS UP ARMOR (LIBER HOLY KNIGHT)","770","700","9240","14.3","12諛?14.3諛?諛섏퐫 怨듭떇 ?뺢? 100% ?쇱튂"
"337","2012-01-21","HG","?쒖젙/?대읇G (P-Bandai)","HG 1/144 R08 CALAMITY GUNDAM","1320","1200","17160","14.3","12諛?14.3諛?諛섏퐫 怨듭떇 ?뺢? 100% ?쇱튂"
"338","2012-01","HG","?쒖젙/?대읇G (P-Bandai)","HG 1/144 R09 FORBIDDEN GUNDAM","1650","1500","21450","14.3","12諛?14.3諛?諛섏퐫 怨듭떇 ?뺢? 100% ?쇱튂"
"339","2012-01-21","HG","?쒖젙/?대읇G (P-Bandai)","HG 1/144 R10 RAIDER GUNDAM","1650","1500","21450","14.3","12諛?14.3諛?諛섏퐫 怨듭떇 ?뺢? 100% ?쇱튂"
"34","2015-02-21","HG","?쒖젙/?대읇G (P-Bandai)","HGBF 1/144 Hi-NU GUNDAM VRABE","2640","2400","34320","14.3","12諛?14.3諛?諛섏퐫 怨듭떇 ?뺢? 100% ?쇱튂"
"340","2012-02-29","HG","?쒖젙/?대읇G (P-Bandai)","HG 1/144 R15 FREEDOM GUNDAM","1650","1500","21450","14.3","12諛?14.3諛?諛섏퐫 怨듭떇 ?뺢? 100% ?쇱튂"
"3400","2024-08-31","30 MINUTES LABEL","?쒖젙/?대읇G (P-Bandai)","30MF CLASS UP ARMOR (LIBER PALADIN)","770","700","9240","14.3","12諛?14.3諛?諛섏퐫 怨듭떇 ?뺢? 100% ?쇱튂"
"3401","2024-09-28","30 MINUTES LABEL","?쒖젙/?대읇G (P-Bandai)","30MF ROSAN KNIGHT","2200","2000","26400","14.3","12諛?14.3諛?諛섏퐫 怨듭떇 ?뺢? 100% ?쇱튂"
"3402","2024-09-28","30 MINUTES LABEL","?쒖젙/?대읇G (P-Bandai)","30MF CLASS UP ARMOR (ROSAN HOLY KNIGHT)","770","700","9240","14.3","12諛?14.3諛?諛섏퐫 怨듭떇 ?뺢? 100% ?쇱튂"
"3403","2024-09-28","30 MINUTES LABEL","?쒖젙/?대읇G (P-Bandai)","30MF CLASS UP ARMOR (ROSAN PALADIN)","770","700","9240","14.3","12諛?14.3諛?諛섏퐫 怨듭떇 ?뺢? 100% ?쇱튂"
"3404","2024-09-28","30 MINUTES LABEL","?쒖젙/?대읇G (P-Bandai)","30MF ITEM SHOP 1 (KNIGHT OPTION)","660","600","7920","14.3","12諛?14.3諛?諛섏퐫 怨듭떇 ?뺢? 100% ?쇱튂"
"3405","2024-11-23","30 MINUTES LABEL","?쒖젙/?대읇G (P-Bandai)","30MF LIBER FIGHTER","2200","2000","26400","14.3","12諛?14.3諛?諛섏퐫 怨듭떇 ?뺢? 100% ?쇱튂"
"3406","2024-11-23","30 MINUTES LABEL","?쒖젙/?대읇G (P-Bandai)","30MF CLASS UP ARMOR (LIBER WARRIOR)","770","700","9240","14.3","12諛?14.3諛?諛섏퐫 怨듭떇 ?뺢? 100% ?쇱튂"
"3407","2024-11-23","30 MINUTES LABEL","?쒖젙/?대읇G (P-Bandai)","30MF CLASS UP ARMOR (LIBER VIKING)","770","700","9240","14.3","12諛?14.3諛?諛섏퐫 怨듭떇 ?뺢? 100% ?쇱튂"
"3408","2024-12-21","30 MINUTES LABEL","?쒖젙/?대읇G (P-Bandai)","30MF ROSAN FIGHTER","2200","2000","26400","14.3","12諛?14.3諛?諛섏퐫 怨듭떇 ?뺢? 100% ?쇱튂"
"3409","2024-12-21","30 MINUTES LABEL","?쒖젙/?대읇G (P-Bandai)","30MF CLASS UP ARMOR (ROSAN WARRIOR)","770","700","9240","14.3","12諛?14.3諛?諛섏퐫 怨듭떇 ?뺢? 100% ?쇱튂"
"341","2012-02-25","HG","?쒖젙/?대읇G (P-Bandai)","HG 1/144 R11 LaGOWE","1540","1400","20020","14.3","12諛?14.3諛?諛섏퐫 怨듭떇 ?뺢? 100% ?쇱튂"
"3410","2024-12-21","30 MINUTES LABEL","?쒖젙/?대읇G (P-Bandai)","30MF CLASS UP ARMOR (ROSAN VIKING)","770","700","9240","14.3","12諛?14.3諛?諛섏퐫 怨듭떇 ?뺢? 100% ?쇱튂"
"3411","2024-12-21","30 MINUTES LABEL","?쒖젙/?대읇G (P-Bandai)","30MF ITEM SHOP 2 (FIGHTER OPTION)","660","600","7920","14.3","12諛?14.3諛?諛섏퐫 怨듭떇 ?뺢? 100% ?쇱튂"
"3412","2025-01-17","30 MINUTES LABEL","?쒖젙/?대읇G (P-Bandai)","30MF LIBER PRIEST","1760","1600","22880","14.3","12諛?14.3諛?諛섏퐫 怨듭떇 ?뺢? 100% ?쇱튂"
"3413","2025-01-17","30 MINUTES LABEL","?쒖젙/?대읇G (P-Bandai)","30MF CLASS UP ARMOR (LIBER BISHOP)","770","700","9240","14.3","12諛?14.3諛?諛섏퐫 怨듭떇 ?뺢? 100% ?쇱튂"
"3414","2025-02-15","30 MINUTES LABEL","?쒖젙/?대읇G (P-Bandai)","30MF ROSAN PRIEST","1760","1600","22880","14.3","12諛?14.3諛?諛섏퐫 怨듭떇 ?뺢? 100% ?쇱튂"
"3415","2025-02-15","30 MINUTES LABEL","?쒖젙/?대읇G (P-Bandai)","30MF CLASS UP ARMOR (ROSAN BISHOP)","770","700","9240","14.3","12諛?14.3諛?諛섏퐫 怨듭떇 ?뺢? 100% ?쇱튂"
"3416","2025-03-08","30 MINUTES LABEL","?쒖젙/?대읇G (P-Bandai)","30MF LIBER ARCHER","2420","2200","29040","14.3","12諛?14.3諛?諛섏퐫 怨듭떇 ?뺢? 100% ?쇱튂"
"3417","2025-03-15","30 MINUTES LABEL","?쒖젙/?대읇G (P-Bandai)","30MF ROSAN ARCHER","2420","2200","29040","14.3","12諛?14.3諛?諛섏퐫 怨듭떇 ?뺢? 100% ?쇱튂"
"3418","2025-05-24","30 MINUTES LABEL","?쒖젙/?대읇G (P-Bandai)","30MF LIBER ASSASSIN","1760","1600","22880","14.3","12諛?14.3諛?諛섏퐫 怨듭떇 ?뺢? 100% ?쇱튂"
"3419","2025-05-24","30 MINUTES LABEL","?쒖젙/?대읇G (P-Bandai)","30MF LIBER LANCER","1760","1600","22880","14.3","12諛?14.3諛?諛섏퐫 怨듭떇 ?뺢? 100% ?쇱튂"
"342","2012-06-23","HG","?쒖젙/?대읇G (P-Bandai)","HG 1/144 R16 M1 ASTRAY","1540","1400","20020","14.3","12諛?14.3諛?諛섏퐫 怨듭떇 ?뺢? 100% ?쇱튂"
"3420","2025-05-24","30 MINUTES LABEL","?쒖젙/?대읇G (P-Bandai)","30MF CLASS UP ARMOR(LIBER ASSASSIN SLASH)","770","700","9240","14.3","12諛?14.3諛?諛섏퐫 怨듭떇 ?뺢? 100% ?쇱튂"
"3421","2025-06-14","30 MINUTES LABEL","?쒖젙/?대읇G (P-Bandai)","30MF ROSAN ASSASSIN","1760","1600","22880","14.3","12諛?14.3諛?諛섏퐫 怨듭떇 ?뺢? 100% ?쇱튂"
"3422","2025-06-14","30 MINUTES LABEL","?쒖젙/?대읇G (P-Bandai)","30MF ROSAN LANCER","1760","1600","22880","14.3","12諛?14.3諛?諛섏퐫 怨듭떇 ?뺢? 100% ?쇱튂"
"3423","2025-06-14","30 MINUTES LABEL","?쒖젙/?대읇G (P-Bandai)","30MF CLASS UP ARMOR(ROSAN ASSASSIN SLASH)","770","700","9240","14.3","12諛?14.3諛?諛섏퐫 怨듭떇 ?뺢? 100% ?쇱튂"
"3424","2025-06-14","30 MINUTES LABEL","?쒖젙/?대읇G (P-Bandai)","30MF ITEM SHOP 3 (WEAPON OPTION)","660","600","7920","14.3","12諛?14.3諛?諛섏퐫 怨듭떇 ?뺢? 100% ?쇱튂"
"3425","2025-07-19","30 MINUTES LABEL","?쒖젙/?대읇G (P-Bandai)","30MF LIBER WIZARD","1760","1600","22880","14.3","12諛?14.3諛?諛섏퐫 怨듭떇 ?뺢? 100% ?쇱튂"
"3426","2025-07-19","30 MINUTES LABEL","?쒖젙/?대읇G (P-Bandai)","30MF CLASS UP ARMOR (LIBER SORCERER)","770","700","9240","14.3","12諛?14.3諛?諛섏퐫 怨듭떇 ?뺢? 100% ?쇱튂"
"3427","2025-07-19","30 MINUTES LABEL","?쒖젙/?대읇G (P-Bandai)","30MF CLASS UP ARMOR (LIBER ENCHANTER)","770","700","9240","14.3","12諛?14.3諛?諛섏퐫 怨듭떇 ?뺢? 100% ?쇱튂"
"343","2012-02-25","HG","?쒖젙/?대읇G (P-Bandai)","HG 1/144 R12 MOBILE BuCUE","1540","1400","20020","14.3","12諛?14.3諛?諛섏퐫 怨듭떇 ?뺢? 100% ?쇱튂"
"3433","2021-08-28","30 MINUTES LABEL","?쒖젙/?대읇G (P-Bandai)","30MS SIS-G00 RISHETTA [COLOR A]","2530","2300","30360","14.3","12諛?14.3諛?諛섏퐫 怨듭떇 ?뺢? 100% ?쇱튂"
"3434","2021-08-28","30 MINUTES LABEL","?쒖젙/?대읇G (P-Bandai)","30MS OPTION HAIR STYLE PARTS Vol.1 All 4 TYPES PIGTAILS 1 [PINK 1]","660","600","7920","14.3","12諛?14.3諛?諛섏퐫 怨듭떇 ?뺢? 100% ?쇱튂"
"3435","2021-08-28","30 MINUTES LABEL","?쒖젙/?대읇G (P-Bandai)","30MS OPTION HAIR STYLE PARTS Vol.1 All 4 TYPES PIGTAILS 2 [YELLOW 1]","660","600","7920","14.3","12諛?14.3諛?諛섏퐫 怨듭떇 ?뺢? 100% ?쇱튂"
"3436","2021-08-28","30 MINUTES LABEL","?쒖젙/?대읇G (P-Bandai)","30MS OPTION HAIR STYLE PARTS Vol.1 All 4 TYPES SHORT HAIR 1 [RED 1]","660","600","7920","14.3","12諛?14.3諛?諛섏퐫 怨듭떇 ?뺢? 100% ?쇱튂"
"3437","2021-08-28","30 MINUTES LABEL","?쒖젙/?대읇G (P-Bandai)","30MS OPTION HAIR STYLE PARTS Vol.1 All 4 TYPES SHORT HAIR 2 [NAVY 1]","660","600","7920","14.3","12諛?14.3諛?諛섏퐫 怨듭떇 ?뺢? 100% ?쇱튂"
"3438","2021-08-28","30 MINUTES LABEL","?쒖젙/?대읇G (P-Bandai)","30MS OPTION BODY PARTS TYPE G01 [COLOR A]","880","800","10560","14.3","12諛?14.3諛?諛섏퐫 怨듭떇 ?뺢? 100% ?쇱튂"
"3439","2021-08-28","30 MINUTES LABEL","?쒖젙/?대읇G (P-Bandai)","30MS OPTION PARTS SET 1 (SPEED ARMOR)","1650","1500","19800","14.3","12諛?14.3諛?諛섏퐫 怨듭떇 ?뺢? 100% ?쇱튂"
"344","2012-02-25","HG","?쒖젙/?대읇G (P-Bandai)","HG 1/144 R13 PROVIDENCE GUNDAM","1980","1800","25740","14.3","12諛?14.3諛?諛섏퐫 怨듭떇 ?뺢? 100% ?쇱튂"
"3440","2021-09-25","30 MINUTES LABEL","?쒖젙/?대읇G (P-Bandai)","30MS OPTION BODY PARTS TYPE A01 [COLOR B]","880","800","10560","14.3","12諛?14.3諛?諛섏퐫 怨듭떇 ?뺢? 100% ?쇱튂"
"3441","2021-09-25","30 MINUTES LABEL","?쒖젙/?대읇G (P-Bandai)","30MS SIS-A00 TIASHA [COLOR B]","2530","2300","30360","14.3","12諛?14.3諛?諛섏퐫 怨듭떇 ?뺢? 100% ?쇱튂"
"3442","2021-09-25","30 MINUTES LABEL","?쒖젙/?대읇G (P-Bandai)","30MS OPTION PARTS SET 2 (FLIGHT ARMOR)","1650","1500","19800","14.3","12諛?14.3諛?諛섏퐫 怨듭떇 ?뺢? 100% ?쇱튂"
"3443","2021-09-25","30 MINUTES LABEL","?쒖젙/?대읇G (P-Bandai)","30MS OPTION HAIR STYLE PARTS Vol.2 All 4 TYPES PONYTAIL HAIR 1 [NAVY 1]","660","600","7920","14.3","12諛?14.3諛?諛섏퐫 怨듭떇 ?뺢? 100% ?쇱튂"
"3444","2021-09-25","30 MINUTES LABEL","?쒖젙/?대읇G (P-Bandai)","30MS OPTION HAIR STYLE PARTS Vol.2 All 4 TYPES PONYTAIL HAIR 2 [RED 2]","660","600","7920","14.3","12諛?14.3諛?諛섏퐫 怨듭떇 ?뺢? 100% ?쇱튂"
"3445","2021-09-25","30 MINUTES LABEL","?쒖젙/?대읇G (P-Bandai)","30MS OPTION HAIR STYLE PARTS Vol.2 All 4 TYPES MEDIUM HAIR 1 [BROWN 1]","660","600","7920","14.3","12諛?14.3諛?諛섏퐫 怨듭떇 ?뺢? 100% ?쇱튂"
"3446","2021-09-25","30 MINUTES LABEL","?쒖젙/?대읇G (P-Bandai)","30MS OPTION HAIR STYLE PARTS Vol.2 All 4 TYPES MEDIUM HAIR 2 [PURPLE1]","660","600","7920","14.3","12諛?14.3諛?諛섏퐫 怨듭떇 ?뺢? 100% ?쇱튂"
"3447","2021-10-23","30 MINUTES LABEL","?쒖젙/?대읇G (P-Bandai)","30MS SIS-A00 LULUCE [COLOR C]","1760","1600","22880","14.3","12諛?14.3諛?諛섏퐫 怨듭떇 ?뺢? 100% ?쇱튂"
"3448","2021-10-23","30 MINUTES LABEL","?쒖젙/?대읇G (P-Bandai)","30MS OPTION PARTS SET 3 (MECHANICHAL UNIT)","1650","1500","19800","14.3","12諛?14.3諛?諛섏퐫 怨듭떇 ?뺢? 100% ?쇱튂"
"3449","2021-11-27","30 MINUTES LABEL","?쒖젙/?대읇G (P-Bandai)","30MS OPTION HAIR STYLE PARTS Vol.3 All 4 TYPES LONG HAIR 1 [BLACK1]","660","600","7920","14.3","12諛?14.3諛?諛섏퐫 怨듭떇 ?뺢? 100% ?쇱튂"
"345","2012-02-29","HG","?쒖젙/?대읇G (P-Bandai)","HG 1/144 R14 JUSTICE GUNDAM","1650","1500","21450","14.3","12諛?14.3諛?諛섏퐫 怨듭떇 ?뺢? 100% ?쇱튂"
"3450","2021-11-27","30 MINUTES LABEL","?쒖젙/?대읇G (P-Bandai)","30MS OPTION HAIR STYLE PARTS Vol.3 All 4 TYPES LONG HAIR 2 [RED2]","660","600","7920","14.3","12諛?14.3諛?諛섏퐫 怨듭떇 ?뺢? 100% ?쇱튂"
"3451","2021-11-27","30 MINUTES LABEL","?쒖젙/?대읇G (P-Bandai)","30MS OPTION HAIR STYLE PARTS Vol.3 All 4 TYPES PIGTAILS 3 [PURPLE1]","660","600","7920","14.3","12諛?14.3諛?諛섏퐫 怨듭떇 ?뺢? 100% ?쇱튂"
"3452","2021-11-27","30 MINUTES LABEL","?쒖젙/?대읇G (P-Bandai)","30MS OPTION HAIR STYLE PARTS Vol.3 All 4 TYPES PONYTAIL HAIR 3 [YELLOW2]","660","600","7920","14.3","12諛?14.3諛?諛섏퐫 怨듭떇 ?뺢? 100% ?쇱튂"
"3453","2021-11-27","30 MINUTES LABEL","?쒖젙/?대읇G (P-Bandai)","30MS OPTION BODY PARTS TYPE G02 [COLOR C]","880","800","10560","14.3","12諛?14.3諛?諛섏퐫 怨듭떇 ?뺢? 100% ?쇱튂"
"3454","2022-01-29","30 MINUTES LABEL","?쒖젙/?대읇G (P-Bandai)","30MS OPTION HAND PARTS [WHITE/BLACK]","1760","1600","22880","14.3","12諛?14.3諛?諛섏퐫 怨듭떇 ?뺢? 100% ?쇱튂"
"3455","2022-02-26","30 MINUTES LABEL","?쒖젙/?대읇G (P-Bandai)","30MS OPTION PARTS SET 4 (STEALTH ARMOR)","1650","1500","19800","14.3","12諛?14.3諛?諛섏퐫 怨듭떇 ?뺢? 100% ?쇱튂"
"3456","2022-02-26","30 MINUTES LABEL","?쒖젙/?대읇G (P-Bandai)","30MS OPTION BODY PARTS TYPE A02 [COLOR A]","880","800","10560","14.3","12諛?14.3諛?諛섏퐫 怨듭떇 ?뺢? 100% ?쇱튂"
"3457","2022-03-19","30 MINUTES LABEL","?쒖젙/?대읇G (P-Bandai)","30MS OPTION FACE PARTS Vol.1 All 4 TYPES FACIAL EXPRESSION SET 1 [COLOR A]","1078","980","12936","14.3","12諛?14.3諛?諛섏퐫 怨듭떇 ?뺢? 100% ?쇱튂"
"3458","2022-03-19","30 MINUTES LABEL","?쒖젙/?대읇G (P-Bandai)","30MS OPTION FACE PARTS Vol.1 All 4 TYPES FACIAL EXPRESSION SET 2 [COLOR B]","1078","980","12936","14.3","12諛?14.3諛?諛섏퐫 怨듭떇 ?뺢? 100% ?쇱튂"
"3459","2022-03-19","30 MINUTES LABEL","?쒖젙/?대읇G (P-Bandai)","30MS OPTION FACE PARTS Vol.1 All 4 TYPES FACIAL EXPRESSION SET 3 [COLOR A]","1078","980","12936","14.3","12諛?14.3諛?諛섏퐫 怨듭떇 ?뺢? 100% ?쇱튂"
"346","2012-05-12","HG","?쒖젙/?대읇G (P-Bandai)","HG 1/144 GUNDAM AGE-3 NORMAL","1760","1600","22880","14.3","12諛?14.3諛?諛섏퐫 怨듭떇 ?뺢? 100% ?쇱튂"
"3460","2022-03-19","30 MINUTES LABEL","?쒖젙/?대읇G (P-Bandai)","30MS OPTION FACE PARTS Vol.1 All 4 TYPES FACIAL EXPRESSION SET 4 [COLOR A]","1078","980","12936","14.3","12諛?14.3諛?諛섏퐫 怨듭떇 ?뺢? 100% ?쇱튂"
"3461","2022-03-19","30 MINUTES LABEL","?쒖젙/?대읇G (P-Bandai)","30MS OPTION HAIR STYLE PARTS Vol.4 ALL 4 TYPES SHORT HAIR 3 [BROWN 2]","660","600","7920","14.3","12諛?14.3諛?諛섏퐫 怨듭떇 ?뺢? 100% ?쇱튂"
"3462","2022-03-19","30 MINUTES LABEL","?쒖젙/?대읇G (P-Bandai)","30MS OPTION HAIR STYLE PARTS Vol.4 ALL 4 TYPES MEDIUM HAIR 3 [PINK 2]","660","600","7920","14.3","12諛?14.3諛?諛섏퐫 怨듭떇 ?뺢? 100% ?쇱튂"
"3463","2022-03-19","30 MINUTES LABEL","?쒖젙/?대읇G (P-Bandai)","30MS OPTION HAIR STYLE PARTS Vol.4 ALL 4 TYPES LONG HAIR 3 [YELLOW 1]","660","600","7920","14.3","12諛?14.3諛?諛섏퐫 怨듭떇 ?뺢? 100% ?쇱튂"
"3464","2022-03-19","30 MINUTES LABEL","?쒖젙/?대읇G (P-Bandai)","30MS OPTION HAIR STYLE PARTS Vol.4 ALL 4 TYPES LONG HAIR 4 [WHITE 1]","660","600","7920","14.3","12諛?14.3諛?諛섏퐫 怨듭떇 ?뺢? 100% ?쇱튂"
"3465","2022-04-29","30 MINUTES LABEL","?쒖젙/?대읇G (P-Bandai)","30MS OPTION PARTS SET 5 (HEAVY ARMOR)","1650","1500","19800","14.3","12諛?14.3諛?諛섏퐫 怨듭떇 ?뺢? 100% ?쇱튂"
"3466","2022-05-28","30 MINUTES LABEL","?쒖젙/?대읇G (P-Bandai)","30MS SIS-Gc69r ALKA-CARTI (QUARTET FORM)","1760","1600","22880","14.3","12諛?14.3諛?諛섏퐫 怨듭떇 ?뺢? 100% ?쇱튂"
"3467","2022-05-28","30 MINUTES LABEL","?쒖젙/?대읇G (P-Bandai)","30MS OPTION BODY PARTS TYPE G03 [COLOR B]","880","800","10560","14.3","12諛?14.3諛?諛섏퐫 怨듭떇 ?뺢? 100% ?쇱튂"
"3468","2022-06-25","30 MINUTES LABEL","?쒖젙/?대읇G (P-Bandai)","30MS SIS-Ac25g FAR-FARINA (CONDUCTOR FORM)","3520","3200","42240","14.3","12諛?14.3諛?諛섏퐫 怨듭떇 ?뺢? 100% ?쇱튂"
"3469","2022-06-25","30 MINUTES LABEL","?쒖젙/?대읇G (P-Bandai)","30MS OPTION HAIR STYLE PARTS Vol.5 ALL 4 TYPES LONG HAIR 4 [BROWN 3]","660","600","7920","14.3","12諛?14.3諛?諛섏퐫 怨듭떇 ?뺢? 100% ?쇱튂"
"347","2012-09-08","HG","?쒖젙/?대읇G (P-Bandai)","HG 1/144 CLANCHE","1430","1300","18590","14.3","12諛?14.3諛?諛섏퐫 怨듭떇 ?뺢? 100% ?쇱튂"
"3470","2022-06-25","30 MINUTES LABEL","?쒖젙/?대읇G (P-Bandai)","30MS OPTION HAIR STYLE PARTS Vol.5 ALL 4 TYPES SHORT HAIR 1 [YELLOW 1]","660","600","7920","14.3","12諛?14.3諛?諛섏퐫 怨듭떇 ?뺢? 100% ?쇱튂"
"3471","2022-06-25","30 MINUTES LABEL","?쒖젙/?대읇G (P-Bandai)","30MS OPTION HAIR STYLE PARTS Vol.5 ALL 4 TYPES PIGTAILS 4 [WHITE 1]","660","600","7920","14.3","12諛?14.3諛?諛섏퐫 怨듭떇 ?뺢? 100% ?쇱튂"
"3472","2022-06-25","30 MINUTES LABEL","?쒖젙/?대읇G (P-Bandai)","30MS OPTION HAIR STYLE PARTS Vol.5 ALL 4 TYPES SHORT HAIR 2 [GREEN 1]","660","600","7920","14.3","12諛?14.3諛?諛섏퐫 怨듭떇 ?뺢? 100% ?쇱튂"
"3473","2022-07-16","30 MINUTES LABEL","?쒖젙/?대읇G (P-Bandai)","30MS OPTION BODY PARTS TYPE S01 [COLOR A]","880","800","10560","14.3","12諛?14.3諛?諛섏퐫 怨듭떇 ?뺢? 100% ?쇱튂"
"3474","2022-07-16","30 MINUTES LABEL","?쒖젙/?대읇G (P-Bandai)","30MS OPTION BODY PARTS ARM PARTS & LEG PARTS [COLOR A]","990","900","11880","14.3","12諛?14.3諛?諛섏퐫 怨듭떇 ?뺢? 100% ?쇱튂"
"3475","2022-08-27","30 MINUTES LABEL","?쒖젙/?대읇G (P-Bandai)","30MS OPTION BODY PARTS TYPE S02 [COLOR B]","880","800","10560","14.3","12諛?14.3諛?諛섏퐫 怨듭떇 ?뺢? 100% ?쇱튂"
"3476","2022-08-27","30 MINUTES LABEL","?쒖젙/?대읇G (P-Bandai)","30MS OPTION BODY PARTS ARM PARTS & LEG PARTS [COLOR B]","990","900","11880","14.3","12諛?14.3諛?諛섏퐫 怨듭떇 ?뺢? 100% ?쇱튂"
"3477","2022-09-17","30 MINUTES LABEL","?쒖젙/?대읇G (P-Bandai)","30MS OPTION BODY PARTS TYPE S03 [COLOR C]","880","800","10560","14.3","12諛?14.3諛?諛섏퐫 怨듭떇 ?뺢? 100% ?쇱튂"
"3478","2022-09-17","30 MINUTES LABEL","?쒖젙/?대읇G (P-Bandai)","30MS OPTION BODY PARTS ARM PARTS & LEG PARTS [COLOR C]","990","900","11880","14.3","12諛?14.3諛?諛섏퐫 怨듭떇 ?뺢? 100% ?쇱튂"
"3479","2022-11-26","30 MINUTES LABEL","?쒖젙/?대읇G (P-Bandai)","30MS SIS-T00 LIRINEL [COLOR A]","1760","1600","22880","14.3","12諛?14.3諛?諛섏퐫 怨듭떇 ?뺢? 100% ?쇱튂"
"348","2012-04-14","HG","?쒖젙/?대읇G (P-Bandai)","HG 1/144 SHALDOLL-KAI","1320","1200","17160","14.3","12諛?14.3諛?諛섏퐫 怨듭떇 ?뺢? 100% ?쇱튂"
"3480","2022-11-26","30 MINUTES LABEL","?쒖젙/?대읇G (P-Bandai)","30MS OPTION HAIR STYLE PARTS Vol.6 ALL 4 TYPES LONG HAIR 1 [PINK 1]","660","600","7920","14.3","12諛?14.3諛?諛섏퐫 怨듭떇 ?뺢? 100% ?쇱튂"
"3481","2022-11-26","30 MINUTES LABEL","?쒖젙/?대읇G (P-Bandai)","30MS OPTION HAIR STYLE PARTS Vol.6 ALL 4 TYPES MEDIUM HAIR 2 [BROWN 1]","660","600","7920","14.3","12諛?14.3諛?諛섏퐫 怨듭떇 ?뺢? 100% ?쇱튂"
"3482","2022-11-26","30 MINUTES LABEL","?쒖젙/?대읇G (P-Bandai)","30MS OPTION HAIR STYLE PARTS Vol.6 ALL 4 TYPES PONYTAIL HAIR 4 [PURPLE 1]","660","600","7920","14.3","12諛?14.3諛?諛섏퐫 怨듭떇 ?뺢? 100% ?쇱튂"
"3483","2022-11-26","30 MINUTES LABEL","?쒖젙/?대읇G (P-Bandai)","30MS OPTION HAIR STYLE PARTS Vol.6 ALL 4 TYPES MEDIUM HAIR 1 [YELLOW 3]","660","600","7920","14.3","12諛?14.3諛?諛섏퐫 怨듭떇 ?뺢? 100% ?쇱튂"
"3484","2022-12-17","30 MINUTES LABEL","?쒖젙/?대읇G (P-Bandai)","30MS SIS-T00 LARANEL[COLOR B]","1760","1600","22880","14.3","12諛?14.3諛?諛섏퐫 怨듭떇 ?뺢? 100% ?쇱튂"
"3485","2023-02-25","30 MINUTES LABEL","?쒖젙/?대읇G (P-Bandai)","30MS SIS-D00 NEVERLIA[COLOR A]","2530","2300","30360","14.3","12諛?14.3諛?諛섏퐫 怨듭떇 ?뺢? 100% ?쇱튂"
"3486","2023-02-25","30 MINUTES LABEL","?쒖젙/?대읇G (P-Bandai)","30MS OPTION HAIR STYLE PARTS Vol.7 ALL 4 TYPES STRAIGHT HAIR 1 [RED 2]","660","600","7920","14.3","12諛?14.3諛?諛섏퐫 怨듭떇 ?뺢? 100% ?쇱튂"
"3487","2023-02-25","30 MINUTES LABEL","?쒖젙/?대읇G (P-Bandai)","30MS OPTION HAIR STYLE PARTS Vol.7 ALL 4 TYPES PONYTAIL HAIR 5 [WHITE 1]","660","600","7920","14.3","12諛?14.3諛?諛섏퐫 怨듭떇 ?뺢? 100% ?쇱튂"
"3488","2023-02-25","30 MINUTES LABEL","?쒖젙/?대읇G (P-Bandai)","30MS OPTION HAIR STYLE PARTS Vol.7 ALL 4 TYPES PIGTAILS 5 [NAVY 1]","660","600","7920","14.3","12諛?14.3諛?諛섏퐫 怨듭떇 ?뺢? 100% ?쇱튂"
"3489","2023-02-25","30 MINUTES LABEL","?쒖젙/?대읇G (P-Bandai)","30MS OPTION HAIR STYLE PARTS Vol.7 ALL 4 TYPES LONG HAIR 2 [YELLOW 2]","660","600","7920","14.3","12諛?14.3諛?諛섏퐫 怨듭떇 ?뺢? 100% ?쇱튂"
"349","2013-02-09","HG","?쒖젙/?대읇G (P-Bandai)","HG 1/144 SHALDOLL ROGUE","1430","1300","18590","14.3","12諛?14.3諛?諛섏퐫 怨듭떇 ?뺢? 100% ?쇱튂"
"3490","2023-02-25","30 MINUTES LABEL","?쒖젙/?대읇G (P-Bandai)","30MS OPTION PARTS SET 6 (CHASER COSTUME) [COLOR A]","1650","1500","19800","14.3","12諛?14.3諛?諛섏퐫 怨듭떇 ?뺢? 100% ?쇱튂"
"3491","2023-03-18","30 MINUTES LABEL","?쒖젙/?대읇G (P-Bandai)","30MS OPTION PARTS SET 7 (EVIL COSTUME) [COLOR A]","1650","1500","19800","14.3","12諛?14.3諛?諛섏퐫 怨듭떇 ?뺢? 100% ?쇱튂"
"3492","2023-03-18","30 MINUTES LABEL","?쒖젙/?대읇G (P-Bandai)","30MS OPTION BODY PARTS ARM PARTS & LEG PARTS [WHITE/BLACK]","990","900","11880","14.3","12諛?14.3諛?諛섏퐫 怨듭떇 ?뺢? 100% ?쇱튂"
"3493","2023-05-27","30 MINUTES LABEL","?쒖젙/?대읇G (P-Bandai)","30MS SIS-Ac19b SIANA-AMARCIA (VIVACE FORM)","3520","3200","42240","14.3","12諛?14.3諛?諛섏퐫 怨듭떇 ?뺢? 100% ?쇱튂"
"3494","2023-05-27","30 MINUTES LABEL","?쒖젙/?대읇G (P-Bandai)","30MS OPTION BODY PARTS TYPE A03 [COLOR C]","880","800","10560","14.3","12諛?14.3諛?諛섏퐫 怨듭떇 ?뺢? 100% ?쇱튂"
"3495","2023-05-19","30 MINUTES LABEL","?쒖젙/?대읇G (P-Bandai)","30MS SIS-Ac65n POWERARI=PALYTON (GRAVE FORM)","1760","1600","22880","14.3","12諛?14.3諛?諛섏퐫 怨듭떇 ?뺢? 100% ?쇱튂"
"3496","2023-06-24","30 MINUTES LABEL","?쒖젙/?대읇G (P-Bandai)","30MS OPTION BODY PARTS TYPE S04 [COLOR C]","880","800","10560","14.3","12諛?14.3諛?諛섏퐫 怨듭떇 ?뺢? 100% ?쇱튂"
"3497","2023-07-29","30 MINUTES LABEL","?쒖젙/?대읇G (P-Bandai)","30MS OPTION HAIR STYLE PARTS Vol.8 ALL 4 TYPES PIGTAILS 6 [YELLOW 1]","660","600","7920","14.3","12諛?14.3諛?諛섏퐫 怨듭떇 ?뺢? 100% ?쇱튂"
"3498","2023-07-29","30 MINUTES LABEL","?쒖젙/?대읇G (P-Bandai)","30MS OPTION HAIR STYLE PARTS Vol.8 ALL 4 TYPES STRAIGHT HAIR 2 [BROWN 3]","660","600","7920","14.3","12諛?14.3諛?諛섏퐫 怨듭떇 ?뺢? 100% ?쇱튂"
"3499","2023-07-29","30 MINUTES LABEL","?쒖젙/?대읇G (P-Bandai)","30MS OPTION HAIR STYLE PARTS Vol.8 ALL 4 TYPES STRAIGHT HAIR 3 [PURPLE 1]","660","600","7920","14.3","12諛?14.3諛?諛섏퐫 怨듭떇 ?뺢? 100% ?쇱튂"
"35","2015-02-14","HG","?쒖젙/?대읇G (P-Bandai)","HGBC 1/144 LIGHTNING BACK WEAPON SYSTEM Mk-II","880","800","11440","14.3","12諛?14.3諛?諛섏퐫 怨듭떇 ?뺢? 100% ?쇱튂"
"350","2012-06-16","HG","?쒖젙/?대읇G (P-Bandai)","HG 1/144 GHIRARGA","1980","1800","25740","14.3","12諛?14.3諛?諛섏퐫 怨듭떇 ?뺢? 100% ?쇱튂"
"3500","2023-07-29","30 MINUTES LABEL","?쒖젙/?대읇G (P-Bandai)","30MS OPTION HAIR STYLE PARTS Vol.8 ALL 4 TYPES LONG HAIR 3 [NAVY 1]","660","600","7920","14.3","12諛?14.3諛?諛섏퐫 怨듭떇 ?뺢? 100% ?쇱튂"
"351","2012-08-08","HG","?쒖젙/?대읇G (P-Bandai)","HG 1/144 GUNDAM AGE-3 ORBITAL","1980","1800","25740","14.3","12諛?14.3諛?諛섏퐫 怨듭떇 ?뺢? 100% ?쇱튂"
"352","2012-08-25","HG","?쒖젙/?대읇G (P-Bandai)","HG 1/144 GUNDAM AGE-FX","2090","1900","27170","14.3","12諛?14.3諛?諛섏퐫 怨듭떇 ?뺢? 100% ?쇱튂"
"353","2012-10-06","HG","?쒖젙/?대읇G (P-Bandai)","HG 1/144 GUNDAM LEGILIS","1980","1800","25740","14.3","12諛?14.3諛?諛섏퐫 怨듭떇 ?뺢? 100% ?쇱튂"
"354","2013-01-19","HG","?쒖젙/?대읇G (P-Bandai)","HG 1/144 GUNDAM AGE-FX BURST","1980","1800","25740","14.3","12諛?14.3諛?諛섏퐫 怨듭떇 ?뺢? 100% ?쇱튂"
"355","2012-05-12","HG","?쒖젙/?대읇G (P-Bandai)","HG 1/144 DANAZINE","1650","1500","21450","14.3","12諛?14.3諛?諛섏퐫 怨듭떇 ?뺢? 100% ?쇱튂"
"356","2012-04-21","HG","?쒖젙/?대읇G (P-Bandai)","HG 1/144 ADELE (DIVA COLOR)","1320","1200","17160","14.3","12諛?14.3諛?諛섏퐫 怨듭떇 ?뺢? 100% ?쇱튂"
"3565","2023-07-29","30 MINUTES LABEL","?쒖젙/?대읇G (P-Bandai)","30MS OPTION FACE PARTS FACIAL EXPRESSION SET 5 [COLOR B]","1078","980","12936","14.3","12諛?14.3諛?諛섏퐫 怨듭떇 ?뺢? 100% ?쇱튂"
"3566","2023-07-29","30 MINUTES LABEL","?쒖젙/?대읇G (P-Bandai)","30MS OPTION FACE PARTS FACIAL EXPRESSION SET 6 [COLOR C]","1078","980","12936","14.3","12諛?14.3諛?諛섏퐫 怨듭떇 ?뺢? 100% ?쇱튂"
"3567","2023-08-26","30 MINUTES LABEL","?쒖젙/?대읇G (P-Bandai)","30MS SIS-M00 ILSHANA [COLOR C]","1760","1600","22880","14.3","12諛?14.3諛?諛섏퐫 怨듭떇 ?뺢? 100% ?쇱튂"
"3568","2023-08-26","30 MINUTES LABEL","?쒖젙/?대읇G (P-Bandai)","30MS OPTION PARTS SET 8 (SCOUT COSTUME) [COLOR C]","1650","1500","19800","14.3","12諛?14.3諛?諛섏퐫 怨듭떇 ?뺢? 100% ?쇱튂"
"3569","2023-09-16","30 MINUTES LABEL","?쒖젙/?대읇G (P-Bandai)","30MS OPTION PARTS SET 9 (COMMANDER COSTUME) [COLOR C]","1650","1500","19800","14.3","12諛?14.3諛?諛섏퐫 怨듭떇 ?뺢? 100% ?쇱튂"
"357","2012-11-23","HG","?쒖젙/?대읇G (P-Bandai)","HG 1/144 GUNDAM AGE-3 FORTRESS","1980","1800","25740","14.3","12諛?14.3諛?諛섏퐫 怨듭떇 ?뺢? 100% ?쇱튂"
"3570","2023-09-16","30 MINUTES LABEL","?쒖젙/?대읇G (P-Bandai)","30MS OPTION PARTS SET 10 (REAPER ARMOR)","1650","1500","19800","14.3","12諛?14.3諛?諛섏퐫 怨듭떇 ?뺢? 100% ?쇱튂"
"3571","2023-11-11","30 MINUTES LABEL","?쒖젙/?대읇G (P-Bandai)","30MS OPTION BODY PARTS TYPE S05 [COLOR A]","880","800","10560","14.3","12諛?14.3諛?諛섏퐫 怨듭떇 ?뺢? 100% ?쇱튂"
"3572","2023-12-09","30 MINUTES LABEL","?쒖젙/?대읇G (P-Bandai)","30MS OPTION BODY PARTS TYPE S06 [COLOR B]","880","800","10560","14.3","12諛?14.3諛?諛섏퐫 怨듭떇 ?뺢? 100% ?쇱튂"
"3573","2023-12-14","30 MINUTES LABEL","?쒖젙/?대읇G (P-Bandai)","30MS SIS-Gc11w STIPLA-STEROY(ARDITO FORM)","1760","1600","22880","14.3","12諛?14.3諛?諛섏퐫 怨듭떇 ?뺢? 100% ?쇱튂"
"3574","2024-01-20","30 MINUTES LABEL","?쒖젙/?대읇G (P-Bandai)","30MS OPTION PARTS SET 11 (FANG COSTUME) [COLOR A]","1650","1500","19800","14.3","12諛?14.3諛?諛섏퐫 怨듭떇 ?뺢? 100% ?쇱튂"
"3575","2024-02-23","30 MINUTES LABEL","?쒖젙/?대읇G (P-Bandai)","30MS SIS-Tc20g TUKIRNA-DIEARTH(INNOCENTE FORM)","1760","1600","22880","14.3","12諛?14.3諛?諛섏퐫 怨듭떇 ?뺢? 100% ?쇱튂"
"3576","2024-03-23","30 MINUTES LABEL","?쒖젙/?대읇G (P-Bandai)","30MS OPTION HAIR STYLE PARTS Vol.9 ALL 4 TYPES PONYTAIL HAIR 6 [BROWN 2]","660","600","7920","14.3","12諛?14.3諛?諛섏퐫 怨듭떇 ?뺢? 100% ?쇱튂"
"3577","2024-03-23","30 MINUTES LABEL","?쒖젙/?대읇G (P-Bandai)","30MS OPTION HAIR STYLE PARTS Vol.9 ALL 4 TYPES MEDIUM HAIR 4 [BLUE 1]","660","600","7920","14.3","12諛?14.3諛?諛섏퐫 怨듭떇 ?뺢? 100% ?쇱튂"
"3578","2024-03-23","30 MINUTES LABEL","?쒖젙/?대읇G (P-Bandai)","30MS OPTION HAIR STYLE PARTS Vol.9 ALL 4 TYPES SHORT HAIR 3 [PINK 2]","660","600","7920","14.3","12諛?14.3諛?諛섏퐫 怨듭떇 ?뺢? 100% ?쇱튂"
"3579","2024-03-23","30 MINUTES LABEL","?쒖젙/?대읇G (P-Bandai)","30MS OPTION HAIR STYLE PARTS Vol.9 ALL 4 TYPES PONYTAIL HAIR 7 [GREEN 2]","660","600","7920","14.3","12諛?14.3諛?諛섏퐫 怨듭떇 ?뺢? 100% ?쇱튂"
"358","2012-07-28","HG","?쒖젙/?대읇G (P-Bandai)","HG 1/144 G-EXES JACKEDGE","1320","1200","17160","14.3","12諛?14.3諛?諛섏퐫 怨듭떇 ?뺢? 100% ?쇱튂"
"3580","2024-03-23","30 MINUTES LABEL","?쒖젙/?대읇G (P-Bandai)","30MS OPTION PARTS SET 12 (REAPER COSTUME) [COLOR A]","1650","1500","19800","14.3","12諛?14.3諛?諛섏퐫 怨듭떇 ?뺢? 100% ?쇱튂"
"3581","2024-06-22","30 MINUTES LABEL","?쒖젙/?대읇G (P-Bandai)","30MS SIS-Dc88w ELIENE-ELIERICA (ELEGANTE FORM)","1760","1600","22880","14.3","12諛?14.3諛?諛섏퐫 怨듭떇 ?뺢? 100% ?쇱튂"
"3582","2024-07-27","30 MINUTES LABEL","?쒖젙/?대읇G (P-Bandai)","30MS SIS-F00 YUFIA [COLOR A]","1760","1600","22880","14.3","12諛?14.3諛?諛섏퐫 怨듭떇 ?뺢? 100% ?쇱튂"
"3583","2024-07-27","30 MINUTES LABEL","?쒖젙/?대읇G (P-Bandai)","30MS OPTION HAIR STYLE PARTS Vol.10 ALL 4 TYPES MEDIUM HAIR 3 [WHITE 1]","660","600","7920","14.3","12諛?14.3諛?諛섏퐫 怨듭떇 ?뺢? 100% ?쇱튂"
"3584","2024-07-27","30 MINUTES LABEL","?쒖젙/?대읇G (P-Bandai)","30MS OPTION HAIR STYLE PARTS Vol.10 ALL 4 TYPES MEDIUM HAIR 5 [RED 3]","660","600","7920","14.3","12諛?14.3諛?諛섏퐫 怨듭떇 ?뺢? 100% ?쇱튂"
"3585","2024-07-27","30 MINUTES LABEL","?쒖젙/?대읇G (P-Bandai)","30MS OPTION HAIR STYLE PARTS Vol.10 ALL 4 TYPES SHORT HAIR 2 [BROWN 4]","660","600","7920","14.3","12諛?14.3諛?諛섏퐫 怨듭떇 ?뺢? 100% ?쇱튂"
"3586","2024-07-27","30 MINUTES LABEL","?쒖젙/?대읇G (P-Bandai)","30MS OPTION HAIR STYLE PARTS Vol.10 ALL 4 TYPES PIGTAILS 7 [BLACK 1]","660","600","7920","14.3","12諛?14.3諛?諛섏퐫 怨듭떇 ?뺢? 100% ?쇱튂"
"3587","2024-07-27","30 MINUTES LABEL","?쒖젙/?대읇G (P-Bandai)","30MS OPTION PARTS SET 13 (TACTICAL COSTUME) [COLOR B]","1650","1500","19800","14.3","12諛?14.3諛?諛섏퐫 怨듭떇 ?뺢? 100% ?쇱튂"
"3588","2024-08-24","30 MINUTES LABEL","?쒖젙/?대읇G (P-Bandai)","30MS OPTION BODY PARTS TYPE MD01 [COLOR A]","1760","1600","22880","14.3","12諛?14.3諛?諛섏퐫 怨듭떇 ?뺢? 100% ?쇱튂"
"3589","2024-08-23","30 MINUTES LABEL","?쒖젙/?대읇G (P-Bandai)","30MS SIS-Tc10m REPLERO-PROPEN(SCHERZANDO FORM)","1760","1600","22880","14.3","12諛?14.3諛?諛섏퐫 怨듭떇 ?뺢? 100% ?쇱튂"
"359","2011-06-18","HGUC","?쒖젙/?대읇G (P-Bandai)","HGUC 1/144 GM CANNON Ⅱ","1540","1400","20020","14.3","12諛?14.3諛?諛섏퐫 怨듭떇 ?뺢? 100% ?쇱튂"
"3590","2024-09-28","30 MINUTES LABEL","?쒖젙/?대읇G (P-Bandai)","30MS OPTION BODY PARTS ARM PARTS & LEG PARTS [BROWN]","990","900","11880","14.3","12諛?14.3諛?諛섏퐫 怨듭떇 ?뺢? 100% ?쇱튂"
"3591","2024-11-30","30 MINUTES LABEL","?쒖젙/?대읇G (P-Bandai)","30MS RISHETTA (FREESIA WEAR) [COLOR A]","1760","1600","22880","14.3","12諛?14.3諛?諛섏퐫 怨듭떇 ?뺢? 100% ?쇱튂"
"3592","2024-11-30","30 MINUTES LABEL","?쒖젙/?대읇G (P-Bandai)","30MS OPTION PARTS SET 14 (SPOTTER COSTUME) [COLOR B]","1650","1500","19800","14.3","12諛?14.3諛?諛섏퐫 怨듭떇 ?뺢? 100% ?쇱튂"
"3593","2024-12-21","30 MINUTES LABEL","?쒖젙/?대읇G (P-Bandai)","30MS OPTION PARTS SET 15 (NIGHTMARE COSTUME) [COLOR C]","1650","1500","19800","14.3","12諛?14.3諛?諛섏퐫 怨듭떇 ?뺢? 100% ?쇱튂"
"3594","2024-12-19","30 MINUTES LABEL","?쒖젙/?대읇G (P-Bandai)","30MS SIS-Dc75b NAUTILICA-TRATILICA(COMODO FORM)","1760","1600","22880","14.3","12諛?14.3諛?諛섏퐫 怨듭떇 ?뺢? 100% ?쇱튂"
"3595","2025-02-15","30 MINUTES LABEL","?쒖젙/?대읇G (P-Bandai)","30MS SIS-N00 SOUREI [COLOR B]","1760","1600","22880","14.3","12諛?14.3諛?諛섏퐫 怨듭떇 ?뺢? 100% ?쇱튂"
"3596","2025-02-15","30 MINUTES LABEL","?쒖젙/?대읇G (P-Bandai)","30MS OPTION PARTS SET 16 (FAIRY COSTUME) [COLOR B]","1650","1500","19800","14.3","12諛?14.3諛?諛섏퐫 怨듭떇 ?뺢? 100% ?쇱튂"
"3597","2025-03-15","30 MINUTES LABEL","?쒖젙/?대읇G (P-Bandai)","30MS OPTION FACE PARTS FACIAL EXPRESSION SET 7 [COLOR A]","1078","980","12936","14.3","12諛?14.3諛?諛섏퐫 怨듭떇 ?뺢? 100% ?쇱튂"
"3598","2025-03-15","30 MINUTES LABEL","?쒖젙/?대읇G (P-Bandai)","30MS OPTION FACE PARTS FACIAL EXPRESSION SET 8 [COLOR B]","1078","980","12936","14.3","12諛?14.3諛?諛섏퐫 怨듭떇 ?뺢? 100% ?쇱튂"
"3599","2025-03-15","30 MINUTES LABEL","?쒖젙/?대읇G (P-Bandai)","30MS OPTION HAIR STYLE PARTS Vol.11 ALL 4 TYPES LONG HAIR 5 [WHITE 1]","660","600","7920","14.3","12諛?14.3諛?諛섏퐫 怨듭떇 ?뺢? 100% ?쇱튂"
"36","2015-03-07","HG","?쒖젙/?대읇G (P-Bandai)","HGBF 1/144 GUNDAM PORTENT","1980","1800","25740","14.3","12諛?14.3諛?諛섏퐫 怨듭떇 ?뺢? 100% ?쇱튂"
"360","2012-03-08","HGUC","?쒖젙/?대읇G (P-Bandai)","HGUC 1/144 DELTA GUNDAM","5720","5200","74360","14.3","12諛?14.3諛?諛섏퐫 怨듭떇 ?뺢? 100% ?쇱튂"
"3600","2025-03-15","30 MINUTES LABEL","?쒖젙/?대읇G (P-Bandai)","30MS OPTION HAIR STYLE PARTS Vol.11 ALL 4 TYPES PIGTAILS 8 [PINK 1]","660","600","7920","14.3","12諛?14.3諛?諛섏퐫 怨듭떇 ?뺢? 100% ?쇱튂"
"3601","2025-03-15","30 MINUTES LABEL","?쒖젙/?대읇G (P-Bandai)","30MS OPTION HAIR STYLE PARTS Vol.11 ALL 4 TYPES PONYTAIL HAIR 3 [BLACK 1]","660","600","7920","14.3","12諛?14.3諛?諛섏퐫 怨듭떇 ?뺢? 100% ?쇱튂"
"3602","2025-03-15","30 MINUTES LABEL","?쒖젙/?대읇G (P-Bandai)","30MS OPTION HAIR STYLE PARTS Vol.11 ALL 4 TYPES LONG HAIR 4 [YELLOW 3]","660","600","7920","14.3","12諛?14.3諛?諛섏퐫 怨듭떇 ?뺢? 100% ?쇱튂"
"3603","2025-04-26","30 MINUTES LABEL","?쒖젙/?대읇G (P-Bandai)","30MS OPTION PARTS SET 17 (AIDER COSTUME) [COLOR A]","1650","1500","19800","14.3","12諛?14.3諛?諛섏퐫 怨듭떇 ?뺢? 100% ?쇱튂"
"3604","2025-05-24","30 MINUTES LABEL","?쒖젙/?대읇G (P-Bandai)","30MS SIS-H00 SESTIEH [COLOR C]","1760","1600","22880","14.3","12諛?14.3諛?諛섏퐫 怨듭떇 ?뺢? 100% ?쇱튂"
"3605","2025-05-24","30 MINUTES LABEL","?쒖젙/?대읇G (P-Bandai)","30MS OPTION PARTS SET 18 (SERGEANT COSTUME) [COLOR C]","1650","1500","19800","14.3","12諛?14.3諛?諛섏퐫 怨듭떇 ?뺢? 100% ?쇱튂"
"3606","2025-05-24","30 MINUTES LABEL","?쒖젙/?대읇G (P-Bandai)","30MS OPTION PARTS SET 19(DASH UNIT) [COLOR A]","1650","1500","19800","14.3","12諛?14.3諛?諛섏퐫 怨듭떇 ?뺢? 100% ?쇱튂"
"3607","2025-06-28","30 MINUTES LABEL","?쒖젙/?대읇G (P-Bandai)","30MS SIS-Y00 SHUREMI [COLOR B]","1760","1600","22880","14.3","12諛?14.3諛?諛섏퐫 怨듭떇 ?뺢? 100% ?쇱튂"
"3608","2025-06-28","30 MINUTES LABEL","?쒖젙/?대읇G (P-Bandai)","30MS OPTION PARTS SET 20(FLOAT UNIT) [COLOR B]","1650","1500","19800","14.3","12諛?14.3諛?諛섏퐫 怨듭떇 ?뺢? 100% ?쇱튂"
"3609","2025-06-23","30 MINUTES LABEL","?쒖젙/?대읇G (P-Bandai)","30MS SIS-Mc42p NYALENTI-NYABOLO (PRESTO FORM)","1760","1600","22880","14.3","12諛?14.3諛?諛섏퐫 怨듭떇 ?뺢? 100% ?쇱튂"
"361","2012-12-08","HGUC","?쒖젙/?대읇G (P-Bandai)","HGUC 1/144 GUNDAM DELTA KAI","2860","2600","37180","14.3","12諛?14.3諛?諛섏퐫 怨듭떇 ?뺢? 100% ?쇱튂"
"3610","2025-08-08","30 MINUTES LABEL","?쒖젙/?대읇G (P-Bandai)","30MS SIS-V00 RYDIRA [COLOR A]","1760","1600","22880","14.3","12諛?14.3諛?諛섏퐫 怨듭떇 ?뺢? 100% ?쇱튂"
"3611","2025-08-08","30 MINUTES LABEL","?쒖젙/?대읇G (P-Bandai)","30MS OPTION HAIR STYLE PARTS Vol.12 ALL 4 TYPES MEDIUM HAIR 2 [YELLOW 4]","660","600","7920","14.3","12諛?14.3諛?諛섏퐫 怨듭떇 ?뺢? 100% ?쇱튂"
"3612","2025-08-08","30 MINUTES LABEL","?쒖젙/?대읇G (P-Bandai)","30MS OPTION HAIR STYLE PARTS Vol.12 ALL 4 TYPES PIGTAILS 9 [BROWN 5]","660","600","7920","14.3","12諛?14.3諛?諛섏퐫 怨듭떇 ?뺢? 100% ?쇱튂"
"3613","2025-08-08","30 MINUTES LABEL","?쒖젙/?대읇G (P-Bandai)","30MS OPTION HAIR STYLE PARTS Vol.12 ALL 4 TYPES MEDIUM HAIR 6 [PURPLE 2]","660","600","7920","14.3","12諛?14.3諛?諛섏퐫 怨듭떇 ?뺢? 100% ?쇱튂"
"3614","2025-08-08","30 MINUTES LABEL","?쒖젙/?대읇G (P-Bandai)","30MS OPTION HAIR STYLE PARTS Vol.12 ALL 4 TYPES STRAIGHT HAIR 1 [NAVY 1]","660","600","7920","14.3","12諛?14.3諛?諛섏퐫 怨듭떇 ?뺢? 100% ?쇱튂"
"3615","2019-06-29","30 MINUTES LABEL","?쒖젙/?대읇G (P-Bandai)","30MM 1/144 eEMX-17 ALTO [WHITE]","1760","1600","22880","14.3","12諛?14.3諛?諛섏퐫 怨듭떇 ?뺢? 100% ?쇱튂"
"3616","2019-06-29","30 MINUTES LABEL","?쒖젙/?대읇G (P-Bandai)","30MM 1/144 eEMX-17 ALTO [YELLOW]","1760","1600","22880","14.3","12諛?14.3諛?諛섏퐫 怨듭떇 ?뺢? 100% ?쇱튂"
"3617","2019-06-29","30 MINUTES LABEL","?쒖젙/?대읇G (P-Bandai)","30MM 1/144 eEMX-17 ALTO [BLUE]","1760","1600","22880","14.3","12諛?14.3諛?諛섏퐫 怨듭떇 ?뺢? 100% ?쇱튂"
"3618","2019-06-29","30 MINUTES LABEL","?쒖젙/?대읇G (P-Bandai)","30MM 1/144 OPTION ARMOR FOR CLOSE COMBAT [ALTO EXCLUSIVE/ DARK GREEN]","1760","1600","22880","14.3","12諛?14.3諛?諛섏퐫 怨듭떇 ?뺢? 100% ?쇱튂"
"3619","2019-06-29","30 MINUTES LABEL","?쒖젙/?대읇G (P-Bandai)","30MM 1/144 OPTION ARMOR FOR CLOSE COMBAT [ALTO EXCLUSIVE/ ORANGE]","1760","1600","22880","14.3","12諛?14.3諛?諛섏퐫 怨듭떇 ?뺢? 100% ?쇱튂"
"362","2011-10-22","HGUC","?쒖젙/?대읇G (P-Bandai)","HGUC 1/144 GM Ⅱ","1540","1400","20020","14.3","12諛?14.3諛?諛섏퐫 怨듭떇 ?뺢? 100% ?쇱튂"
"3620","2019-06-29","30 MINUTES LABEL","?쒖젙/?대읇G (P-Bandai)","30MM 1/144 OPTION ARMOR FOR LONG RANGE SNIPING [ALTO EXCLUSIVE/ DARK GRAY]","1760","1600","22880","14.3","12諛?14.3諛?諛섏퐫 怨듭떇 ?뺢? 100% ?쇱튂"
"3621","2019-06-29","30 MINUTES LABEL","?쒖젙/?대읇G (P-Bandai)","30MM 1/144 OPTION ARMOR FOR LONG RANGE SNIPING [ALTO EXCLUSIVE/ BLUE]","1760","1600","22880","14.3","12諛?14.3諛?諛섏퐫 怨듭떇 ?뺢? 100% ?쇱튂"
"3622","2019-06-29","30 MINUTES LABEL","?쒖젙/?대읇G (P-Bandai)","30MM 1/144 OPTION WEAPON 1 FOR ALTO","1760","1600","22880","14.3","12諛?14.3諛?諛섏퐫 怨듭떇 ?뺢? 100% ?쇱튂"
"3623","2019-07-27","30 MINUTES LABEL","?쒖젙/?대읇G (P-Bandai)","30MM 1/144 bEMX-15 PORTANOVA [GREEN]","1760","1600","22880","14.3","12諛?14.3諛?諛섏퐫 怨듭떇 ?뺢? 100% ?쇱튂"
"3624","2019-07-27","30 MINUTES LABEL","?쒖젙/?대읇G (P-Bandai)","30MM 1/144 bEMX-15 PORTANOVA [DARK GRAY]","1760","1600","22880","14.3","12諛?14.3諛?諛섏퐫 怨듭떇 ?뺢? 100% ?쇱튂"
"3625","2019-07-27","30 MINUTES LABEL","?쒖젙/?대읇G (P-Bandai)","30MM 1/144 bEMX-15 PORTANOVA [RED]","1760","1600","22880","14.3","12諛?14.3諛?諛섏퐫 怨듭떇 ?뺢? 100% ?쇱튂"
"3626","2019-07-27","30 MINUTES LABEL","?쒖젙/?대읇G (P-Bandai)","30MM 1/144 OPTION ARMOR FOR CLOSE FIGHTING [PORTANOVA EXCLUSIVE/ DARK RED]","1760","1600","22880","14.3","12諛?14.3諛?諛섏퐫 怨듭떇 ?뺢? 100% ?쇱튂"
"3627","2019-07-27","30 MINUTES LABEL","?쒖젙/?대읇G (P-Bandai)","30MM 1/144 OPTION ARMOR FOR CLOSE FIGHTING [PORTANOVA EXCLUSIVE/ SAND YELLOW]","1760","1600","22880","14.3","12諛?14.3諛?諛섏퐫 怨듭떇 ?뺢? 100% ?쇱튂"
"3628","2019-07-27","30 MINUTES LABEL","?쒖젙/?대읇G (P-Bandai)","30MM 1/144 OPTION ARMOR FOR SPECIAL SQUAD [PORTANOVA  EXCLUSIVE/ LIGHT GRAY]","1760","1600","22880","14.3","12諛?14.3諛?諛섏퐫 怨듭떇 ?뺢? 100% ?쇱튂"
"3629","2019-07-27","30 MINUTES LABEL","?쒖젙/?대읇G (P-Bandai)","30MM 1/144 OPTION ARMOR FOR SPECIAL SQUAD [PORTANOVA  EXCLUSIVE/ LIGHT BLUE]","1760","1600","22880","14.3","12諛?14.3諛?諛섏퐫 怨듭떇 ?뺢? 100% ?쇱튂"
"363","2012-03-30","HGUC","?쒖젙/?대읇G (P-Bandai)","HGUC 1/144 JUAGGU (UNICORN VER.)","2090","1900","27170","14.3","12諛?14.3諛?諛섏퐫 怨듭떇 ?뺢? 100% ?쇱튂"
"3630","2019-07-27","30 MINUTES LABEL","?쒖젙/?대읇G (P-Bandai)","30MM 1/144 OPTION WEAPON 1 FOR PORTANOVA","1760","1600","22880","14.3","12諛?14.3諛?諛섏퐫 怨듭떇 ?뺢? 100% ?쇱튂"
"3631","2019-08-10","30 MINUTES LABEL","?쒖젙/?대읇G (P-Bandai)","30MM 1/144 eEMX-17 ALTO [RED]","1760","1600","22880","14.3","12諛?14.3諛?諛섏퐫 怨듭떇 ?뺢? 100% ?쇱튂"
"3632","2019-08-10","30 MINUTES LABEL","?쒖젙/?대읇G (P-Bandai)","30MM 1/144 bEMX-15 PORTANOVA [BLUE]","1760","1600","22880","14.3","12諛?14.3諛?諛섏퐫 怨듭떇 ?뺢? 100% ?쇱튂"
"3633","2019-08-10","30 MINUTES LABEL","?쒖젙/?대읇G (P-Bandai)","30MM 1/144 OPTION ARMOR FOR COMMANDER [ALTO EXCLUSIVE/ WHITE]","1760","1600","22880","14.3","12諛?14.3諛?諛섏퐫 怨듭떇 ?뺢? 100% ?쇱튂"
"3634","2019-08-10","30 MINUTES LABEL","?쒖젙/?대읇G (P-Bandai)","30MM 1/144 OPTION ARMOR FOR COMMANDER [ALTO EXCLUSIVE/ BLACK]","1760","1600","22880","14.3","12諛?14.3諛?諛섏퐫 怨듭떇 ?뺢? 100% ?쇱튂"
"3635","2019-08-10","30 MINUTES LABEL","?쒖젙/?대읇G (P-Bandai)","30MM 1/144 OPTION BACKPACK 1","1760","1600","22880","14.3","12諛?14.3諛?諛섏퐫 怨듭떇 ?뺢? 100% ?쇱튂"
"3636","2019-08-10","30 MINUTES LABEL","?쒖젙/?대읇G (P-Bandai)","30MM 1/144 MULTI BOOSTER UNIT","1760","1600","22880","14.3","12諛?14.3諛?諛섏퐫 怨듭떇 ?뺢? 100% ?쇱튂"
"3637","2019-09-14","30 MINUTES LABEL","?쒖젙/?대읇G (P-Bandai)","30MM 1/144 eEMX-17 ALTO [DARK GRAY]","1760","1600","22880","14.3","12諛?14.3諛?諛섏퐫 怨듭떇 ?뺢? 100% ?쇱튂"
"3638","2019-09-14","30 MINUTES LABEL","?쒖젙/?대읇G (P-Bandai)","30MM 1/144 bEMX-15 PORTANOVA [YELLOW]","1760","1600","22880","14.3","12諛?14.3諛?諛섏퐫 怨듭떇 ?뺢? 100% ?쇱튂"
"3639","2019-09-14","30 MINUTES LABEL","?쒖젙/?대읇G (P-Bandai)","30MM 1/144 OPTION ARMOR FOR COMMANDER [PORTANOVA  EXCLUSIVE/ RED]","1760","1600","22880","14.3","12諛?14.3諛?諛섏퐫 怨듭떇 ?뺢? 100% ?쇱튂"
"364","2012-04-21","HGUC","?쒖젙/?대읇G (P-Bandai)","HGUC 1/144 NEMO (UNICORN VER.)","1870","1700","24310","14.3","12諛?14.3諛?諛섏퐫 怨듭떇 ?뺢? 100% ?쇱튂"
"3640","2019-09-14","30 MINUTES LABEL","?쒖젙/?대읇G (P-Bandai)","30MM 1/144 OPTION ARMOR FOR COMMANDER [PORTANOVA  EXCLUSIVE/ NAVY]","1760","1600","22880","14.3","12諛?14.3諛?諛섏퐫 怨듭떇 ?뺢? 100% ?쇱튂"
"3641","2019-09-14","30 MINUTES LABEL","?쒖젙/?대읇G (P-Bandai)","30MM 1/144 OPTION BACKPACK 2","1760","1600","22880","14.3","12諛?14.3諛?諛섏퐫 怨듭떇 ?뺢? 100% ?쇱튂"
"3642","2019-09-14","30 MINUTES LABEL","?쒖젙/?대읇G (P-Bandai)","30MM 1/144 ARM UNIT RIFLE / LARGE CLAW","1760","1600","22880","14.3","12諛?14.3諛?諛섏퐫 怨듭떇 ?뺢? 100% ?쇱튂"
"3643","2019-10-12","30 MINUTES LABEL","?쒖젙/?대읇G (P-Bandai)","30MM 1/144 eEMX-17 ALTO [GREEN]","1760","1600","22880","14.3","12諛?14.3諛?諛섏퐫 怨듭떇 ?뺢? 100% ?쇱튂"
"365","2012-05-26","HGUC","?쒖젙/?대읇G (P-Bandai)","HGUC 1/144 RAS-96 ANKSHA","3080","2800","40040","14.3","12諛?14.3諛?諛섏퐫 怨듭떇 ?뺢? 100% ?쇱튂"
"366","2013-01-26","HGUC","?쒖젙/?대읇G (P-Bandai)","HGUC 1/144 NEMO (Z Ver.)","1870","1700","24310","14.3","12諛?14.3諛?諛섏퐫 怨듭떇 ?뺢? 100% ?쇱튂"
"3664","2019-10-12","30 MINUTES LABEL","?쒖젙/?대읇G (P-Bandai)","30MM 1/144 bEMX-15 PORTANOVA [WHITE]","1760","1600","22880","14.3","12諛?14.3諛?諛섏퐫 怨듭떇 ?뺢? 100% ?쇱튂"
"3665","2019-11-16","30 MINUTES LABEL","?쒖젙/?대읇G (P-Bandai)","30MM 1/144 eEMX-17 ALTO [BLACK]","1760","1600","22880","14.3","12諛?14.3諛?諛섏퐫 怨듭떇 ?뺢? 100% ?쇱튂"
"3666","2019-11-16","30 MINUTES LABEL","?쒖젙/?대읇G (P-Bandai)","30MM 1/144 bEMX-15 PORTANOVA [NAVY]","1760","1600","22880","14.3","12諛?14.3諛?諛섏퐫 怨듭떇 ?뺢? 100% ?쇱튂"
"3667","2019-12-21","30 MINUTES LABEL","?쒖젙/?대읇G (P-Bandai)","30MM 1/144 eEXM-17 ALTO (FLIGHT TYPE) [NAVY]","1408","1280","16896","14.3","12諛?14.3諛?諛섏퐫 怨듭떇 ?뺢? 100% ?쇱튂"
"3668","2019-12-21","30 MINUTES LABEL","?쒖젙/?대읇G (P-Bandai)","30MM 1/144 bEXM-15 PORTANOVA [BROWN]","1408","1280","16896","14.3","12諛?14.3諛?諛섏퐫 怨듭떇 ?뺢? 100% ?쇱튂"
"3669","2020-01-25","30 MINUTES LABEL","?쒖젙/?대읇G (P-Bandai)","30MM 1/144 eEXM-17 ALTO[PURPLE]","1408","1280","16896","14.3","12諛?14.3諛?諛섏퐫 怨듭떇 ?뺢? 100% ?쇱튂"
"367","2012-03-24","HGUC","?쒖젙/?대읇G (P-Bandai)","HGUC 1/144 ZAKUⅠ SNIPER TYPE (YONEM KIRKS)","1760","1600","22880","14.3","12諛?14.3諛?諛섏퐫 怨듭떇 ?뺢? 100% ?쇱튂"
"3670","2020-01-25","30 MINUTES LABEL","?쒖젙/?대읇G (P-Bandai)","30MM 1/144 bEXM-15 PORTANOVA(SPACE TYPE)[GRAY]","1408","1280","16896","14.3","12諛?14.3諛?諛섏퐫 怨듭떇 ?뺢? 100% ?쇱튂"
"3671","2020-02-22","30 MINUTES LABEL","?쒖젙/?대읇G (P-Bandai)","30MM 1/144 eEXM-17 ALTO(GROUND TYPE)[BROWN]","1408","1280","16896","14.3","12諛?14.3諛?諛섏퐫 怨듭떇 ?뺢? 100% ?쇱튂"
"3672","2020-02-22","30 MINUTES LABEL","?쒖젙/?대읇G (P-Bandai)","30MM 1/144 OPTION PARTS SET 1","1760","1600","22880","14.3","12諛?14.3諛?諛섏퐫 怨듭떇 ?뺢? 100% ?쇱튂"
"3673","2020-02-22","30 MINUTES LABEL","?쒖젙/?대읇G (P-Bandai)","30MM 1/144 bEXM-15 PORTANOVA [BLACK]","1408","1280","16896","14.3","12諛?14.3諛?諛섏퐫 怨듭떇 ?뺢? 100% ?쇱튂"
"3674","2020-03-07","30 MINUTES LABEL","?쒖젙/?대읇G (P-Bandai)","30MM 1/144 eEXM-17 ALTO [GRAY]","1408","1280","16896","14.3","12諛?14.3諛?諛섏퐫 怨듭떇 ?뺢? 100% ?쇱튂"
"3675","2020-03-14","30 MINUTES LABEL","?쒖젙/?대읇G (P-Bandai)","30MM 1/144 bEXM-15 PORTANOVA(MARINE TYPE)[PURPLE]","1408","1280","16896","14.3","12諛?14.3諛?諛섏퐫 怨듭떇 ?뺢? 100% ?쇱튂"
"3676","2020-03-14","30 MINUTES LABEL","?쒖젙/?대읇G (P-Bandai)","30MM 1/144 OPTION PARTS SET 2","1760","1600","22880","14.3","12諛?14.3諛?諛섏퐫 怨듭떇 ?뺢? 100% ?쇱튂"
"3677","2020-04-25","30 MINUTES LABEL","?쒖젙/?대읇G (P-Bandai)","30MM 1/144 eEXM-21 RABIOT [WHITE]","1518","1380","18216","14.3","12諛?14.3諛?諛섏퐫 怨듭떇 ?뺢? 100% ?쇱튂"
"3678","2020-04-25","30 MINUTES LABEL","?쒖젙/?대읇G (P-Bandai)","30MM 1/144 eEXM-21 RABIOT [ORANGE]","1518","1380","18216","14.3","12諛?14.3諛?諛섏퐫 怨듭떇 ?뺢? 100% ?쇱튂"
"3679","2020-04-25","30 MINUTES LABEL","?쒖젙/?대읇G (P-Bandai)","30MM 1/144 OPTION ARMOR FOR SPECIAL OPERATION [RABIOT EXCLUSIVE / YELLOW]","1760","1600","22880","14.3","12諛?14.3諛?諛섏퐫 怨듭떇 ?뺢? 100% ?쇱튂"
"368","2012-03-24","HGUC","?쒖젙/?대읇G (P-Bandai)","HGUC 1/144 MARASAI (UNICORN VER.)","1760","1600","22880","14.3","12諛?14.3諛?諛섏퐫 怨듭떇 ?뺢? 100% ?쇱튂"
"3680","2020-04-25","30 MINUTES LABEL","?쒖젙/?대읇G (P-Bandai)","30MM 1/144 OPTION ARMOR FOR BASE ATTACK [RABIOT EXCLUSIVE / DARK BROWN]","1760","1600","22880","14.3","12諛?14.3諛?諛섏퐫 怨듭떇 ?뺢? 100% ?쇱튂"
"3681","2020-05-30","30 MINUTES LABEL","?쒖젙/?대읇G (P-Bandai)","30MM 1/144 eEXM-21 RABIOT [DARK GRAY]","1518","1380","18216","14.3","12諛?14.3諛?諛섏퐫 怨듭떇 ?뺢? 100% ?쇱튂"
"3682","2020-05-30","30 MINUTES LABEL","?쒖젙/?대읇G (P-Bandai)","30MM 1/144 OPTION ARMOR FOR SPECIAL OPERATION [RABIOT EXCLUSIVE / LIGHT GREEN]","1760","1600","22880","14.3","12諛?14.3諛?諛섏퐫 怨듭떇 ?뺢? 100% ?쇱튂"
"3683","2020-05-30","30 MINUTES LABEL","?쒖젙/?대읇G (P-Bandai)","30MM 1/144 OPTION ARMOR FOR BASE ATTACK [RABIOT EXCLUSIVE / DARK GRAY]","1760","1600","22880","14.3","12諛?14.3諛?諛섏퐫 怨듭떇 ?뺢? 100% ?쇱튂"
"3684","2020-05-30","30 MINUTES LABEL","?쒖젙/?대읇G (P-Bandai)","30MM 1/144 Extended Armament Vehicle (AIR FIGHTER Ver.)[WHITE]","858","780","10296","14.3","12諛?14.3諛?諛섏퐫 怨듭떇 ?뺢? 100% ?쇱튂"
"3685","2020-05-30","30 MINUTES LABEL","?쒖젙/?대읇G (P-Bandai)","30MM 1/144 Extended Armament Vehicle (AIR FIGHTER Ver.)[GRAY]","858","780","10296","14.3","12諛?14.3諛?諛섏퐫 怨듭떇 ?뺢? 100% ?쇱튂"
"3686","2020-06-13","30 MINUTES LABEL","?쒖젙/?대읇G (P-Bandai)","30MM 1/144 bEXM-14T CIELNOVA [DARK GRAY]","1760","1600","22880","14.3","12諛?14.3諛?諛섏퐫 怨듭떇 ?뺢? 100% ?쇱튂"
"3687","2020-06-13","30 MINUTES LABEL","?쒖젙/?대읇G (P-Bandai)","30MM 1/144 bEXM-14T CIELNOVA [GREEN]","1760","1600","22880","14.3","12諛?14.3諛?諛섏퐫 怨듭떇 ?뺢? 100% ?쇱튂"
"3688","2020-06-13","30 MINUTES LABEL","?쒖젙/?대읇G (P-Bandai)","30MM 1/144 OPTION ARMOR FOR DEFENSE OPERATIONS [CIELNOVA EXCLUSIVE /GRAY]","1760","1600","22880","14.3","12諛?14.3諛?諛섏퐫 怨듭떇 ?뺢? 100% ?쇱튂"
"3689","2020-06-13","30 MINUTES LABEL","?쒖젙/?대읇G (P-Bandai)","30MM 1/144 OPTION ARMOR FOR ELITE OFFICER[CIELNOVA EXCLUSIVE / RED]","1760","1600","22880","14.3","12諛?14.3諛?諛섏퐫 怨듭떇 ?뺢? 100% ?쇱튂"
"369","2013-11-16","HGUC","?쒖젙/?대읇G (P-Bandai)","HGUC 1/144 MSA-003 NEMO (UNICORN DESERT COLOR Ver. )","1870","1700","24310","14.3","12諛?14.3諛?諛섏퐫 怨듭떇 ?뺢? 100% ?쇱튂"
"3690","2020-06-13","30 MINUTES LABEL","?쒖젙/?대읇G (P-Bandai)","30MM 1/144 eEXM-17 ALTO (FLIGHT TYPE) [ORANGE]","1408","1280","16896","14.3","12諛?14.3諛?諛섏퐫 怨듭떇 ?뺢? 100% ?쇱튂"
"3691","2020-07-11","30 MINUTES LABEL","?쒖젙/?대읇G (P-Bandai)","30MM 1/144 OPTION WEAPON 1 FOR RABIOT","1760","1600","22880","14.3","12諛?14.3諛?諛섏퐫 怨듭떇 ?뺢? 100% ?쇱튂"
"3692","2020-07-11","30 MINUTES LABEL","?쒖젙/?대읇G (P-Bandai)","30MM 1/144 Extended Armament Vehicle (TANK Ver.)[OLIVE DRAB]","858","780","10296","14.3","12諛?14.3諛?諛섏퐫 怨듭떇 ?뺢? 100% ?쇱튂"
"3693","2020-07-11","30 MINUTES LABEL","?쒖젙/?대읇G (P-Bandai)","30MM 1/144 OPTION ARMOR FOR ELITE OFFICER[CIELNOVA EXCLUSIVE / DARK GREEN]","1760","1600","22880","14.3","12諛?14.3諛?諛섏퐫 怨듭떇 ?뺢? 100% ?쇱튂"
"3694","2020-07-11","30 MINUTES LABEL","?쒖젙/?대읇G (P-Bandai)","30MM 1/144 OPTION ARMOR FOR DEFENSE OPERATIONS [CIELNOVA EXCLUSIVE /SAND YELLOW]","1760","1600","22880","14.3","12諛?14.3諛?諛섏퐫 怨듭떇 ?뺢? 100% ?쇱튂"
"3695","2020-08-08","30 MINUTES LABEL","?쒖젙/?대읇G (P-Bandai)","30MM 1/144 OPTION ARMOR FOR COMMANDER [RABIOT EXCLUSIVE / NAVY]","1760","1600","22880","14.3","12諛?14.3諛?諛섏퐫 怨듭떇 ?뺢? 100% ?쇱튂"
"3696","2020-08-22","30 MINUTES LABEL","?쒖젙/?대읇G (P-Bandai)","30MM 1/144 Extended Armament Vehicle (TANK Ver.)[BROWN]","858","780","10296","14.3","12諛?14.3諛?諛섏퐫 怨듭떇 ?뺢? 100% ?쇱튂"
"3697","2020-08-22","30 MINUTES LABEL","?쒖젙/?대읇G (P-Bandai)","30MM 1/144 eEXM-17 ALTO(GROUND TYPE)[OLIVE DRAB]","1408","1280","16896","14.3","12諛?14.3諛?諛섏퐫 怨듭떇 ?뺢? 100% ?쇱튂"
"3698","2020-09-26","30 MINUTES LABEL","?쒖젙/?대읇G (P-Bandai)","30MM 1/144 OPTION ARMOR FOR SPY DRONE [RABIOT EXCLUSIVE / PURPLE]","1760","1600","22880","14.3","12諛?14.3諛?諛섏퐫 怨듭떇 ?뺢? 100% ?쇱튂"
"3699","2020-09-26","30 MINUTES LABEL","?쒖젙/?대읇G (P-Bandai)","30MM 1/144 OPTION WEAPON 1 FOR CIELNOVA","1760","1600","22880","14.3","12諛?14.3諛?諛섏퐫 怨듭떇 ?뺢? 100% ?쇱튂"
"37","2015-06-13","HG","?쒖젙/?대읇G (P-Bandai)","HG 1/144 GASTIMA","1870","1700","24310","14.3","12諛?14.3諛?諛섏퐫 怨듭떇 ?뺢? 100% ?쇱튂"
"370","2012-06-16","HGUC","?쒖젙/?대읇G (P-Bandai)","HGUC 1/144 ReZEL TYPE-C (DEFENSER b-UNIT) (GR)","2860","2600","37180","14.3","12諛?14.3諛?諛섏퐫 怨듭떇 ?뺢? 100% ?쇱튂"
"3700","2020-11-14","30 MINUTES LABEL","?쒖젙/?대읇G (P-Bandai)","30MM 1/144 OPTION ARMOR FOR SPY DRONE [RABIOT EXCLUSIVE / LIGHT GRAY]","1760","1600","22880","14.3","12諛?14.3諛?諛섏퐫 怨듭떇 ?뺢? 100% ?쇱튂"
"3701","2020-11-14","30 MINUTES LABEL","?쒖젙/?대읇G (P-Bandai)","30MM 1/144 OPTION ARMOR FOR COMMANDER [RABIOT EXCLUSIVE　/ WHITE]","1760","1600","22880","14.3","12諛?14.3諛?諛섏퐫 怨듭떇 ?뺢? 100% ?쇱튂"
"3702","2020-11-07","30 MINUTES LABEL","?쒖젙/?대읇G (P-Bandai)","30MM 1/144 Extended Armament Vehicle (ATTACK SUBMARINE Ver.)[LIGHT GRAY]","858","780","10296","14.3","12諛?14.3諛?諛섏퐫 怨듭떇 ?뺢? 100% ?쇱튂"
"3703","2020-11-07","30 MINUTES LABEL","?쒖젙/?대읇G (P-Bandai)","30MM 1/144 bEXM-15 PORTANOVA(MARINE TYPE)[BLUE GRAY]","1408","1280","16896","14.3","12諛?14.3諛?諛섏퐫 怨듭떇 ?뺢? 100% ?쇱튂"
"3704","2020-12-12","30 MINUTES LABEL","?쒖젙/?대읇G (P-Bandai)","30MM 1/144 bEXM-14T CIELNOVA [WHITE]","1760","1600","22880","14.3","12諛?14.3諛?諛섏퐫 怨듭떇 ?뺢? 100% ?쇱튂"
"3705","2020-12-12","30 MINUTES LABEL","?쒖젙/?대읇G (P-Bandai)","30MM 1/144 OPTION ARMOR FOR HIGH-MOBILITY [CIELNOVA EXCLUSIVE / BLACK]","1760","1600","22880","14.3","12諛?14.3諛?諛섏퐫 怨듭떇 ?뺢? 100% ?쇱튂"
"3706","2020-12-12","30 MINUTES LABEL","?쒖젙/?대읇G (P-Bandai)","30MM 1/144 OPTION ARMOR FOR HIGH-MOBILITY [CIELNOVA EXCLUSIVE / BLUE]","1760","1600","22880","14.3","12諛?14.3諛?諛섏퐫 怨듭떇 ?뺢? 100% ?쇱튂"
"3707","2020-12-05","30 MINUTES LABEL","?쒖젙/?대읇G (P-Bandai)","30MM 1/144 Extended Armament Vehicle (ATTACK SUBMARINE Ver.)[BLUE GRAY]","858","780","10296","14.3","12諛?14.3諛?諛섏퐫 怨듭떇 ?뺢? 100% ?쇱튂"
"3708","2021-01-09","30 MINUTES LABEL","?쒖젙/?대읇G (P-Bandai)","30MM 1/144 eEXM-21 RABIOT [NAVY]","1518","1380","18216","14.3","12諛?14.3諛?諛섏퐫 怨듭떇 ?뺢? 100% ?쇱튂"
"3709","2021-01-09","30 MINUTES LABEL","?쒖젙/?대읇G (P-Bandai)","30MM 1/144 OPTION ARMOR FOR COMMANDER [CIELNOVA EXCLUSIVE/ WHITE]","1760","1600","22880","14.3","12諛?14.3諛?諛섏퐫 怨듭떇 ?뺢? 100% ?쇱튂"
"371","2012-08-25","HGUC","?쒖젙/?대읇G (P-Bandai)","HGUC 1/144 HAMBRABI","2090","1900","27170","14.3","12諛?14.3諛?諛섏퐫 怨듭떇 ?뺢? 100% ?쇱튂"
"3710","2021-01-09","30 MINUTES LABEL","?쒖젙/?대읇G (P-Bandai)","30MM 1/144 OPTION ARMOR FOR COMMANDER [CIELNOVA EXCLUSIVE/ BLUE GRAY]","1760","1600","22880","14.3","12諛?14.3諛?諛섏퐫 怨듭떇 ?뺢? 100% ?쇱튂"
"3711","2021-02-20","30 MINUTES LABEL","?쒖젙/?대읇G (P-Bandai)","30MM 1/144 Extended Armament Vehicle (SPACE CRAFT Ver.)[PURPLE]","858","780","10296","14.3","12諛?14.3諛?諛섏퐫 怨듭떇 ?뺢? 100% ?쇱튂"
"3712","2021-03-20","30 MINUTES LABEL","?쒖젙/?대읇G (P-Bandai)","30MM 1/144 OPTION PARTS SET 3","1760","1600","22880","14.3","12諛?14.3諛?諛섏퐫 怨듭떇 ?뺢? 100% ?쇱튂"
"3713","2021-04-24","30 MINUTES LABEL","?쒖젙/?대읇G (P-Bandai)","30MM 1/144 OPTION PARTS SET 4 (SENGOKU ARMOR)","1760","1600","22880","14.3","12諛?14.3諛?諛섏퐫 怨듭떇 ?뺢? 100% ?쇱튂"
"3714","2021-05-22","30 MINUTES LABEL","?쒖젙/?대읇G (P-Bandai)","30MM 1/144 EXM-A9n SPINATIO (NINJA TYPE)","1760","1600","22880","14.3","12諛?14.3諛?諛섏퐫 怨듭떇 ?뺢? 100% ?쇱튂"
"3715","2021-05-29","30 MINUTES LABEL","?쒖젙/?대읇G (P-Bandai)","30MM 1/144 bEXM-14T CIELNOVA [BLACK]","1760","1600","22880","14.3","12諛?14.3諛?諛섏퐫 怨듭떇 ?뺢? 100% ?쇱튂"
"3716","2021-05-29","30 MINUTES LABEL","?쒖젙/?대읇G (P-Bandai)","30MM 1/144 eEXM-21 RABIOT [GREEN]","1518","1380","18216","14.3","12諛?14.3諛?諛섏퐫 怨듭떇 ?뺢? 100% ?쇱튂"
"3717","2021-05-22","30 MINUTES LABEL","?쒖젙/?대읇G (P-Bandai)","CUSTOMIZE WEAPONS (SENGOKU ARMY)","1760","1600","22880","14.3","12諛?14.3諛?諛섏퐫 怨듭떇 ?뺢? 100% ?쇱튂"
"3718","2021-06-12","30 MINUTES LABEL","?쒖젙/?대읇G (P-Bandai)","30MM 1/144 bEXM-15 PORTANOVA(SPACE TYPE)[DARK PURPLE]","1408","1280","16896","14.3","12諛?14.3諛?諛섏퐫 怨듭떇 ?뺢? 100% ?쇱튂"
"3719","2021-06-12","30 MINUTES LABEL","?쒖젙/?대읇G (P-Bandai)","30MM 1/144 Extended Armament Vehicle (SPACE CRAFT Ver.)[BLACK]","858","780","10296","14.3","12諛?14.3諛?諛섏퐫 怨듭떇 ?뺢? 100% ?쇱튂"
"372","2012-07-14","HGUC","?쒖젙/?대읇G (P-Bandai)","HGUC 1/144 ZAKU-MARINER","1760","1600","22880","14.3","12諛?14.3諛?諛섏퐫 怨듭떇 ?뺢? 100% ?쇱튂"
"3720","2021-06-26","30 MINUTES LABEL","?쒖젙/?대읇G (P-Bandai)","30MM 1/144 Extended Armament Vehicle (CANNON BIKE Ver.)","858","780","10296","14.3","12諛?14.3諛?諛섏퐫 怨듭떇 ?뺢? 100% ?쇱튂"
"3721","2021-04-24","30 MINUTES LABEL","?쒖젙/?대읇G (P-Bandai)","30MM 1/144 EXM-A9s SPINATIO (SENGOKU TYPE)","1408","1280","16896","14.3","12諛?14.3諛?諛섏퐫 怨듭떇 ?뺢? 100% ?쇱튂"
"3722","2021-07-17","30 MINUTES LABEL","?쒖젙/?대읇G (P-Bandai)","30MM 1/144 EXM-E7f SPINATIA (FENCER TYPE)","1760","1600","22880","14.3","12諛?14.3諛?諛섏퐫 怨듭떇 ?뺢? 100% ?쇱튂"
"3723","2021-07-17","30 MINUTES LABEL","?쒖젙/?대읇G (P-Bandai)","30MM 1/144 OPTION PARTS SET 5 (MULTI WING /MULTI BOOSTER)","1760","1600","22880","14.3","12諛?14.3諛?諛섏퐫 怨듭떇 ?뺢? 100% ?쇱튂"
"3724","2021-08-07","30 MINUTES LABEL","?쒖젙/?대읇G (P-Bandai)","30MM 1/144 EXM-E7a SPINATIA (ASSASSIN TYPE)","1760","1600","22880","14.3","12諛?14.3諛?諛섏퐫 怨듭떇 ?뺢? 100% ?쇱튂"
"3725","2021-08-07","30 MINUTES LABEL","?쒖젙/?대읇G (P-Bandai)","CUSTOMIZE WEAPONS(WITCHCRAFT WEAPON)","1760","1600","22880","14.3","12諛?14.3諛?諛섏퐫 怨듭떇 ?뺢? 100% ?쇱튂"
"3726","2021-09-18","30 MINUTES LABEL","?쒖젙/?대읇G (P-Bandai)","30MM 1/144 Extended Armament Vehicle (DOG MECHA Ver.)","858","780","10296","14.3","12諛?14.3諛?諛섏퐫 怨듭떇 ?뺢? 100% ?쇱튂"
"3727","2021-10-16","30 MINUTES LABEL","?쒖젙/?대읇G (P-Bandai)","30MM 1/144 eEXM-30 ESPOSSITO β","1518","1380","18216","14.3","12諛?14.3諛?諛섏퐫 怨듭떇 ?뺢? 100% ?쇱튂"
"3728","2021-10-16","30 MINUTES LABEL","?쒖젙/?대읇G (P-Bandai)","30MM 1/144 OPTION PARTS SET 6 (CUSTOMIZE HEADS A)","1760","1600","22880","14.3","12諛?14.3諛?諛섏퐫 怨듭떇 ?뺢? 100% ?쇱튂"
"3729","2021-11-13","30 MINUTES LABEL","?쒖젙/?대읇G (P-Bandai)","30MM 1/144 eEXM-30 ESPOSSITO α","1518","1380","18216","14.3","12諛?14.3諛?諛섏퐫 怨듭떇 ?뺢? 100% ?쇱튂"
"373","2012-07-14","HGUC","?쒖젙/?대읇G (P-Bandai)","HGUC 1/144 BASE JABBER (UNICORN Ver.)","1320","1200","17160","14.3","12諛?14.3諛?諛섏퐫 怨듭떇 ?뺢? 100% ?쇱튂"
"3730","2021-11-13","30 MINUTES LABEL","?쒖젙/?대읇G (P-Bandai)","CUSTOMIZE WEAPONS (FANTASY WEAPON)","1760","1600","22880","14.3","12諛?14.3諛?諛섏퐫 怨듭떇 ?뺢? 100% ?쇱튂"
"3731","2021-12-11","30 MINUTES LABEL","?쒖젙/?대읇G (P-Bandai)","30MM 1/144 Extended Armament Vehicle (MASS PRODUCED SUB MACHINE Ver.)","858","780","10296","14.3","12諛?14.3諛?諛섏퐫 怨듭떇 ?뺢? 100% ?쇱튂"
"3732","2021-12-16","30 MINUTES LABEL","?쒖젙/?대읇G (P-Bandai)","30MM 1/144 eEXM-17A ALTO (X777 CORPS)","1760","1600","22880","14.3","12諛?14.3諛?諛섏퐫 怨듭떇 ?뺢? 100% ?쇱튂"
"3733","2021-12-16","30 MINUTES LABEL","?쒖젙/?대읇G (P-Bandai)","30MM 1/144 bEXM-15C PORTANOVA (SPECIAL SQUAD)","1760","1600","22880","14.3","12諛?14.3諛?諛섏퐫 怨듭떇 ?뺢? 100% ?쇱튂"
"3734","2022-02-11","30 MINUTES LABEL","?쒖젙/?대읇G (P-Bandai)","30MM 1/144 EXM-A9a SPINATIO (ARMY TYPE)","1760","1600","22880","14.3","12諛?14.3諛?諛섏퐫 怨듭떇 ?뺢? 100% ?쇱튂"
"3735","2022-03-12","30 MINUTES LABEL","?쒖젙/?대읇G (P-Bandai)","30MM 1/144 EXM-E7c SPINATIA (COMMANDO TYPE)","1408","1280","16896","14.3","12諛?14.3諛?諛섏퐫 怨듭떇 ?뺢? 100% ?쇱튂"
"3736","2022-04-09","30 MINUTES LABEL","?쒖젙/?대읇G (P-Bandai)","30MM 1/144 bEXM-28 REVERNOVA [GREEN]","1760","1600","22880","14.3","12諛?14.3諛?諛섏퐫 怨듭떇 ?뺢? 100% ?쇱튂"
"3737","2022-04-09","30 MINUTES LABEL","?쒖젙/?대읇G (P-Bandai)","30MM 1/144 OPTION PARTS SET 7 (CUSTOMIZE HEADS B)","1760","1600","22880","14.3","12諛?14.3諛?諛섏퐫 怨듭떇 ?뺢? 100% ?쇱튂"
"3738","2022-05-21","30 MINUTES LABEL","?쒖젙/?대읇G (P-Bandai)","30MM 1/144 bEXM-29  GARDONOVA [BROWN]","1760","1600","22880","14.3","12諛?14.3諛?諛섏퐫 怨듭떇 ?뺢? 100% ?쇱튂"
"3739","2022-05-28","30 MINUTES LABEL","?쒖젙/?대읇G (P-Bandai)","30MM 1/144 OPTION PARTS SET 8 (MULTI BACKPACK)","1760","1600","22880","14.3","12諛?14.3諛?諛섏퐫 怨듭떇 ?뺢? 100% ?쇱튂"
"374","2012-09-15","HGUC","?쒖젙/?대읇G (P-Bandai)","HGUC 1/144 GM SNIPER II","1870","1700","24310","14.3","12諛?14.3諛?諛섏퐫 怨듭떇 ?뺢? 100% ?쇱튂"
"3740","2022-06-11","30 MINUTES LABEL","?쒖젙/?대읇G (P-Bandai)","CUSTOMIZE WEAPONS (GATLING UNIT)","1760","1600","22880","14.3","12諛?14.3諛?諛섏퐫 怨듭떇 ?뺢? 100% ?쇱튂"
"3741","2022-07-30","30 MINUTES LABEL","?쒖젙/?대읇G (P-Bandai)","30MM 1/144 eEXM-S01U FORESTIERI 01","1760","1600","22880","14.3","12諛?14.3諛?諛섏퐫 怨듭떇 ?뺢? 100% ?쇱튂"
"3742","2022-07-21","30 MINUTES LABEL","?쒖젙/?대읇G (P-Bandai)","30MM 1/144 eEXM-21 RABIOT (R623 CORPS)","1518","1380","18216","14.3","12諛?14.3諛?諛섏퐫 怨듭떇 ?뺢? 100% ?쇱튂"
"3743","2022-08-13","30 MINUTES LABEL","?쒖젙/?대읇G (P-Bandai)","30MM 1/144 OPTION PARTS SET 9(LARGE BOOSTER UNIT)","1760","1600","22880","14.3","12諛?14.3諛?諛섏퐫 怨듭떇 ?뺢? 100% ?쇱튂"
"3744","2022-09-10","30 MINUTES LABEL","?쒖젙/?대읇G (P-Bandai)","30MM 1/144 eEXM-S02M FORESTIERI 02","1760","1600","22880","14.3","12諛?14.3諛?諛섏퐫 怨듭떇 ?뺢? 100% ?쇱튂"
"3745","2022-09-10","30 MINUTES LABEL","?쒖젙/?대읇G (P-Bandai)","CUSTOMIZE WEAPONS(MILITARY WEAPON)","1760","1600","22880","14.3","12諛?14.3諛?諛섏퐫 怨듭떇 ?뺢? 100% ?쇱튂"
"3746","2022-10-22","30 MINUTES LABEL","?쒖젙/?대읇G (P-Bandai)","30MM 1/144 Extended Armament Vehicle (ARMORED ASSAULT MECHA Ver.)","858","780","10296","14.3","12諛?14.3諛?諛섏퐫 怨듭떇 ?뺢? 100% ?쇱튂"
"3747","2022-11-12","30 MINUTES LABEL","?쒖젙/?대읇G (P-Bandai)","30MM 1/144 EXM-A9k SPINATIO (KNIGHT TYPE)","1760","1600","22880","14.3","12諛?14.3諛?諛섏퐫 怨듭떇 ?뺢? 100% ?쇱튂"
"3748","2022-11-12","30 MINUTES LABEL","?쒖젙/?대읇G (P-Bandai)","30MM 1/144 OPTION PARTS SET 10 (LARGE PROPELLANT TANK UNIT)","1760","1600","22880","14.3","12諛?14.3諛?諛섏퐫 怨듭떇 ?뺢? 100% ?쇱튂"
"3749","2022-12-16","30 MINUTES LABEL","?쒖젙/?대읇G (P-Bandai)","30MM 1/144 eEXM-30 ESPOSSITO θ","1518","1380","18216","14.3","12諛?14.3諛?諛섏퐫 怨듭떇 ?뺢? 100% ?쇱튂"
"375","2012-11-10","HGUC","?쒖젙/?대읇G (P-Bandai)","HGUC 1/144 BYARLANT CUSTOM","2860","2600","37180","14.3","12諛?14.3諛?諛섏퐫 怨듭떇 ?뺢? 100% ?쇱튂"
"3750","2023-01-21","30 MINUTES LABEL","?쒖젙/?대읇G (P-Bandai)","30MM 1/144 OPTION PARTS SET 11 (LARGE CANNON / ARM UNIT)","1760","1600","22880","14.3","12諛?14.3諛?諛섏퐫 怨듭떇 ?뺢? 100% ?쇱튂"
"3751","2023-01-21","30 MINUTES LABEL","?쒖젙/?대읇G (P-Bandai)","CUSTOMIZE MATERIAL (PIPE PARTS/MULTI-JOINT)","1760","1600","22880","14.3","12諛?14.3諛?諛섏퐫 怨듭떇 ?뺢? 100% ?쇱튂"
"3752","2023-02-11","30 MINUTES LABEL","?쒖젙/?대읇G (P-Bandai)","30MM 1/144 EXM-E7r SPINATIA (REAPER TYPE)","1760","1600","22880","14.3","12諛?14.3諛?諛섏퐫 怨듭떇 ?뺢? 100% ?쇱튂"
"3753","2023-02-11","30 MINUTES LABEL","?쒖젙/?대읇G (P-Bandai)","CUSTOMIZE MATERIAL (CYBER EFFECT/MULTI-JOINT)","1760","1600","22880","14.3","12諛?14.3諛?諛섏퐫 怨듭떇 ?뺢? 100% ?쇱튂"
"3754","2023-03-11","30 MINUTES LABEL","?쒖젙/?대읇G (P-Bandai)","CUSTOMIZE MATERIAL (CHAIN PARTS/MULTI-JOINT)","1760","1600","22880","14.3","12諛?14.3諛?諛섏퐫 怨듭떇 ?뺢? 100% ?쇱튂"
"3755","2023-03-16","30 MINUTES LABEL","?쒖젙/?대읇G (P-Bandai)","30MM 1/144 EXM-A9sg SPINATIO (SHOGUN TYPE)","1760","1600","22880","14.3","12諛?14.3諛?諛섏퐫 怨듭떇 ?뺢? 100% ?쇱튂"
"3756","2023-04-15","30 MINUTES LABEL","?쒖젙/?대읇G (P-Bandai)","30MM 1/144 bEXM-33QB VOLPANOVA(QUAD BIKE Ver.)","1760","1600","22880","14.3","12諛?14.3諛?諛섏퐫 怨듭떇 ?뺢? 100% ?쇱튂"
"3757","2023-04-15","30 MINUTES LABEL","?쒖젙/?대읇G (P-Bandai)","30MM 1/144 OPTION PARTS SET 12 (HAND PARTS /MULTI-JOINT)","1760","1600","22880","14.3","12諛?14.3諛?諛섏퐫 怨듭떇 ?뺢? 100% ?쇱튂"
"3758","2023-05-20","30 MINUTES LABEL","?쒖젙/?대읇G (P-Bandai)","30MM 1/144 bEXM-33T VOLPANOVA(TANK Ver.)","1760","1600","22880","14.3","12諛?14.3諛?諛섏퐫 怨듭떇 ?뺢? 100% ?쇱튂"
"3759","2023-05-20","30 MINUTES LABEL","?쒖젙/?대읇G (P-Bandai)","CUSTOMIZE WEAPONS (ENERGY WEAPON)","1760","1600","22880","14.3","12諛?14.3諛?諛섏퐫 怨듭떇 ?뺢? 100% ?쇱튂"
"376","2013-02-16","HGUC","?쒖젙/?대읇G (P-Bandai)","HGUC 1/144 MS-06R-1A ZAKU II BLACK TRISTARS","1760","1600","22880","14.3","12諛?14.3諛?諛섏퐫 怨듭떇 ?뺢? 100% ?쇱튂"
"3760","2023-06-17","30 MINUTES LABEL","?쒖젙/?대읇G (P-Bandai)","30MM 1/144 Extended Armament Vehicle (CUSTOMIZE CARRIER Ver.)","858","780","10296","14.3","12諛?14.3諛?諛섏퐫 怨듭떇 ?뺢? 100% ?쇱튂"
"3761","2023-06-15","30 MINUTES LABEL","?쒖젙/?대읇G (P-Bandai)","30MM 1/144 bEXM-28G REVERNOVA  (ENHANCED GROUND TYPE)","1760","1600","22880","14.3","12諛?14.3諛?諛섏퐫 怨듭떇 ?뺢? 100% ?쇱튂"
"3762","2023-07-29","30 MINUTES LABEL","?쒖젙/?대읇G (P-Bandai)","30MM 1/144 eEXM GIG-R01 PROVEDEL(type-REX 01)","1760","1600","22880","14.3","12諛?14.3諛?諛섏퐫 怨듭떇 ?뺢? 100% ?쇱튂"
"3763","2023-08-26","30 MINUTES LABEL","?쒖젙/?대읇G (P-Bandai)","CUSTOMIZE WEAPONS(HEAVY WEAPON 1)","1760","1600","22880","14.3","12諛?14.3諛?諛섏퐫 怨듭떇 ?뺢? 100% ?쇱튂"
"3764","2023-09-09","30 MINUTES LABEL","?쒖젙/?대읇G (P-Bandai)","30MM 1/144 Extended Armament Vehicle(TILT ROTOR Ver.)","858","780","10296","14.3","12諛?14.3諛?諛섏퐫 怨듭떇 ?뺢? 100% ?쇱튂"
"3765","2023-10-14","30 MINUTES LABEL","?쒖젙/?대읇G (P-Bandai)","30MM 1/144 EXM-H15A ACERBY (TYPE-A)","1848","1680","22176","14.3","12諛?14.3諛?諛섏퐫 怨듭떇 ?뺢? 100% ?쇱튂"
"3766","2023-10-28","30 MINUTES LABEL","?쒖젙/?대읇G (P-Bandai)","30MM 1/144 OPTION PARTS SET 13 (LEG BOOSTER UNIT / WIRELESS WEAPON PACK)","1760","1600","22880","14.3","12諛?14.3諛?諛섏퐫 怨듭떇 ?뺢? 100% ?쇱튂"
"3767","2023-11-18","30 MINUTES LABEL","?쒖젙/?대읇G (P-Bandai)","30MM 1/144 EXM-H15B ACERBY (TYPE-B)","1760","1600","22880","14.3","12諛?14.3諛?諛섏퐫 怨듭떇 ?뺢? 100% ?쇱튂"
"3768","2023-11-18","30 MINUTES LABEL","?쒖젙/?대읇G (P-Bandai)","30MM 1/144 Extended Armament Vehicle (MULTIPLE LEGS MECHA Ver.)","858","780","10296","14.3","12諛?14.3諛?諛섏퐫 怨듭떇 ?뺢? 100% ?쇱튂"
"3769","2023-12-09","30 MINUTES LABEL","?쒖젙/?대읇G (P-Bandai)","30MM 1/144 OPTION PARTS SET 14 (MULTI CLOTH)","1760","1600","22880","14.3","12諛?14.3諛?諛섏퐫 怨듭떇 ?뺢? 100% ?쇱튂"
"377","2013-03-09","HGUC","?쒖젙/?대읇G (P-Bandai)","HGUC 1/144 UNICORN GUNDAM 02 BANSHEE NORN (UNICORN MODE)","1870","1700","24310","14.3","12諛?14.3諛?諛섏퐫 怨듭떇 ?뺢? 100% ?쇱튂"
"3770","2023-12-14","30 MINUTES LABEL","?쒖젙/?대읇G (P-Bandai)","30MM 1/144 bEXM-C14TS CIELNOVA CUSTOM (SPACE TYPE)","1760","1600","22880","14.3","12諛?14.3諛?諛섏퐫 怨듭떇 ?뺢? 100% ?쇱튂"
"3771","2024-01-20","30 MINUTES LABEL","?쒖젙/?대읇G (P-Bandai)","30MM 1/144 eEXM GIG-C02 PROVEDEL (type-COMMAND 02)","1760","1600","22880","14.3","12諛?14.3諛?諛섏퐫 怨듭떇 ?뺢? 100% ?쇱튂"
"3772","2024-01-20","30 MINUTES LABEL","?쒖젙/?대읇G (P-Bandai)","30MM 1/144 OPTION PARTS SET 15 (MULTI VERNIER/MULTI-JOINT)","1760","1600","22880","14.3","12諛?14.3諛?諛섏퐫 怨듭떇 ?뺢? 100% ?쇱튂"
"3773","2024-02-17","30 MINUTES LABEL","?쒖젙/?대읇G (P-Bandai)","30MM 1/144 EXM-H15C ACERBY (TYPE-C)","1760","1600","22880","14.3","12諛?14.3諛?諛섏퐫 怨듭떇 ?뺢? 100% ?쇱튂"
"3774","2024-03-16","30 MINUTES LABEL","?쒖젙/?대읇G (P-Bandai)","30MM 1/144 eEXM-30 ESPOSSITO γ","1518","1380","18216","14.3","12諛?14.3諛?諛섏퐫 怨듭떇 ?뺢? 100% ?쇱튂"
"3775","2024-03-16","30 MINUTES LABEL","?쒖젙/?대읇G (P-Bandai)","30MM 1/144 eEXM-S03H FORESTIERI 03","1760","1600","22880","14.3","12諛?14.3諛?諛섏퐫 怨듭떇 ?뺢? 100% ?쇱튂"
"3776","2024-03-16","30 MINUTES LABEL","?쒖젙/?대읇G (P-Bandai)","30MM 1/144 Extended Armament Vehicle (HORSE MECHA Ver.) [DARK GRAY]","858","780","10296","14.3","12諛?14.3諛?諛섏퐫 怨듭떇 ?뺢? 100% ?쇱튂"
"3777","2024-04-13","30 MINUTES LABEL","?쒖젙/?대읇G (P-Bandai)","30MM 1/144 eEXM-9 BASKYROTTO [GRAY]","1760","1600","22880","14.3","12諛?14.3諛?諛섏퐫 怨듭떇 ?뺢? 100% ?쇱튂"
"3778","2024-05-25","30 MINUTES LABEL","?쒖젙/?대읇G (P-Bandai)","30MM 1/144 bEXM-28 REVERNOVA [BROWN]","1760","1600","22880","14.3","12諛?14.3諛?諛섏퐫 怨듭떇 ?뺢? 100% ?쇱튂"
"3779","2024-05-25","30 MINUTES LABEL","?쒖젙/?대읇G (P-Bandai)","30MM 1/144 bEXM-29 GARDONOVA [GREEN]","1760","1600","22880","14.3","12諛?14.3諛?諛섏퐫 怨듭떇 ?뺢? 100% ?쇱튂"
"378","2013-04-13","HGUC","?쒖젙/?대읇G (P-Bandai)","HGUC 1/144 GUNDAM Ez8","1980","1800","25740","14.3","12諛?14.3諛?諛섏퐫 怨듭떇 ?뺢? 100% ?쇱튂"
"3780","2024-06-15","30 MINUTES LABEL","?쒖젙/?대읇G (P-Bandai)","30MM 1/144 eEXM-9 BASKYROTTO [BROWN]","1760","1600","22880","14.3","12諛?14.3諛?諛섏퐫 怨듭떇 ?뺢? 100% ?쇱튂"
"3781","2024-06-15","30 MINUTES LABEL","?쒖젙/?대읇G (P-Bandai)","30MM 1/144 OPTION PARTS SET 16 (ARM UNIT/LEG UNIT 1)","1760","1600","22880","14.3","12諛?14.3諛?諛섏퐫 怨듭떇 ?뺢? 100% ?쇱튂"
"3782","2024-06-19","30 MINUTES LABEL","?쒖젙/?대읇G (P-Bandai)","30MM 1/144 EXM-A9bk SPINATIO (BLACK KNIGHT TYPE)","1760","1600","22880","14.3","12諛?14.3諛?諛섏퐫 怨듭떇 ?뺢? 100% ?쇱튂"
"3783","2024-07-27","30 MINUTES LABEL","?쒖젙/?대읇G (P-Bandai)","30MM 1/144 bEXM-21 VERDENOVA [GREEN]","1760","1600","22880","14.3","12諛?14.3諛?諛섏퐫 怨듭떇 ?뺢? 100% ?쇱튂"
"3784","2024-08-24","30 MINUTES LABEL","?쒖젙/?대읇G (P-Bandai)","30MM 1/144 bEXM-21 VERDENOVA [NAVY]","1760","1600","22880","14.3","12諛?14.3諛?諛섏퐫 怨듭떇 ?뺢? 100% ?쇱튂"
"3785","2024-08-24","30 MINUTES LABEL","?쒖젙/?대읇G (P-Bandai)","CUSTOMIZE WEAPONS (HEAVY WEAPON 2)","1760","1600","22880","14.3","12諛?14.3諛?諛섏퐫 怨듭떇 ?뺢? 100% ?쇱튂"
"3786","2024-10-26","30 MINUTES LABEL","?쒖젙/?대읇G (P-Bandai)","30MM 1/144 EXM-H15D ACERBY (TYPE-D)","1760","1600","22880","14.3","12諛?14.3諛?諛섏퐫 怨듭떇 ?뺢? 100% ?쇱튂"
"3787","2024-11-16","30 MINUTES LABEL","?쒖젙/?대읇G (P-Bandai)","30MM 1/144 Extended Armament Vehicle (HORSE MECHA Ver.) [WHITE]","858","780","10296","14.3","12諛?14.3諛?諛섏퐫 怨듭떇 ?뺢? 100% ?쇱튂"
"3788","2024-11-16","30 MINUTES LABEL","?쒖젙/?대읇G (P-Bandai)","30MM 1/144 OPTION PARTS SET 17 (WING UNIT 1)","1760","1600","22880","14.3","12諛?14.3諛?諛섏퐫 怨듭떇 ?뺢? 100% ?쇱튂"
"3789","2024-12-19","30 MINUTES LABEL","?쒖젙/?대읇G (P-Bandai)","30MM 1/144 eEXM-S04A FORESTIERI 04","1760","1600","22880","14.3","12諛?14.3諛?諛섏퐫 怨듭떇 ?뺢? 100% ?쇱튂"
"379","2013-06-15","HGUC","?쒖젙/?대읇G (P-Bandai)","HGUC 1/144 MESSALA","3740","3400","48620","14.3","12諛?14.3諛?諛섏퐫 怨듭떇 ?뺢? 100% ?쇱튂"
"3790","2024-12-21","30 MINUTES LABEL","?쒖젙/?대읇G (P-Bandai)","30MM 1/144 EXM-H15E ACERBY (TYPE-E)","1760","1600","22880","14.3","12諛?14.3諛?諛섏퐫 怨듭떇 ?뺢? 100% ?쇱튂"
"3791","2024-12-07","30 MINUTES LABEL","?쒖젙/?대읇G (P-Bandai)","30MM 1/144 Extended Armament Vehicle (SMART TRANSFORMABLE MACHINE Ver.)","858","780","10296","14.3","12諛?14.3諛?諛섏퐫 怨듭떇 ?뺢? 100% ?쇱튂"
"3792","2025-01-11","30 MINUTES LABEL","?쒖젙/?대읇G (P-Bandai)","30MM 1/144 eEXM-17FA FULL ARMOR ALTO","1760","1600","22880","14.3","12諛?14.3諛?諛섏퐫 怨듭떇 ?뺢? 100% ?쇱튂"
"3793","2025-01-25","30 MINUTES LABEL","?쒖젙/?대읇G (P-Bandai)","30MM 1/144 Extended Armament Vehicle (WING MOBILE Ver.)","858","780","10296","14.3","12諛?14.3諛?諛섏퐫 怨듭떇 ?뺢? 100% ?쇱튂"
"3794","2025-02-15","30 MINUTES LABEL","?쒖젙/?대읇G (P-Bandai)","30MM 1/144 EXM-A9rk SPINATIO (ROYAL KNIGHT TYPE)","1760","1600","22880","14.3","12諛?14.3諛?諛섏퐫 怨듭떇 ?뺢? 100% ?쇱튂"
"3795","2025-02-15","30 MINUTES LABEL","?쒖젙/?대읇G (P-Bandai)","30MM 1/144 OPTION PARTS SET 18 (ARM UNIT/LEG UNIT 2)","1760","1600","22880","14.3","12諛?14.3諛?諛섏퐫 怨듭떇 ?뺢? 100% ?쇱튂"
"3796","2025-03-15","30 MINUTES LABEL","?쒖젙/?대읇G (P-Bandai)","30MM 1/144 Extended Armament Vehicle (METAL CANNON BIKE Ver.)","858","780","10296","14.3","12諛?14.3諛?諛섏퐫 怨듭떇 ?뺢? 100% ?쇱튂"
"3797","2025-03-15","30 MINUTES LABEL","?쒖젙/?대읇G (P-Bandai)","30MM 1/144 Extended Armament Vehicle (WHEEL MOBILE Ver.)","858","780","10296","14.3","12諛?14.3諛?諛섏퐫 怨듭떇 ?뺢? 100% ?쇱튂"
"3798","2025-05-24","30 MINUTES LABEL","?쒖젙/?대읇G (P-Bandai)","30MM 1/144 OPTION PARTS SET 19 (MULTI SHIELD)","1760","1600","22880","14.3","12諛?14.3諛?諛섏퐫 怨듭떇 ?뺢? 100% ?쇱튂"
"3799","2025-05-24","30 MINUTES LABEL","?쒖젙/?대읇G (P-Bandai)","30MM 1/144 bEXM-6 ROUNDNOVA I","1760","1600","22880","14.3","12諛?14.3諛?諛섏퐫 怨듭떇 ?뺢? 100% ?쇱튂"
"38","2015-03-14","HG","?쒖젙/?대읇G (P-Bandai)","HG 1/144 GUNDAM G-LUCIFER","2750","2500","35750","14.3","12諛?14.3諛?諛섏퐫 怨듭떇 ?뺢? 100% ?쇱튂"
"380","2013-06-15","HGUC","?쒖젙/?대읇G (P-Bandai)","HGUC 1/144 BASE JABBER TYPE 89","1540","1400","20020","14.3","12諛?14.3諛?諛섏퐫 怨듭떇 ?뺢? 100% ?쇱튂"
"3800","2025-06-14","30 MINUTES LABEL","?쒖젙/?대읇G (P-Bandai)","CUSTOMIZE WEAPONS (PLASMA WEAPON)","1760","1600","22880","14.3","12諛?14.3諛?諛섏퐫 怨듭떇 ?뺢? 100% ?쇱튂"
"3801","2025-06-14","30 MINUTES LABEL","?쒖젙/?대읇G (P-Bandai)","30MM 1/144 bEXM-6 ROUNDNOVA II","1760","1600","22880","14.3","12諛?14.3諛?諛섏퐫 怨듭떇 ?뺢? 100% ?쇱튂"
"3802","2025-07-19","30 MINUTES LABEL","?쒖젙/?대읇G (P-Bandai)","30MM 1/144 eEXM-40 IGLIGHT 01","1760","1600","22880","14.3","12諛?14.3諛?諛섏퐫 怨듭떇 ?뺢? 100% ?쇱튂"
"3803","2025-07-18","30 MINUTES LABEL","?쒖젙/?대읇G (P-Bandai)","30MM 1/144 EXM-E7sv SPINATIA (SAINT VALKYRIE TYPE)","1760","1600","22880","14.3","12諛?14.3諛?諛섏퐫 怨듭떇 ?뺢? 100% ?쇱튂"
"3804","2025-07-19","30 MINUTES LABEL","?쒖젙/?대읇G (P-Bandai)","30MM 1/144 OPTION PARTS SET 20 (FULL ARMOR UNIT 1)","1760","1600","22880","14.3","12諛?14.3諛?諛섏퐫 怨듭떇 ?뺢? 100% ?쇱튂"
"3805","2025-08-30","30 MINUTES LABEL","?쒖젙/?대읇G (P-Bandai)","30MM 1/144 Extended Armament Vehicle (BOOST BRAVE BIKE Ver.)","858","780","10296","14.3","12諛?14.3諛?諛섏퐫 怨듭떇 ?뺢? 100% ?쇱튂"
"3806","2025-08-30","30 MINUTES LABEL","?쒖젙/?대읇G (P-Bandai)","30MM 1/144 OPTION PARTS SET 21 (MULTI MISSILE 1)","1760","1600","22880","14.3","12諛?14.3諛?諛섏퐫 怨듭떇 ?뺢? 100% ?쇱튂"
"381","2013-03-09","HGUC","?쒖젙/?대읇G (P-Bandai)","HGUC 1/144 MS-06R-1A SHIN MATSUNAGA ZAKU II","1760","1600","22880","14.3","12諛?14.3諛?諛섏퐫 怨듭떇 ?뺢? 100% ?쇱튂"
"382","2013-05-02","HGUC","?쒖젙/?대읇G (P-Bandai)","HGUC 1/144 FULL ARMOR UNICORN GUNDAM (UNICORN MODE)","3300","3000","42900","14.3","12諛?14.3諛?諛섏퐫 怨듭떇 ?뺢? 100% ?쇱튂"
"3829","2020-05-30","30 MINUTES LABEL","?쒖젙/?대읇G (P-Bandai)","CUSTOMIZE SCENE BASE  (SNOWFIELD Ver.)","1760","1600","22880","14.3","12諛?14.3諛?諛섏퐫 怨듭떇 ?뺢? 100% ?쇱튂"
"383","2013-07-27","HGUC","?쒖젙/?대읇G (P-Bandai)","HGUC 1/144 GERBERA-TETRA","2200","2000","28600","14.3","12諛?14.3諛?諛섏퐫 怨듭떇 ?뺢? 100% ?쇱튂"
"3830","2020-05-16","30 MINUTES LABEL","?쒖젙/?대읇G (P-Bandai)","CUSTOMIZE SCENE BASE","1760","1600","22880","14.3","12諛?14.3諛?諛섏퐫 怨듭떇 ?뺢? 100% ?쇱튂"
"3831","2020-05-16","30 MINUTES LABEL","?쒖젙/?대읇G (P-Bandai)","CUSTOMIZE SCENE BASE (DESERT Ver.)","1760","1600","22880","14.3","12諛?14.3諛?諛섏퐫 怨듭떇 ?뺢? 100% ?쇱튂"
"3832","2020-06-27","30 MINUTES LABEL","?쒖젙/?대읇G (P-Bandai)","CUSTOMIZE EFFECT (GUNFIRE IMAGE Ver.) [YELLOW]","1760","1600","22880","14.3","12諛?14.3諛?諛섏퐫 怨듭떇 ?뺢? 100% ?쇱튂"
"3833","2020-06-27","30 MINUTES LABEL","?쒖젙/?대읇G (P-Bandai)","CUSTOMIZE EFFECT (GUNFIRE IMAGE Ver.) [BLUE]","1760","1600","22880","14.3","12諛?14.3諛?諛섏퐫 怨듭떇 ?뺢? 100% ?쇱튂"
"3834","2020-06-27","30 MINUTES LABEL","?쒖젙/?대읇G (P-Bandai)","CUSTOMIZE SCENE BASE (LANDSCAPE Ver.)","1760","1600","22880","14.3","12諛?14.3諛?諛섏퐫 怨듭떇 ?뺢? 100% ?쇱튂"
"3835","2020-08-08","30 MINUTES LABEL","?쒖젙/?대읇G (P-Bandai)","CUSTOMIZE EFFECT (BURST IMAGE Ver.) [ORANGE]","1760","1600","22880","14.3","12諛?14.3諛?諛섏퐫 怨듭떇 ?뺢? 100% ?쇱튂"
"3836","2020-08-08","30 MINUTES LABEL","?쒖젙/?대읇G (P-Bandai)","CUSTOMIZE EFFECT (BURST IMAGE Ver.) [GRAY]","1760","1600","22880","14.3","12諛?14.3諛?諛섏퐫 怨듭떇 ?뺢? 100% ?쇱튂"
"3837","2020-11-07","30 MINUTES LABEL","?쒖젙/?대읇G (P-Bandai)","CUSTOMIZE EFFECT (SLASH IMAGE Ver.) [GREEN]","1760","1600","22880","14.3","12諛?14.3諛?諛섏퐫 怨듭떇 ?뺢? 100% ?쇱튂"
"3838","2020-11-07","30 MINUTES LABEL","?쒖젙/?대읇G (P-Bandai)","CUSTOMIZE EFFECT (SLASH IMAGE Ver.) [BLUE]","1760","1600","22880","14.3","12諛?14.3諛?諛섏퐫 怨듭떇 ?뺢? 100% ?쇱튂"
"3839","2020-11-28","30 MINUTES LABEL","?쒖젙/?대읇G (P-Bandai)","CUSTOMIZE SCENE BASE (WATER FIELD Ver.)","1760","1600","22880","14.3","12諛?14.3諛?諛섏퐫 怨듭떇 ?뺢? 100% ?쇱튂"
"384","2013-08-07","HGUC","?쒖젙/?대읇G (P-Bandai)","HGUC 1/144 DOVEN WOLF (UNICORN VER.)","2640","2400","34320","14.3","12諛?14.3諛?諛섏퐫 怨듭떇 ?뺢? 100% ?쇱튂"
"3840","2021-02-06","30 MINUTES LABEL","?쒖젙/?대읇G (P-Bandai)","CUSTOMIZE EFFECT (ACTION IMAGE Ver.) [YELLOW]","1760","1600","22880","14.3","12諛?14.3諛?諛섏퐫 怨듭떇 ?뺢? 100% ?쇱튂"
"3841","2021-02-06","30 MINUTES LABEL","?쒖젙/?대읇G (P-Bandai)","CUSTOMIZE EFFECT (ACTION IMAGE Ver.) [RED]","1760","1600","22880","14.3","12諛?14.3諛?諛섏퐫 怨듭떇 ?뺢? 100% ?쇱튂"
"3842","2021-03-20","30 MINUTES LABEL","?쒖젙/?대읇G (P-Bandai)","CUSTOMIZE SCENE BASE (CITY AREA Ver.)","1760","1600","22880","14.3","12諛?14.3諛?諛섏퐫 怨듭떇 ?뺢? 100% ?쇱튂"
"3843","2021-11-20","30 MINUTES LABEL","?쒖젙/?대읇G (P-Bandai)","CUSTOMIZE SCENE BASE (TRUSS BASE Ver.)","1760","1600","22880","14.3","12諛?14.3諛?諛섏퐫 怨듭떇 ?뺢? 100% ?쇱튂"
"385","2013-09-07","HGUC","?쒖젙/?대읇G (P-Bandai)","HGUC 1/144 ZOGOK (UNICORN VER.)","2090","1900","27170","14.3","12諛?14.3諛?諛섏퐫 怨듭떇 ?뺢? 100% ?쇱튂"
"386","2014-01-25","HGUC","?쒖젙/?대읇G (P-Bandai)","HGUC 1/144 SILVER BULLET","2750","2500","35750","14.3","12諛?14.3諛?諛섏퐫 怨듭떇 ?뺢? 100% ?쇱튂"
"3862","2025-09-06","30 MINUTES LABEL","?쒖젙/?대읇G (P-Bandai)","30MF ROSAN WIZARD","1760","1600","22880","14.3","12諛?14.3諛?諛섏퐫 怨듭떇 ?뺢? 100% ?쇱튂"
"3863","2025-09-06","30 MINUTES LABEL","?쒖젙/?대읇G (P-Bandai)","30MF CLASS UP ARMOR (ROSAN SORCERER)","770","700","9240","14.3","12諛?14.3諛?諛섏퐫 怨듭떇 ?뺢? 100% ?쇱튂"
"3864","2025-09-06","30 MINUTES LABEL","?쒖젙/?대읇G (P-Bandai)","30MF CLASS UP ARMOR (ROSAN ENCHANTER)","770","700","9240","14.3","12諛?14.3諛?諛섏퐫 怨듭떇 ?뺢? 100% ?쇱튂"
"3865","2025-09-06","30 MINUTES LABEL","?쒖젙/?대읇G (P-Bandai)","30MF ITEM SHOP 4 (QUEST OPTION)","660","600","7920","14.3","12諛?14.3諛?諛섏퐫 怨듭떇 ?뺢? 100% ?쇱튂"
"387","2013-09-14","HG","?쒖젙/?대읇G (P-Bandai)","HGAC 1/144 WING GUNDAM","1870","1700","24310","14.3","12諛?14.3諛?諛섏퐫 怨듭떇 ?뺢? 100% ?쇱튂"
"388","2013-10-11","HG","?쒖젙/?대읇G (P-Bandai)","HGAW 1/144 GUNDAM DOUBLE X","2090","1900","27170","14.3","12諛?14.3諛?諛섏퐫 怨듭떇 ?뺢? 100% ?쇱튂"
"389","2013-11-21","HGUC","?쒖젙/?대읇G (P-Bandai)","HGUC 1/144 VICTORY GUNDAM","1540","1400","20020","14.3","12諛?14.3諛?諛섏퐫 怨듭떇 ?뺢? 100% ?쇱튂"
"3895","2025-09-20","30 MINUTES LABEL","?쒖젙/?대읇G (P-Bandai)","30MM 1/144 eEXM-40 IGLIGHT 02","1760","1600","22880","14.3","12諛?14.3諛?諛섏퐫 怨듭떇 ?뺢? 100% ?쇱튂"
"3896","2025-09-20","HG","?쒖젙/?대읇G (P-Bandai)","HG 1/144  GAIA'S RICK DOM/ORTEGA’S RICK DOM(GQ)","3630","3300","47190","14.3","12諛?14.3諛?諛섏퐫 怨듭떇 ?뺢? 100% ?쇱튂"
"3897","2025-09-27","RG","?쒖젙/?대읇G (P-Bandai)","RG 1/144 WING GUNDAM ZERO","4620","4200","60060","14.3","12諛?14.3諛?諛섏퐫 怨듭떇 ?뺢? 100% ?쇱튂"
"3898","2025-09","HG","?쒖젙/?대읇G (P-Bandai)","HG 1/144 GUNDAM NAION","3300","3000","42900","14.3","12諛?14.3諛?諛섏퐫 怨듭떇 ?뺢? 100% ?쇱튂"
"3899","2025-09","HG","?쒖젙/?대읇G (P-Bandai)","HG 1/144 UNION FLAG CUSTOM II [GN FLAG]","2200","2000","28600","14.3","12諛?14.3諛?諛섏퐫 怨듭떇 ?뺢? 100% ?쇱튂"
"39","2015-06-13","HG","?쒖젙/?대읇G (P-Bandai)","HG 1/144 MS-06R-1A ZAKUⅡ GAIA/MASH CUSTOM","2200","2000","28600","14.3","12諛?14.3諛?諛섏퐫 怨듭떇 ?뺢? 100% ?쇱튂"
"390","2013-12-21","HGUC","?쒖젙/?대읇G (P-Bandai)","HGUC 1/144 GUNDAM F91","1540","1400","20020","14.3","12諛?14.3諛?諛섏퐫 怨듭떇 ?뺢? 100% ?쇱튂"
"3900","2025-09","RG","?쒖젙/?대읇G (P-Bandai)","RG 1/144 G-3 GUNDAM Ver.2.0","4180","3800","54340","14.3","12諛?14.3諛?諛섏퐫 怨듭떇 ?뺢? 100% ?쇱튂"
"391","2014-01-25","HGUC","?쒖젙/?대읇G (P-Bandai)","HGUC 1/144 V2 GUNDAM","1430","1300","18590","14.3","12諛?14.3諛?諛섏퐫 怨듭떇 ?뺢? 100% ?쇱튂"
"392","2014-02-08","HG","?쒖젙/?대읇G (P-Bandai)","HGCE 1/144 AILE STRIKE GUNDAM","1650","1500","21450","14.3","12諛?14.3諛?諛섏퐫 怨듭떇 ?뺢? 100% ?쇱튂"
"3928","2025-10-11","ENTRY GRADE","?쒖젙/?대읇G (P-Bandai)","ENTRY GRADE 1/144 WING GUNDAM","1100","1000","14300","14.3","12諛?14.3諛?諛섏퐫 怨듭떇 ?뺢? 100% ?쇱튂"
"3929","2025-10-11","30 MINUTES LABEL","?쒖젙/?대읇G (P-Bandai)","30MM 1/144 EXM-X20A LEVINIX (TYPE-A)","1760","1600","22880","14.3","12諛?14.3諛?諛섏퐫 怨듭떇 ?뺢? 100% ?쇱튂"
"393","2014-03-08","HG","?쒖젙/?대읇G (P-Bandai)","HGAC 1/144 WING GUNDAM ZERO","1980","1800","25740","14.3","12諛?14.3諛?諛섏퐫 怨듭떇 ?뺢? 100% ?쇱튂"
"3930","2025-10","HG","?쒖젙/?대읇G (P-Bandai)","HG 1/144 SAYLA’S LIGHT-TYPE GUNCANNON","2530","2300","32890","14.3","12諛?14.3諛?諛섏퐫 怨듭떇 ?뺢? 100% ?쇱튂"
"3931","2025-10","RE/100","?쒖젙/?대읇G (P-Bandai)","RE/100 1/100 DEN’AN-GEI","3300","3000","42900","14.3","12諛?14.3諛?諛섏퐫 怨듭떇 ?뺢? 100% ?쇱튂"
"3932","2025-10","HG","?쒖젙/?대읇G (P-Bandai)","HG 1/144 GM SLOEP","3520","3200","45760","14.3","12諛?14.3諛?諛섏퐫 怨듭떇 ?뺢? 100% ?쇱튂"
"394","2014-04-12","HG","?쒖젙/?대읇G (P-Bandai)","HGCC 1/144 ∀ GUNDAM","1760","1600","22880","14.3","12諛?14.3諛?諛섏퐫 怨듭떇 ?뺢? 100% ?쇱튂"
"395","2013-11-30","HGUC","?쒖젙/?대읇G (P-Bandai)","HGUC 1/144 MS-06R-2  ZAKUⅡ JOHNNY RIDDEN CUSTOM","1980","1800","25740","14.3","12諛?14.3諛?諛섏퐫 怨듭떇 ?뺢? 100% ?쇱튂"
"396","2014-02-22","HGUC","?쒖젙/?대읇G (P-Bandai)","HGUC 1/144 DREISSEN","2640","2400","34320","14.3","12諛?14.3諛?諛섏퐫 怨듭떇 ?뺢? 100% ?쇱튂"
"3961","2025-11-01","HG","?쒖젙/?대읇G (P-Bandai)","HG 1/144 598'S MONKEY RODI / MONKEY CRAB RODI","1870","1700","24310","14.3","12諛?14.3諛?諛섏퐫 怨듭떇 ?뺢? 100% ?쇱튂"
"3962","2025-11-08","HG","?쒖젙/?대읇G (P-Bandai)","HG 1/144 ZAKU(GQ)","2420","2200","31460","14.3","12諛?14.3諛?諛섏퐫 怨듭떇 ?뺢? 100% ?쇱튂"
"397","2014-03-22","HGUC","?쒖젙/?대읇G (P-Bandai)","HGUC 1/144 UNICORN GUNDAM 02 BANSHEE NORN (DESTROY MODE)","2420","2200","31460","14.3","12諛?14.3諛?諛섏퐫 怨듭떇 ?뺢? 100% ?쇱튂"
"398","2013-12-28","HGUC","?쒖젙/?대읇G (P-Bandai)","HGUC 1/144 GUNDAM F91 HARRISON CUSTOM","1320","1200","17160","14.3","12諛?14.3諛?諛섏퐫 怨듭떇 ?뺢? 100% ?쇱튂"
"399","2014-03-29","HG","?쒖젙/?대읇G (P-Bandai)","HGCE 1/144 STRIKE ROUGE","1540","1400","20020","14.3","12諛?14.3諛?諛섏퐫 怨듭떇 ?뺢? 100% ?쇱튂"
"3994","2025-11-22","MG","?쒖젙/?대읇G (P-Bandai)","MG 1/100 GUNDAM BARBATOS LUPUS","7150","6500","92950","14.3","12諛?14.3諛?諛섏퐫 怨듭떇 ?뺢? 100% ?쇱튂"
"3995","2025-11-22","オプションパーツセット","?쒖젙/?대읇G (P-Bandai)","OPTION PARTS SET GUNPLA 18 (BUILD BOOSTER SET)","1210","1100","15730","14.3","12諛?14.3諛?諛섏퐫 怨듭떇 ?뺢? 100% ?쇱튂"
"3996","2025-11-29","30 MINUTES LABEL","?쒖젙/?대읇G (P-Bandai)","30MM 1/144 EXM-X20B LEVINIX (TYPE-B)","1760","1600","22880","14.3","12諛?14.3諛?諛섏퐫 怨듭떇 ?뺢? 100% ?쇱튂"
"3997","2025-11-29","30 MINUTES LABEL","?쒖젙/?대읇G (P-Bandai)","30MM 1/144 OPTION PARTS SET 22 (WING UNIT 2)","1760","1600","22880","14.3","12諛?14.3諛?諛섏퐫 怨듭떇 ?뺢? 100% ?쇱튂"
"3998","2025-11-15","30 MINUTES LABEL","?쒖젙/?대읇G (P-Bandai)","30MF DRAGONIA KNIGHT","1760","1600","22880","14.3","12諛?14.3諛?諛섏퐫 怨듭떇 ?뺢? 100% ?쇱튂"
"3999","2025-11-15","30 MINUTES LABEL","?쒖젙/?대읇G (P-Bandai)","30MF CUSTOMIZE STRUCTURE1","1760","1600","22880","14.3","12諛?14.3諛?諛섏퐫 怨듭떇 ?뺢? 100% ?쇱튂"
"4","2013-02-23","HG","?쒖젙/?대읇G (P-Bandai)","HG 1/144 R17 PERFECT STRIKE GUNDAM","1870","1700","24310","14.3","12諛?14.3諛?諛섏퐫 怨듭떇 ?뺢? 100% ?쇱튂"
"40","2015-09-19","HG","?쒖젙/?대읇G (P-Bandai)","HG 1/144 MS-06R-1A ZAKUⅡ ORTEGA CUSTOM","2420","2200","31460","14.3","12諛?14.3諛?諛섏퐫 怨듭떇 ?뺢? 100% ?쇱튂"
"400","2014-04-19","HGUC","?쒖젙/?대읇G (P-Bandai)","HGUC 1/144 FULL ARMOR UNICORN GUNDAM (DESTROY MODE)","3520","3200","45760","14.3","12諛?14.3諛?諛섏퐫 怨듭떇 ?뺢? 100% ?쇱튂"
"4000","2025-11-15","30 MINUTES LABEL","?쒖젙/?대읇G (P-Bandai)","30MS TIASHA (DAHLIA WEAR) [COLOR B]","1760","1600","22880","14.3","12諛?14.3諛?諛섏퐫 怨듭떇 ?뺢? 100% ?쇱튂"
"4001","2025-11-17","30 MINUTES LABEL","?쒖젙/?대읇G (P-Bandai)","30MS OPTION PARTS SET 21 (SPRINT COSTUME) [COLOR B]","1650","1500","19800","14.3","12諛?14.3諛?諛섏퐫 怨듭떇 ?뺢? 100% ?쇱튂"
"4002","2025-11","HG","?쒖젙/?대읇G (P-Bandai)","HG 1/144 MANDOR GUNDAM","2915","2650","37895","14.3","12諛?14.3諛?諛섏퐫 怨듭떇 ?뺢? 100% ?쇱튂"
"4003","2025-11","MG","?쒖젙/?대읇G (P-Bandai)","MG 1/100 GUNDAM ASTRAY MIRAGE FRAME 2nd ISSUE","6600","6000","85800","14.3","12諛?14.3諛?諛섏퐫 怨듭떇 ?뺢? 100% ?쇱튂"
"4004","2025-11","RG","?쒖젙/?대읇G (P-Bandai)","RG 1/144 HYPER MEGA BAZOOKA LAUNCHER for Hi-ν GUNDAM & FIN FUNNEL DISPLAY SET","3080","2800","40040","14.3","12諛?14.3諛?諛섏퐫 怨듭떇 ?뺢? 100% ?쇱튂"
"401","2008-01-19","HGUC","?쒖젙/?대읇G (P-Bandai)","HGUC 1/144 Re-GZ","3300","3000","42900","14.3","12諛?14.3諛?諛섏퐫 怨듭떇 ?뺢? 100% ?쇱튂"
"402","2007-07","HGUC","?쒖젙/?대읇G (P-Bandai)","HGUC 1/144 AMPHIBIA SET","3300","3000","42900","14.3","12諛?14.3諛?諛섏퐫 怨듭떇 ?뺢? 100% ?쇱튂"
"4027","2025-12-06","HG","?쒖젙/?대읇G (P-Bandai)","HG 1/144 GUNDAM ZAGAN","3080","2800","40040","14.3","12諛?14.3諛?諛섏퐫 怨듭떇 ?뺢? 100% ?쇱튂"
"4028","2025-12-06","HG","?쒖젙/?대읇G (P-Bandai)","HG 1/144 WHITE GUNDAM","2420","2200","31460","14.3","12諛?14.3諛?諛섏퐫 怨듭떇 ?뺢? 100% ?쇱튂"
"4029","2025-12-06","HG","?쒖젙/?대읇G (P-Bandai)","HG 1/144 CHAR'S ZAKU(GQ)","2420","2200","31460","14.3","12諛?14.3諛?諛섏퐫 怨듭떇 ?뺢? 100% ?쇱튂"
"403","2008-06","HGUC","?쒖젙/?대읇G (P-Bandai)","HGUC 1/144 SAZABI","3300","3000","42900","14.3","12諛?14.3諛?諛섏퐫 怨듭떇 ?뺢? 100% ?쇱튂"
"404","2009-04-25","HGUC","?쒖젙/?대읇G (P-Bandai)","HGUC 1/144 νGUNDAM (HEAVY WEAPON SYSTEM)","3080","2800","40040","14.3","12諛?14.3諛?諛섏퐫 怨듭떇 ?뺢? 100% ?쇱튂"
"405","1995-07","MG","?쒖젙/?대읇G (P-Bandai)","MG 1/100 GUNDAM","2750","2500","35750","14.3","12諛?14.3諛?諛섏퐫 怨듭떇 ?뺢? 100% ?쇱튂"
"406","1995-11","MG","?쒖젙/?대읇G (P-Bandai)","MG 1/100 MS-06S ZAKUⅡ","3190","2900","41470","14.3","12諛?14.3諛?諛섏퐫 怨듭떇 ?뺢? 100% ?쇱튂"
"4060","2025-12","HG","?쒖젙/?대읇G (P-Bandai)","HG 1/144 GUNDAM G07","2200","2000","28600","14.3","12諛?14.3諛?諛섏퐫 怨듭떇 ?뺢? 100% ?쇱튂"
"4061","2025-12","HG","?쒖젙/?대읇G (P-Bandai)","HG 1/144 GUNDAM GRIEPE","4510","4100","58630","14.3","12諛?14.3諛?諛섏퐫 怨듭떇 ?뺢? 100% ?쇱튂"
"4062","2025-12-20","30 MINUTES LABEL","?쒖젙/?대읇G (P-Bandai)","30MM 1/144 Extended Armament Vehicle (BOOST WILD BIKE Ver.)","858","780","10296","14.3","12諛?14.3諛?諛섏퐫 怨듭떇 ?뺢? 100% ?쇱튂"
"4063","2025-12-13","30 MINUTES LABEL","?쒖젙/?대읇G (P-Bandai)","30MF CLASS UP ARMOR (DRAGONIA LORD)","770","700","9240","14.3","12諛?14.3諛?諛섏퐫 怨듭떇 ?뺢? 100% ?쇱튂"
"4064","2025-12-20","30 MINUTES LABEL","?쒖젙/?대읇G (P-Bandai)","30MS SIS-K00 MICOLULU [COLOR B]","1760","1600","22880","14.3","12諛?14.3諛?諛섏퐫 怨듭떇 ?뺢? 100% ?쇱튂"
"4065","2025-12-20","30 MINUTES LABEL","?쒖젙/?대읇G (P-Bandai)","30MS OPTION PARTS SET 22 (TURBO COSTUME α) [COLOR B]","1650","1500","19800","14.3","12諛?14.3諛?諛섏퐫 怨듭떇 ?뺢? 100% ?쇱튂"
"407","2008-02","HGUC","?쒖젙/?대읇G (P-Bandai)","HGUC 1/144 G-3 GUNDAM VS CHAR'S RICK DOM SET","2750","2500","35750","14.3","12諛?14.3諛?諛섏퐫 怨듭떇 ?뺢? 100% ?쇱튂"
"408","2008-08-08","HGUC","?쒖젙/?대읇G (P-Bandai)","HGUC 1/144 RICK DOM II LIGHT GREEN VERSION","1650","1500","21450","14.3","12諛?14.3諛?諛섏퐫 怨듭떇 ?뺢? 100% ?쇱튂"
"409","2009-01-17","HGUC","?쒖젙/?대읇G (P-Bandai)","HGUC 1/144 GEARA DOGA (REZIN CUSTOM)","2420","2200","31460","14.3","12諛?14.3諛?諛섏퐫 怨듭떇 ?뺢? 100% ?쇱튂"
"41","2015-08-22","HG","?쒖젙/?대읇G (P-Bandai)","HG 1/144 GUNDAM G-SELF PERFECT PACK","2970","2700","38610","14.3","12諛?14.3諛?諛섏퐫 怨듭떇 ?뺢? 100% ?쇱튂"
"410","1995-11","MG","?쒖젙/?대읇G (P-Bandai)","MG 1/100 MS-06F/J ZAKUⅡ","3190","2900","41470","14.3","12諛?14.3諛?諛섏퐫 怨듭떇 ?뺢? 100% ?쇱튂"
"411","2009-08","HGUC","?쒖젙/?대읇G (P-Bandai)","HGUC 1/144 JEGAN","1870","1700","24310","14.3","12諛?14.3諛?諛섏퐫 怨듭떇 ?뺢? 100% ?쇱튂"
"412","2009-10-15","HGUC","?쒖젙/?대읇G (P-Bandai)","HGUC 1/144 NZ-666 KSYATRIYA","5280","4800","68640","14.3","12諛?14.3諛?諛섏퐫 怨듭떇 ?뺢? 100% ?쇱튂"
"413","1996-04","MG","?쒖젙/?대읇G (P-Bandai)","MG 1/100 Z-GUNDAM","3300","3000","42900","14.3","12諛?14.3諛?諛섏퐫 怨듭떇 ?뺢? 100% ?쇱튂"
"414","2010-01-22","HGUC","?쒖젙/?대읇G (P-Bandai)","HGUC 1/144 ReZEL","2420","2200","31460","14.3","12諛?14.3諛?諛섏퐫 怨듭떇 ?뺢? 100% ?쇱튂"
"415","2010-03-18","HGUC","?쒖젙/?대읇G (P-Bandai)","HGUC 1/144 ReZEL (CAPTAIN MS)","2640","2400","34320","14.3","12諛?14.3諛?諛섏퐫 怨듭떇 ?뺢? 100% ?쇱튂"
"416","1997-09","MG","?쒖젙/?대읇G (P-Bandai)","MG 1/100 GELGOG MASS PRODUCTION TYPE","3300","3000","42900","14.3","12諛?14.3諛?諛섏퐫 怨듭떇 ?뺢? 100% ?쇱튂"
"417","2010-06-17","HGUC","?쒖젙/?대읇G (P-Bandai)","HGUC 1/144 ZZ GUNDAM","2750","2500","35750","14.3","12諛?14.3諛?諛섏퐫 怨듭떇 ?뺢? 100% ?쇱튂"
"418","2010-09-11","HGUC","?쒖젙/?대읇G (P-Bandai)","HGUC 1/144 δ(DELTA) PLUS","2420","2200","31460","14.3","12諛?14.3諛?諛섏퐫 怨듭떇 ?뺢? 100% ?쇱튂"
"419","1997-12","MG","?쒖젙/?대읇G (P-Bandai)","MG 1/100 GUNDAM GP01-Fb","3740","3400","48620","14.3","12諛?14.3諛?諛섏퐫 怨듭떇 ?뺢? 100% ?쇱튂"
"42","2016-04-16","HG","?쒖젙/?대읇G (P-Bandai)","HG 1/144 YMS-03 WAFF","1870","1700","24310","14.3","12諛?14.3諛?諛섏퐫 怨듭떇 ?뺢? 100% ?쇱튂"
"420","2010-10-23","HGUC","?쒖젙/?대읇G (P-Bandai)","HGUC 1/144 SINANJU","3080","2800","40040","14.3","12諛?14.3諛?諛섏퐫 怨듭떇 ?뺢? 100% ?쇱튂"
"421","2011-01-22","HGUC","?쒖젙/?대읇G (P-Bandai)","HGUC 1/144 GM CUSTOM","1430","1300","18590","14.3","12諛?14.3諛?諛섏퐫 怨듭떇 ?뺢? 100% ?쇱튂"
"422","1998-08","MG","?쒖젙/?대읇G (P-Bandai)","MG 1/100 GUNDAM Mk-Ⅱ TITANS (BLACK)","3080","2800","40040","14.3","12諛?14.3諛?諛섏퐫 怨듭떇 ?뺢? 100% ?쇱튂"
"423","2011-02-19","HG","?쒖젙/?대읇G (P-Bandai)","HG 1/144 EXTREME GUNDAM","1760","1600","22880","14.3","12諛?14.3諛?諛섏퐫 怨듭떇 ?뺢? 100% ?쇱튂"
"424","2010-09-11","HGUC","?쒖젙/?대읇G (P-Bandai)","HGUC 1/144 BALL TWIN SET","1760","1600","22880","14.3","12諛?14.3諛?諛섏퐫 怨듭떇 ?뺢? 100% ?쇱튂"
"425","2010-08-21","HGUC","?쒖젙/?대읇G (P-Bandai)","HGUC 1/144 GM TYPE C","1760","1600","22880","14.3","12諛?14.3諛?諛섏퐫 怨듭떇 ?뺢? 100% ?쇱튂"
"426","2010-07-15","HGUC","?쒖젙/?대읇G (P-Bandai)","HGUC 1/144 GUNPLA STARTER SET","2200","2000","28600","14.3","12諛?14.3諛?諛섏퐫 怨듭떇 ?뺢? 100% ?쇱튂"
"427","1999-10","MG","?쒖젙/?대읇G (P-Bandai)","MG 1/100 GUNDAM NT-1","3300","3000","42900","14.3","12諛?14.3諛?諛섏퐫 怨듭떇 ?뺢? 100% ?쇱튂"
"428","2011-01-09","HG","?쒖젙/?대읇G (P-Bandai)","HGUC 1/144 NOBELL GUNDAM","1980","1800","25740","14.3","12諛?14.3諛?諛섏퐫 怨듭떇 ?뺢? 100% ?쇱튂"
"429","2011-04-09","HGUC","?쒖젙/?대읇G (P-Bandai)","HGUC 1/144 JEGAN ECHOES TYPE","1980","1800","25740","14.3","12諛?14.3諛?諛섏퐫 怨듭떇 ?뺢? 100% ?쇱튂"
"4291","2018-06","RG","?쒖젙/?대읇G (P-Bandai)","","3300","3000","42900","14.3","12諛?14.3諛?諛섏퐫 怨듭떇 ?뺢? 100% ?쇱튂"
"4292","2018-02","HG","?쒖젙/?대읇G (P-Bandai)","HG 1/144 THE GUNDAM BASE LIMITED UNICORN GUNDAM (LUMINOUS CRYSTAL BODY)","3740","3400","40800","12","12諛?14.3諛?諛섏퐫 怨듭떇 ?뺢? 100% ?쇱튂"
"4293","2018-06","HG","?쒖젙/?대읇G (P-Bandai)","HG 1/144 THE GUNDAM BASE LIMITED UNICORN GUNDAM(PAINTING MODEL)","1760","1600","19200","12","12諛?14.3諛?諛섏퐫 怨듭떇 ?뺢? 100% ?쇱튂"
"4294","2019-04-20","RG","?쒖젙/?대읇G (P-Bandai)","","3300","3000","42900","14.3","12諛?14.3諛?諛섏퐫 怨듭떇 ?뺢? 100% ?쇱튂"
"4295","2019-10-12","その他","?쒖젙/?대읇G (P-Bandai)","","1760","1600","22880","14.3","12諛?14.3諛?諛섏퐫 怨듭떇 ?뺢? 100% ?쇱튂"
"4296","2019-12-20","その他","?쒖젙/?대읇G (P-Bandai)","","1760","1600","22880","14.3","12諛?14.3諛?諛섏퐫 怨듭떇 ?뺢? 100% ?쇱튂"
"4297","2020-02-08","その他","?쒖젙/?대읇G (P-Bandai)","","1760","1600","22880","14.3","12諛?14.3諛?諛섏퐫 怨듭떇 ?뺢? 100% ?쇱튂"
"4298","2020-10","その他","?쒖젙/?대읇G (P-Bandai)","","1760","1600","22880","14.3","12諛?14.3諛?諛섏퐫 怨듭떇 ?뺢? 100% ?쇱튂"
"4299","2021-06-21","その他","?쒖젙/?대읇G (P-Bandai)","","1760","1600","22880","14.3","12諛?14.3諛?諛섏퐫 怨듭떇 ?뺢? 100% ?쇱튂"
"43","2016-07-09","HG","?쒖젙/?대읇G (P-Bandai)","HG 1/144 GUNDAM LOCAL TYPE","2200","2000","28600","14.3","12諛?14.3諛?諛섏퐫 怨듭떇 ?뺢? 100% ?쇱튂"
"430","1999-01","MG","?쒖젙/?대읇G (P-Bandai)","MG 1/100 SUPER GUNDAM","4950","4500","64350","14.3","12諛?14.3諛?諛섏퐫 怨듭떇 ?뺢? 100% ?쇱튂"
"4300","2023-10-07","MG","?쒖젙/?대읇G (P-Bandai)","","5500","5000","71500","14.3","12諛?14.3諛?諛섏퐫 怨듭떇 ?뺢? 100% ?쇱튂"
"4301","2023-04-22","ENTRY GRADE","?쒖젙/?대읇G (P-Bandai)","ENTRY GRADE 1/144 THE GUNDAM BASE LIMITED ν GUNDAM [PAINTING MODEL]","770","700","8400","12","12諛?14.3諛?諛섏퐫 怨듭떇 ?뺢? 100% ?쇱튂"
"4302","2024-03-09","アクションベース","?쒖젙/?대읇G (P-Bandai)","THE GUNDAM BASE LIMITED ACTION BASE 7 [MOBILE SUIT GUNDAM SEED FREEDOM IMAGE CLEAR COLOR]","770","700","8400","12","12諛?14.3諛?諛섏퐫 怨듭떇 ?뺢? 100% ?쇱튂"
"4303","2025-10-11","その他","?쒖젙/?대읇G (P-Bandai)","","1760","1600","22880","14.3","12諛?14.3諛?諛섏퐫 怨듭떇 ?뺢? 100% ?쇱튂"
"4305","2025-12-27","その他","?쒖젙/?대읇G (P-Bandai)","","1760","1600","22880","14.3","12諛?14.3諛?諛섏퐫 怨듭떇 ?뺢? 100% ?쇱튂"
"4306","2024-04-27","MG","?쒖젙/?대읇G (P-Bandai)","MG 1/100 Re-GZ (Char’s Counterattack Ver.)","7040","6400","91520","14.3","12諛?14.3諛?諛섏퐫 怨듭떇 ?뺢? 100% ?쇱튂"
"4307","2022-04","RG","?쒖젙/?대읇G (P-Bandai)","RG 1/144 RX-93ff ν GUNDAM","5280","4800","68640","14.3","12諛?14.3諛?諛섏퐫 怨듭떇 ?뺢? 100% ?쇱튂"
"4308","2022-04","その他","?쒖젙/?대읇G (P-Bandai)","BB SENSHI RX-93ff ν GUNDAM","1870","1700","24310","14.3","12諛?14.3諛?諛섏퐫 怨듭떇 ?뺢? 100% ?쇱튂"
"4309","2022-04-25","アクションベース","?쒖젙/?대읇G (P-Bandai)","GUNDAM SIDE-F LIMITED ACTION BASE 5 [GUNDAM SIDE-F COLOR]","770","700","10010","14.3","12諛?14.3諛?諛섏퐫 怨듭떇 ?뺢? 100% ?쇱튂"
"431","1999-12","MG","?쒖젙/?대읇G (P-Bandai)","MG 1/100 ZZ GUNDAM","4400","4000","57200","14.3","12諛?14.3諛?諛섏퐫 怨듭떇 ?뺢? 100% ?쇱튂"
"4310","2022-04-25","その他","?쒖젙/?대읇G (P-Bandai)","","1760","1600","22880","14.3","12諛?14.3諛?諛섏퐫 怨듭떇 ?뺢? 100% ?쇱튂"
"4311","2023-04-22","RG","?쒖젙/?대읇G (P-Bandai)","RG 1/144 MSN-04FF SAZABI","8580","7800","111540","14.3","12諛?14.3諛?諛섏퐫 怨듭떇 ?뺢? 100% ?쇱튂"
"4312","2023-07-22","HG","?쒖젙/?대읇G (P-Bandai)","HG 1/144 HOBBY HI-ZACK (A.O.Z RE-BOOT Ver.)","3080","2800","40040","14.3","12諛?14.3諛?諛섏퐫 怨듭떇 ?뺢? 100% ?쇱튂"
"4313","2023-05-03","その他","?쒖젙/?대읇G (P-Bandai)","","2200","2000","28600","14.3","12諛?14.3諛?諛섏퐫 怨듭떇 ?뺢? 100% ?쇱튂"
"4314","2024-12-21","RG","?쒖젙/?대읇G (P-Bandai)","RG 1/144 ν GUNDAM DOUBLE FIN FUNNEL TYPE","5940","5400","77220","14.3","12諛?14.3諛?諛섏퐫 怨듭떇 ?뺢? 100% ?쇱튂"
"4315","2025-04-26","その他","?쒖젙/?대읇G (P-Bandai)","","1760","1600","22880","14.3","12諛?14.3諛?諛섏퐫 怨듭떇 ?뺢? 100% ?쇱튂"
"4316","2023-12-22","RG","?쒖젙/?대읇G (P-Bandai)","","5610","5100","72930","14.3","12諛?14.3諛?諛섏퐫 怨듭떇 ?뺢? 100% ?쇱튂"
"4317","2022-11-03","RE/100","?쒖젙/?대읇G (P-Bandai)","RE/100 1/100 GYUNEI GUSS’S JAGD DOGA [SPECIAL COATING]","10450","9500","135850","14.3","12諛?14.3諛?諛섏퐫 怨듭떇 ?뺢? 100% ?쇱튂"
"4318","2022-10-08","HG","?쒖젙/?대읇G (P-Bandai)","","1760","1600","22880","14.3","12諛?14.3諛?諛섏퐫 怨듭떇 ?뺢? 100% ?쇱튂"
"4319","2023-07-29","HG","?쒖젙/?대읇G (P-Bandai)","HG 1/144 THE GUNDAM SIDE-F LIMITED GMⅢ (EARTH FEDERATION FORCE TYPE/BOSCH WELLER CUSTOM)","1760","1600","22880","14.3","12諛?14.3諛?諛섏퐫 怨듭떇 ?뺢? 100% ?쇱튂"
"432","1999-12","MG","?쒖젙/?대읇G (P-Bandai)","MG 1/100 RGM-79N","3300","3000","42900","14.3","12諛?14.3諛?諛섏퐫 怨듭떇 ?뺢? 100% ?쇱튂"
"4320","2024-06-08","HG","?쒖젙/?대읇G (P-Bandai)","HG 1/144 GMⅢ (AXIS SHOCK IMAGE COLOR)","1650","1500","21450","14.3","12諛?14.3諛?諛섏퐫 怨듭떇 ?뺢? 100% ?쇱튂"
"4321","2019-04-20","SDBD","?쒖젙/?대읇G (P-Bandai)","","1760","1600","22880","14.3","12諛?14.3諛?諛섏퐫 怨듭떇 ?뺢? 100% ?쇱튂"
"4322","2019-07-12","HG","?쒖젙/?대읇G (P-Bandai)","HG 1/144 THE GUNDAM BASE LIMITED GUNDAM 00 DIVER[TRANS-AM CLEAR]","1760","1600","19200","12","12諛?14.3諛?諛섏퐫 怨듭떇 ?뺢? 100% ?쇱튂"
"4323","2021-07-10","HG","?쒖젙/?대읇G (P-Bandai)","","1760","1600","22880","14.3","12諛?14.3諛?諛섏퐫 怨듭떇 ?뺢? 100% ?쇱튂"
"4324","2021-01-08","HG","?쒖젙/?대읇G (P-Bandai)","","1760","1600","22880","14.3","12諛?14.3諛?諛섏퐫 怨듭떇 ?뺢? 100% ?쇱튂"
"4325","2021-04-10","HG","?쒖젙/?대읇G (P-Bandai)","MG 1/100 THE GUNDAM BASE LIMITED FREEDOM GUNDAM Ver.2.0[SILVER COATING]","9900","9000","108000","12","12諛?14.3諛?諛섏퐫 怨듭떇 ?뺢? 100% ?쇱튂"
"4326","2022-02-25","MG","?쒖젙/?대읇G (P-Bandai)","MG 1/100 THE GUNDAM BASE LIMITED GUNDAM ASTRAY RED FRAME FLIGHT UNIT [METALLIC / CLEAR]","14850","13500","162000","12","12諛?14.3諛?諛섏퐫 怨듭떇 ?뺢? 100% ?쇱튂"
"4327","2022-11-19","HG","?쒖젙/?대읇G (P-Bandai)","","1760","1600","22880","14.3","12諛?14.3諛?諛섏퐫 怨듭떇 ?뺢? 100% ?쇱튂"
"4328","2022-04-29","HG","?쒖젙/?대읇G (P-Bandai)","","1760","1600","22880","14.3","12諛?14.3諛?諛섏퐫 怨듭떇 ?뺢? 100% ?쇱튂"
"433","1999-12","MG","?쒖젙/?대읇G (P-Bandai)","MG 1/100 RGM-79Q","3300","3000","42900","14.3","12諛?14.3諛?諛섏퐫 怨듭떇 ?뺢? 100% ?쇱튂"
"434","2011-09-10","HG","?쒖젙/?대읇G (P-Bandai)","HGFC 1/144 NOBELL GUNDAM (BERSERKER MODE)","1650","1500","21450","14.3","12諛?14.3諛?諛섏퐫 怨듭떇 ?뺢? 100% ?쇱튂"
"435","2011-08-27","HG","?쒖젙/?대읇G (P-Bandai)","HGFC 1/144 SHINNING GUNDAM","1980","1800","25740","14.3","12諛?14.3諛?諛섏퐫 怨듭떇 ?뺢? 100% ?쇱튂"
"4357","2023-05-03","MG","?쒖젙/?대읇G (P-Bandai)","","5500","5000","71500","14.3","12諛?14.3諛?諛섏퐫 怨듭떇 ?뺢? 100% ?쇱튂"
"4358","2024-09-14","MG","?쒖젙/?대읇G (P-Bandai)","","5500","5000","71500","14.3","12諛?14.3諛?諛섏퐫 怨듭떇 ?뺢? 100% ?쇱튂"
"4359","2024-11-30","HG","?쒖젙/?대읇G (P-Bandai)","","3080","2800","40040","14.3","12諛?14.3諛?諛섏퐫 怨듭떇 ?뺢? 100% ?쇱튂"
"436","2011-08-27","HG","?쒖젙/?대읇G (P-Bandai)","HGFC 1/144 MASTER GUNDAM & FUUNSAIKI","3080","2800","40040","14.3","12諛?14.3諛?諛섏퐫 怨듭떇 ?뺢? 100% ?쇱튂"
"4360","2025-04-19","HG","?쒖젙/?대읇G (P-Bandai)","","2640","2400","34320","14.3","12諛?14.3諛?諛섏퐫 怨듭떇 ?뺢? 100% ?쇱튂"
"4361","2025-04-11","MG","?쒖젙/?대읇G (P-Bandai)","","5500","5000","71500","14.3","12諛?14.3諛?諛섏퐫 怨듭떇 ?뺢? 100% ?쇱튂"
"4362","2025-04-11","MG","?쒖젙/?대읇G (P-Bandai)","","5500","5000","71500","14.3","12諛?14.3諛?諛섏퐫 怨듭떇 ?뺢? 100% ?쇱튂"
"4363","2025-10-11","Figure-rise Standard","?쒖젙/?대읇G (P-Bandai)","","1760","1600","22880","14.3","12諛?14.3諛?諛섏퐫 怨듭떇 ?뺢? 100% ?쇱튂"
"4364","2019-08-09","HG","?쒖젙/?대읇G (P-Bandai)","","1760","1600","22880","14.3","12諛?14.3諛?諛섏퐫 怨듭떇 ?뺢? 100% ?쇱튂"
"4365","2019-07-20","その他","?쒖젙/?대읇G (P-Bandai)","","1760","1600","22880","14.3","12諛?14.3諛?諛섏퐫 怨듭떇 ?뺢? 100% ?쇱튂"
"4366","2019-09-01","Figure-rise Standard","?쒖젙/?대읇G (P-Bandai)","","1760","1600","22880","14.3","12諛?14.3諛?諛섏퐫 怨듭떇 ?뺢? 100% ?쇱튂"
"4367","2020-01-25","その他","?쒖젙/?대읇G (P-Bandai)","","1760","1600","22880","14.3","12諛?14.3諛?諛섏퐫 怨듭떇 ?뺢? 100% ?쇱튂"
"4368","2025-08-08","HG","?쒖젙/?대읇G (P-Bandai)","","3740","3400","48620","14.3","12諛?14.3諛?諛섏퐫 怨듭떇 ?뺢? 100% ?쇱튂"
"437","1999-02","MG","?쒖젙/?대읇G (P-Bandai)","MG 1/100 RGM-79","2750","2500","35750","14.3","12諛?14.3諛?諛섏퐫 怨듭떇 ?뺢? 100% ?쇱튂"
"438","2013-02-23","HGUC","?쒖젙/?대읇G (P-Bandai)","HGUC 1/144 JESTA CANNON","2200","2000","28600","14.3","12諛?14.3諛?諛섏퐫 怨듭떇 ?뺢? 100% ?쇱튂"
"439","2012-12-29","HGUC","?쒖젙/?대읇G (P-Bandai)","HGUC 1/144 ROZEN ZULU","3080","2800","40040","14.3","12諛?14.3諛?諛섏퐫 怨듭떇 ?뺢? 100% ?쇱튂"
"4390","2018-09","HG","?쒖젙/?대읇G (P-Bandai)","HG 1/144 THE GUNDAM BASE LIMITED UNICORN GUNDAM PERFECTIBILITY(DESTROY MODE)","4180","3800","45600","12","12諛?14.3諛?諛섏퐫 怨듭떇 ?뺢? 100% ?쇱튂"
"4391","2017-08","アクションベース","?쒖젙/?대읇G (P-Bandai)","THE GUNDAM BASE LIMITED ACTION BASE 1 ［BLUE］","770","700","8400","12","12諛?14.3諛?諛섏퐫 怨듭떇 ?뺢? 100% ?쇱튂"
"4392","2017-08","アクションベース","?쒖젙/?대읇G (P-Bandai)","THE GUNDAM BASE LIMITED ACTION BASE 2 ［BLUE］","770","700","8400","12","12諛?14.3諛?諛섏퐫 怨듭떇 ?뺢? 100% ?쇱튂"
"4393","2017-08","HG","?쒖젙/?대읇G (P-Bandai)","","1760","1600","22880","14.3","12諛?14.3諛?諛섏퐫 怨듭떇 ?뺢? 100% ?쇱튂"
"4394","2017-09","メガサイズモデル","?쒖젙/?대읇G (P-Bandai)","MEGA SIZE MODEL 1/48 THE GUNDAM BASE LIMITED RX-78-2 GUNDAM ［METALLIC GLOSS INJECTION］","11000","10000","132000","12","12諛?14.3諛?諛섏퐫 怨듭떇 ?뺢? 100% ?쇱튂"
"4395","2017-12","HG","?쒖젙/?대읇G (P-Bandai)","","1760","1600","22880","14.3","12諛?14.3諛?諛섏퐫 怨듭떇 ?뺢? 100% ?쇱튂"
"4396","2017-12","HG","?쒖젙/?대읇G (P-Bandai)","HG 1/144 THE GUNDAM BASE LIMITED PETIT’GGUY [THE GUNDAM BASE COLOR]","1760","1600","19200","12","12諛?14.3諛?諛섏퐫 怨듭떇 ?뺢? 100% ?쇱튂"
"4397","2018-04","アクションベース","?쒖젙/?대읇G (P-Bandai)","THE GUNDAM BASE LIMITED ACTION BASE 4 [TRICOLOR COLOR]","770","700","8400","12","12諛?14.3諛?諛섏퐫 怨듭떇 ?뺢? 100% ?쇱튂"
"4398","2018-04","アクションベース","?쒖젙/?대읇G (P-Bandai)","THE GUNDAM BASE LIMITED ACTION BASE 5 [UNICORN COLOR]","770","700","8400","12","12諛?14.3諛?諛섏퐫 怨듭떇 ?뺢? 100% ?쇱튂"
"4399","2018-06","オプションパーツセット","?쒖젙/?대읇G (P-Bandai)","THE GUNDAM BASE LIMITED DEBRIS PARTS SET","1760","1600","19200","12","12諛?14.3諛?諛섏퐫 怨듭떇 ?뺢? 100% ?쇱튂"
"44","2016-08-06","HG","?쒖젙/?대읇G (P-Bandai)","HGBF 1/144 ZZ II","2860","2600","37180","14.3","12諛?14.3諛?諛섏퐫 怨듭떇 ?뺢? 100% ?쇱튂"
"440","1999-05","MG","?쒖젙/?대읇G (P-Bandai)","MG 1/100 MS-05B ZAKUⅠ(THE BLACK TRI-STARS)","2750","2500","35750","14.3","12諛?14.3諛?諛섏퐫 怨듭떇 ?뺢? 100% ?쇱튂"
"4400","2018-07","その他","?쒖젙/?대읇G (P-Bandai)","HALOPLA GUNDAM BASE LIMITED HALO [GUNDAM BASE COLOR]","1760","1600","19200","12","12諛?14.3諛?諛섏퐫 怨듭떇 ?뺢? 100% ?쇱튂"
"4401","2019-08-09","SDガンダム クロスシルエット","?쒖젙/?대읇G (P-Bandai)","SD GUNDAM CROSS SILHOUETTE THE GUNDAM BASE LIMITED RX-78-3 G-3GUNDAM(CROSS SILHOUETTE FRAME Ver.)","1760","1600","19200","12","12諛?14.3諛?諛섏퐫 怨듭떇 ?뺢? 100% ?쇱튂"
"4402","2019-06-15","アクションベース","?쒖젙/?대읇G (P-Bandai)","THE GUNDAM BASE LIMITED ACTION BASE 5 (E.F.S.F. IMAGE COLORS)","770","700","8400","12","12諛?14.3諛?諛섏퐫 怨듭떇 ?뺢? 100% ?쇱튂"
"4403","2019-06-15","アクションベース","?쒖젙/?대읇G (P-Bandai)","THE GUNDAM BASE LIMITED ACTION BASE 5 (ZEON IMAGE COLORS)","770","700","8400","12","12諛?14.3諛?諛섏퐫 怨듭떇 ?뺢? 100% ?쇱튂"
"4404","2019-07-20","アクションベース","?쒖젙/?대읇G (P-Bandai)","THE GUNDAM BASE LIMITED ACTION BASE4[CHAR COLOR]","770","700","8400","12","12諛?14.3諛?諛섏퐫 怨듭떇 ?뺢? 100% ?쇱튂"
"4405","2019-04-20","その他","?쒖젙/?대읇G (P-Bandai)","HAROPLA THE GUNDAM BASE LIMITED HARO [PAINTING MODEL] CLEAR&WHITE","1760","1600","19200","12","12諛?14.3諛?諛섏퐫 怨듭떇 ?뺢? 100% ?쇱튂"
"4406","2019-04-06","MG","?쒖젙/?대읇G (P-Bandai)","MG 1/100 GUNDAM BASE LIMITED MS CAGE","5500","5000","60000","12","12諛?14.3諛?諛섏퐫 怨듭떇 ?뺢? 100% ?쇱튂"
"4407","2019-07-20","MG","?쒖젙/?대읇G (P-Bandai)","MG 1/100 THE GUNDAM BASE LIMITED UNICORN GUNDAM PERFECTIBILITY","13200","12000","144000","12","12諛?14.3諛?諛섏퐫 怨듭떇 ?뺢? 100% ?쇱튂"
"4408","2019-12-20","HG","?쒖젙/?대읇G (P-Bandai)","HG 1/144 THE GUNDAM BASE LIMITED NARRATIVE GUNDAM B-PACKS","1760","1600","19200","12","12諛?14.3諛?諛섏퐫 怨듭떇 ?뺢? 100% ?쇱튂"
"4409","2019-10-21","その他","?쒖젙/?대읇G (P-Bandai)","","1760","1600","22880","14.3","12諛?14.3諛?諛섏퐫 怨듭떇 ?뺢? 100% ?쇱튂"
"441","2012-01-08","HGUC","?쒖젙/?대읇G (P-Bandai)","HGUC 1/144 UNICORN GUNDAM 02 BANSHEE (DESTROY MODE)","1980","1800","25740","14.3","12諛?14.3諛?諛섏퐫 怨듭떇 ?뺢? 100% ?쇱튂"
"4410","2019-11-01","その他","?쒖젙/?대읇G (P-Bandai)","BB THE GUNDAM BASE LIMITED UNICORN GUNDAM PERFECTIBILITY","2200","2000","24000","12","12諛?14.3諛?諛섏퐫 怨듭떇 ?뺢? 100% ?쇱튂"
"4411","2019-12-20","その他","?쒖젙/?대읇G (P-Bandai)","","1760","1600","22880","14.3","12諛?14.3諛?諛섏퐫 怨듭떇 ?뺢? 100% ?쇱튂"
"4412","2017-08","HG","?쒖젙/?대읇G (P-Bandai)","HG 1/144 THE GUNDAM BASE LIMITED RX-78-2 GUNDAM ［METALLIC GLOSS INJECTION］","1760","1600","19200","12","12諛?14.3諛?諛섏퐫 怨듭떇 ?뺢? 100% ?쇱튂"
"4413","2017-08","HG","?쒖젙/?대읇G (P-Bandai)","HG 1/144 THE GUNDAM BASE LIMITED GUNDAM BARBATOS ［METALLIC GLOSS INJECTION］","1760","1600","19200","12","12諛?14.3諛?諛섏퐫 怨듭떇 ?뺢? 100% ?쇱튂"
"4414","2017-12","HG","?쒖젙/?대읇G (P-Bandai)","RG 1/144 THE GUNDAM BASE LIMITED WING GUNDAM ZERO EW ［CLEAR COLOR］","2970","2700","32400","12","12諛?14.3諛?諛섏퐫 怨듭떇 ?뺢? 100% ?쇱튂"
"4415","2017-08","MG","?쒖젙/?대읇G (P-Bandai)","MG 1/100 THE GUNDAM BASE LIMITED AILE STRIKE GUNDAM Ver.RM ［CLEAR COLOR］","4620","4200","50400","12","12諛?14.3諛?諛섏퐫 怨듭떇 ?뺢? 100% ?쇱튂"
"4416","2017-08","RG","?쒖젙/?대읇G (P-Bandai)","RG 1/144 GUNDAM Base Limited Sinanju [Metallic Gloss Injection]","4400","4000","48000","12","12諛?14.3諛?諛섏퐫 怨듭떇 ?뺢? 100% ?쇱튂"
"4417","2017-10","HG","?쒖젙/?대읇G (P-Bandai)","","1760","1600","22880","14.3","12諛?14.3諛?諛섏퐫 怨듭떇 ?뺢? 100% ?쇱튂"
"4418","2017-10","HG","?쒖젙/?대읇G (P-Bandai)","","1760","1600","22880","14.3","12諛?14.3諛?諛섏퐫 怨듭떇 ?뺢? 100% ?쇱튂"
"4419","2017-09","RG","?쒖젙/?대읇G (P-Bandai)","","3300","3000","42900","14.3","12諛?14.3諛?諛섏퐫 怨듭떇 ?뺢? 100% ?쇱튂"
"442","1999-06","MG","?쒖젙/?대읇G (P-Bandai)","MG 1/100 DOM","4400","4000","57200","14.3","12諛?14.3諛?諛섏퐫 怨듭떇 ?뺢? 100% ?쇱튂"
"4420","2017-11","HG","?쒖젙/?대읇G (P-Bandai)","HG 1/144 THE GUNDAM BASE LIMITED FREEDOM GUNDAM ［CLEAR COLOR］","1980","1800","21600","12","12諛?14.3諛?諛섏퐫 怨듭떇 ?뺢? 100% ?쇱튂"
"4421","2018-03","HG","?쒖젙/?대읇G (P-Bandai)","","1760","1600","22880","14.3","12諛?14.3諛?諛섏퐫 怨듭떇 ?뺢? 100% ?쇱튂"
"4422","2018-01","HG","?쒖젙/?대읇G (P-Bandai)","HG 1/144 THE GUNDAM BASE LIMITED ZETA GUNDAM UNIT 3","2420","2200","26400","12","12諛?14.3諛?諛섏퐫 怨듭떇 ?뺢? 100% ?쇱튂"
"4423","2018-06","PG","?쒖젙/?대읇G (P-Bandai)","","22000","20000","286000","14.3","12諛?14.3諛?諛섏퐫 怨듭떇 ?뺢? 100% ?쇱튂"
"4424","2018-04","MG","?쒖젙/?대읇G (P-Bandai)","","5500","5000","71500","14.3","12諛?14.3諛?諛섏퐫 怨듭떇 ?뺢? 100% ?쇱튂"
"4425","2018-05","HG","?쒖젙/?대읇G (P-Bandai)","","1760","1600","22880","14.3","12諛?14.3諛?諛섏퐫 怨듭떇 ?뺢? 100% ?쇱튂"
"4426","2018-09","HG","?쒖젙/?대읇G (P-Bandai)","","1760","1600","22880","14.3","12諛?14.3諛?諛섏퐫 怨듭떇 ?뺢? 100% ?쇱튂"
"4427","2018-08","RG","?쒖젙/?대읇G (P-Bandai)","","3300","3000","42900","14.3","12諛?14.3諛?諛섏퐫 怨듭떇 ?뺢? 100% ?쇱튂"
"4428","2019-02","HG","?쒖젙/?대읇G (P-Bandai)","HG 1/144 THE GUNDAM BASE LIMITED EFREET CUSTOM[METALIC GLOSS INJECTION]","2200","2000","24000","12","12諛?14.3諛?諛섏퐫 怨듭떇 ?뺢? 100% ?쇱튂"
"4429","2019-01-12","HG","?쒖젙/?대읇G (P-Bandai)","","1760","1600","22880","14.3","12諛?14.3諛?諛섏퐫 怨듭떇 ?뺢? 100% ?쇱튂"
"443","1999-10","MG","?쒖젙/?대읇G (P-Bandai)","MG 1/100 RICK-DOM","4400","4000","57200","14.3","12諛?14.3諛?諛섏퐫 怨듭떇 ?뺢? 100% ?쇱튂"
"4430","2019-11-30","RG","?쒖젙/?대읇G (P-Bandai)","RG 1/144 THE GUNDAM BASE LIMITED 00 QAN[T] FULL SABER [TRANS-AM CLEAR]","3740","3400","40800","12","12諛?14.3諛?諛섏퐫 怨듭떇 ?뺢? 100% ?쇱튂"
"4431","2019-11-23","MG","?쒖젙/?대읇G (P-Bandai)","MG 1/100 THE GUNDAM BASE LIMITED RX-78-2 GUNDAM Ver.3.0 [THE GUNDAM BASE COLOR]","4950","4500","54000","12","12諛?14.3諛?諛섏퐫 怨듭떇 ?뺢? 100% ?쇱튂"
"4432","2019-09-21","HG","?쒖젙/?대읇G (P-Bandai)","","1760","1600","22880","14.3","12諛?14.3諛?諛섏퐫 怨듭떇 ?뺢? 100% ?쇱튂"
"4433","2017-08","その他","?쒖젙/?대읇G (P-Bandai)","","1760","1600","22880","14.3","12諛?14.3諛?諛섏퐫 怨듭떇 ?뺢? 100% ?쇱튂"
"4434","2017-08","MG","?쒖젙/?대읇G (P-Bandai)","","5500","5000","71500","14.3","12諛?14.3諛?諛섏퐫 怨듭떇 ?뺢? 100% ?쇱튂"
"4435","2021-08-07","MG","?쒖젙/?대읇G (P-Bandai)","MG 1/100 THE GUNDAM BASE LIMITED RX-78-2 GUNDAM Ver.3.0 [TITANIUM FINISH]","9900","9000","108000","12","12諛?14.3諛?諛섏퐫 怨듭떇 ?뺢? 100% ?쇱튂"
"4436","2017-12","その他","?쒖젙/?대읇G (P-Bandai)","","1760","1600","22880","14.3","12諛?14.3諛?諛섏퐫 怨듭떇 ?뺢? 100% ?쇱튂"
"4437","2017-12","メガサイズモデル","?쒖젙/?대읇G (P-Bandai)","MEGA SIZE MODEL 1/48 THE GUNDAM BASE LIMITED RX-0 UNICORN GUNDAM Ver. TWC","12100","11000","132000","12","12諛?14.3諛?諛섏퐫 怨듭떇 ?뺢? 100% ?쇱튂"
"444","2000-05","MG","?쒖젙/?대읇G (P-Bandai)","MG 1/100 GUNDAM RX-79G","3740","3400","48620","14.3","12諛?14.3諛?諛섏퐫 怨듭떇 ?뺢? 100% ?쇱튂"
"445","2000-06","MG","?쒖젙/?대읇G (P-Bandai)","MG 1/100 RX-78 GUNDAM (Ver.1.5)","3300","3000","42900","14.3","12諛?14.3諛?諛섏퐫 怨듭떇 ?뺢? 100% ?쇱튂"
"4456","2020-02-08","その他","?쒖젙/?대읇G (P-Bandai)","","1760","1600","22880","14.3","12諛?14.3諛?諛섏퐫 怨듭떇 ?뺢? 100% ?쇱튂"
"4457","2020-05-30","その他","?쒖젙/?대읇G (P-Bandai)","THE GUNDAM BASE LIMITED MS GENERAL PURPOSE HANGAR","1760","1600","19200","12","12諛?14.3諛?諛섏퐫 怨듭떇 ?뺢? 100% ?쇱튂"
"4458","2020-06-12","その他","?쒖젙/?대읇G (P-Bandai)","","1760","1600","22880","14.3","12諛?14.3諛?諛섏퐫 怨듭떇 ?뺢? 100% ?쇱튂"
"4459","2020-06-19","その他","?쒖젙/?대읇G (P-Bandai)","","1760","1600","22880","14.3","12諛?14.3諛?諛섏퐫 怨듭떇 ?뺢? 100% ?쇱튂"
"446","2000-08","MG","?쒖젙/?대읇G (P-Bandai)","MG 1/100 FULL ARMOR ZZ GUNDAM","6600","6000","85800","14.3","12諛?14.3諛?諛섏퐫 怨듭떇 ?뺢? 100% ?쇱튂"
"4460","2020-06-19","その他","?쒖젙/?대읇G (P-Bandai)","","1760","1600","22880","14.3","12諛?14.3諛?諛섏퐫 怨듭떇 ?뺢? 100% ?쇱튂"
"4461","2020-10","その他","?쒖젙/?대읇G (P-Bandai)","","1760","1600","22880","14.3","12諛?14.3諛?諛섏퐫 怨듭떇 ?뺢? 100% ?쇱튂"
"4462","2020-06-06","ENTRY GRADE","?쒖젙/?대읇G (P-Bandai)","","1760","1600","22880","14.3","12諛?14.3諛?諛섏퐫 怨듭떇 ?뺢? 100% ?쇱튂"
"4463","2020-08-07","その他","?쒖젙/?대읇G (P-Bandai)","HAROPLA MOBILEHARO [THE GUNDAM BASE COLOR]","1760","1600","19200","12","12諛?14.3諛?諛섏퐫 怨듭떇 ?뺢? 100% ?쇱튂"
"4464","2020-05-30","HG","?쒖젙/?대읇G (P-Bandai)","HG 1/144 THE GUNDAM BASE LIMITED MS-06C-6/R6 ZAKUⅡ TYPE C-6/R6[PAINTING MODEL]","1760","1600","19200","12","12諛?14.3諛?諛섏퐫 怨듭떇 ?뺢? 100% ?쇱튂"
"4465","2021-09-19","SDEX","?쒖젙/?대읇G (P-Bandai)","SD GUNDAM EX-STANDARD ZGMF X10A FREEDOM GUNDAM Ver.SH","770","700","10010","14.3","12諛?14.3諛?諛섏퐫 怨듭떇 ?뺢? 100% ?쇱튂"
"4466","2021-09-19","HG","?쒖젙/?대읇G (P-Bandai)","FULLMECHANICS 1/100 THE GUNDAM BASE LIMITED ZGMF-X10A FREEDOM GUNDAM Ver.GCP","4840","4400","52800","12","12諛?14.3諛?諛섏퐫 怨듭떇 ?뺢? 100% ?쇱튂"
"4467","2023-12-02","RG","?쒖젙/?대읇G (P-Bandai)","RG 1/144 GUNDAM BASE LIMITED ZGMF-X10A FREEDOM GUNDAM VER.GCP","4180","3800","45600","12","12諛?14.3諛?諛섏퐫 怨듭떇 ?뺢? 100% ?쇱튂"
"4468","2020-12-11","MG","?쒖젙/?대읇G (P-Bandai)","","5500","5000","71500","14.3","12諛?14.3諛?諛섏퐫 怨듭떇 ?뺢? 100% ?쇱튂"
"4469","2021-05-07","その他","?쒖젙/?대읇G (P-Bandai)","","1760","1600","22880","14.3","12諛?14.3諛?諛섏퐫 怨듭떇 ?뺢? 100% ?쇱튂"
"447","2000-09","MG","?쒖젙/?대읇G (P-Bandai)","MG 1/100 ZAKUⅠ(RAMBA RAL'S CUSTOM)","2750","2500","35750","14.3","12諛?14.3諛?諛섏퐫 怨듭떇 ?뺢? 100% ?쇱튂"
"4470","2021-05-07","その他","?쒖젙/?대읇G (P-Bandai)","","1760","1600","22880","14.3","12諛?14.3諛?諛섏퐫 怨듭떇 ?뺢? 100% ?쇱튂"
"4471","2021-08-07","その他","?쒖젙/?대읇G (P-Bandai)","1/144 THE GUNDAM BASE LIMITED WHITE BASE MS HANGAR SET","1760","1600","19200","12","12諛?14.3諛?諛섏퐫 怨듭떇 ?뺢? 100% ?쇱튂"
"4472","2021-05-14","HG","?쒖젙/?대읇G (P-Bandai)","","1760","1600","22880","14.3","12諛?14.3諛?諛섏퐫 怨듭떇 ?뺢? 100% ?쇱튂"
"4473","2021-07-10","その他","?쒖젙/?대읇G (P-Bandai)","","1760","1600","22880","14.3","12諛?14.3諛?諛섏퐫 怨듭떇 ?뺢? 100% ?쇱튂"
"4474","2021-06-21","ENTRY GRADE","?쒖젙/?대읇G (P-Bandai)","ENTRY GRADE 1/144 THE GUNDAM BASE LIMITED RX-78 GUNDAM [PAINTING MODEL]","770","700","8400","12","12諛?14.3諛?諛섏퐫 怨듭떇 ?뺢? 100% ?쇱튂"
"4475","2020-08-07","RG","?쒖젙/?대읇G (P-Bandai)","RG 1/144 THE GUNDAM BASE LIMITED UNICORN GUNDAM PERFECTIBILITY","8030","7300","87600","12","12諛?14.3諛?諛섏퐫 怨듭떇 ?뺢? 100% ?쇱튂"
"4476","2020-09-11","HG","?쒖젙/?대읇G (P-Bandai)","","1760","1600","22880","14.3","12諛?14.3諛?諛섏퐫 怨듭떇 ?뺢? 100% ?쇱튂"
"4477","2020-11-12","HG","?쒖젙/?대읇G (P-Bandai)","RG 1/144 THE GUNDAM BASE LIMITED 00-RAISER [TRANS-AM CLEAR]","3850","3500","42000","12","12諛?14.3諛?諛섏퐫 怨듭떇 ?뺢? 100% ?쇱튂"
"4478","2020-11-12","RG","?쒖젙/?대읇G (P-Bandai)","RG 1/144 THE GUNDAM BASE LIMITED 00 QAN[T][TRANS-AM CLEAR]","3080","2800","33600","12","12諛?14.3諛?諛섏퐫 怨듭떇 ?뺢? 100% ?쇱튂"
"4479","2020-11-12","RG","?쒖젙/?대읇G (P-Bandai)","","3300","3000","42900","14.3","12諛?14.3諛?諛섏퐫 怨듭떇 ?뺢? 100% ?쇱튂"
"448","2000-10","MG","?쒖젙/?대읇G (P-Bandai)","MG 1/100 RX-79G GUNDAM Ez8","3740","3400","48620","14.3","12諛?14.3諛?諛섏퐫 怨듭떇 ?뺢? 100% ?쇱튂"
"4480","2020-08-08","MG","?쒖젙/?대읇G (P-Bandai)","MG 1/100 THE GUNDAM BASE LIMITED FAZZ Ver.Ka [TITANIUM FINISH]","24200","22000","264000","12","12諛?14.3諛?諛섏퐫 怨듭떇 ?뺢? 100% ?쇱튂"
"4481","2020-12-11","MGEX","?쒖젙/?대읇G (P-Bandai)","","15400","14000","200200","14.3","12諛?14.3諛?諛섏퐫 怨듭떇 ?뺢? 100% ?쇱튂"
"4482","2021-03-12","HG","?쒖젙/?대읇G (P-Bandai)","HG 1/144 GUNDAM BASE LIMITED RX-78-2 GUNDAM [BEYOND GLOBAL] [GUNDAM BASE COLOR]","2420","2200","26400","12","12諛?14.3諛?諛섏퐫 怨듭떇 ?뺢? 100% ?쇱튂"
"4483","2021-03-12","HG","?쒖젙/?대읇G (P-Bandai)","MG 1/100 GUNDAM BASS LIMITED ZAKUWARRIOR (LIVE CONCERT VER.)","4620","4200","60060","14.3","12諛?14.3諛?諛섏퐫 怨듭떇 ?뺢? 100% ?쇱튂"
"4484","2021-02","RG","?쒖젙/?대읇G (P-Bandai)","","3300","3000","42900","14.3","12諛?14.3諛?諛섏퐫 怨듭떇 ?뺢? 100% ?쇱튂"
"4485","2021-06-21","HG","?쒖젙/?대읇G (P-Bandai)","","1760","1600","22880","14.3","12諛?14.3諛?諛섏퐫 怨듭떇 ?뺢? 100% ?쇱튂"
"4486","2021-05-14","Figure-rise Standard","?쒖젙/?대읇G (P-Bandai)","","1760","1600","22880","14.3","12諛?14.3諛?諛섏퐫 怨듭떇 ?뺢? 100% ?쇱튂"
"4487","2024-10-12","HG","?쒖젙/?대읇G (P-Bandai)","HG 1/144 THE GUNDAM BASE LIMITED GUNDAM FSD (with PROTOTYPE LONG-RANGE BEAM RIFLE)","2860","2600","31200","12","12諛?14.3諛?諛섏퐫 怨듭떇 ?뺢? 100% ?쇱튂"
"4488","2022-03-12","SDガンダム クロスシルエット","?쒖젙/?대읇G (P-Bandai)","SD GUNDAM CROSS SILHOUETTE THE GUNDAM BASE LIMITED RX-78-2 GUNDAM(CROSS SILHOUETTE FRAME Ver.) [THE GUNDAM BASE COLOR]","1760","1600","19200","12","12諛?14.3諛?諛섏퐫 怨듭떇 ?뺢? 100% ?쇱튂"
"4489","2022-05-03","ENTRY GRADE","?쒖젙/?대읇G (P-Bandai)","ENTRY GRADE 1/144 THE GUNDAM BASE LIMITED RX-78-2 GUNDAM [THE GUNDAM BASE COLOR]","770","700","8400","12","12諛?14.3諛?諛섏퐫 怨듭떇 ?뺢? 100% ?쇱튂"
"449","2001-01","MG","?쒖젙/?대읇G (P-Bandai)","MG 1/100 MS-18E KAMPFER","4840","4400","62920","14.3","12諛?14.3諛?諛섏퐫 怨듭떇 ?뺢? 100% ?쇱튂"
"4490","2022-08-06","MG","?쒖젙/?대읇G (P-Bandai)","MG 1/100 THE GUNDAM BASE LIMITED PERFECT STRIKE GUNDAM [GRAND SLAM EQUIPPED]","7700","7000","84000","12","12諛?14.3諛?諛섏퐫 怨듭떇 ?뺢? 100% ?쇱튂"
"4491","2022-08-22","MG","?쒖젙/?대읇G (P-Bandai)","MG 1/100 THE GUNDAM BASE LIMITED UNICORN GUNDAM (LUMINOUS CRYSTAL BODY)","8140","7400","88800","12","12諛?14.3諛?諛섏퐫 怨듭떇 ?뺢? 100% ?쇱튂"
"4492","2022-10-08","HG","?쒖젙/?대읇G (P-Bandai)","HG 1/144 THE GUNDAM BASE LIMITED GUNDAM ASTRAY RED DRAGON","4070","3700","44400","12","12諛?14.3諛?諛섏퐫 怨듭떇 ?뺢? 100% ?쇱튂"
"4493","2022-10-01","アクションベース","?쒖젙/?대읇G (P-Bandai)","THE GUNDAM BASE LIMITED ACTION BASE 5 [THE WITCH FROM MERCURY IMAGE COLOR]","770","700","8400","12","12諛?14.3諛?諛섏퐫 怨듭떇 ?뺢? 100% ?쇱튂"
"4494","2022-05-21","ENTRY GRADE","?쒖젙/?대읇G (P-Bandai)","ENTRY GRADE 1/144 THE GUNDAM BASE LIMITED STRIKE GUNDAM [PAINTING MODEL]","770","700","8400","12","12諛?14.3諛?諛섏퐫 怨듭떇 ?뺢? 100% ?쇱튂"
"4495","2023-08-05","HG","?쒖젙/?대읇G (P-Bandai)","HG THE GUNDAM BASE LIMITED TOLRO-800 -TOROHACHI-","2200","2000","24000","12","12諛?14.3諛?諛섏퐫 怨듭떇 ?뺢? 100% ?쇱튂"
"4496","2023-11-11","ENTRY GRADE","?쒖젙/?대읇G (P-Bandai)","ENTRY GRADE 1/144 THE GUNDAM BASE LIMITED LAH GUNDAM SHISAKU ICHIGATA","770","700","8400","12","12諛?14.3諛?諛섏퐫 怨듭떇 ?뺢? 100% ?쇱튂"
"4497","2023-09-23","HG","?쒖젙/?대읇G (P-Bandai)","","1760","1600","22880","14.3","12諛?14.3諛?諛섏퐫 怨듭떇 ?뺢? 100% ?쇱튂"
"4498","2022-04","ENTRY GRADE","?쒖젙/?대읇G (P-Bandai)","ENTRY GRADE 1/144 RX-93ff ν GUNDAM","1430","1300","18590","14.3","12諛?14.3諛?諛섏퐫 怨듭떇 ?뺢? 100% ?쇱튂"
"4499","2022-05-21","HG","?쒖젙/?대읇G (P-Bandai)","HG 1/144 BOOSTER BED FOR ν GUNDAM","1320","1200","17160","14.3","12諛?14.3諛?諛섏퐫 怨듭떇 ?뺢? 100% ?쇱튂"
"45","2017-01-14","HG","?쒖젙/?대읇G (P-Bandai)","HG 1/144 GUNCANNON MOBILITY TEST TYPE / FIREPOWER TEST TYPE","1980","1800","25740","14.3","12諛?14.3諛?諛섏퐫 怨듭떇 ?뺢? 100% ?쇱튂"
"450","2001-02","MG","?쒖젙/?대읇G (P-Bandai)","MG 1/100 MS-07B3 GOUF CUSTOM","3740","3400","48620","14.3","12諛?14.3諛?諛섏퐫 怨듭떇 ?뺢? 100% ?쇱튂"
"4500","2022-12-19","HG","?쒖젙/?대읇G (P-Bandai)","","4620","4200","60060","14.3","12諛?14.3諛?諛섏퐫 怨듭떇 ?뺢? 100% ?쇱튂"
"4501","2023-07-29","RG","?쒖젙/?대읇G (P-Bandai)","RG 1/144 THE GUNDAM BASE LIMITED RX-0 UNICORN GUNDAM (FINAL BATTLE Ver.) [SPECIAL COATING]","13200","12000","144000","12","12諛?14.3諛?諛섏퐫 怨듭떇 ?뺢? 100% ?쇱튂"
"4502","2022-11-21","RG","?쒖젙/?대읇G (P-Bandai)","RG 1/144 THE GUNDAM BASE LIMITED Hi-ν GUNDAM [TITANIUM FINISH]","10340","9400","112800","12","12諛?14.3諛?諛섏퐫 怨듭떇 ?뺢? 100% ?쇱튂"
"4503","2023-04-22","HG","?쒖젙/?대읇G (P-Bandai)","","1760","1600","22880","14.3","12諛?14.3諛?諛섏퐫 怨듭떇 ?뺢? 100% ?쇱튂"
"4504","2022-12-24","MG","?쒖젙/?대읇G (P-Bandai)","MG 1/100 THE GUNDAM BASE LIMITED WING GUNDAM ZERO EW Ver.Ka [TITANIUM FINISH]","15400","14000","168000","12","12諛?14.3諛?諛섏퐫 怨듭떇 ?뺢? 100% ?쇱튂"
"4505","2022-09-30","HG","?쒖젙/?대읇G (P-Bandai)","HG 1/144 THE GUNDAM BASE LIMITED FULL ARMOR GUNDAM VS PSYCHO ZAKU SET (GUNDAM THUNDERBOLT 10th Anniversary Ver.)","7260","6600","79200","12","12諛?14.3諛?諛섏퐫 怨듭떇 ?뺢? 100% ?쇱튂"
"4506","2023-11-25","MG","?쒖젙/?대읇G (P-Bandai)","","5500","5000","71500","14.3","12諛?14.3諛?諛섏퐫 怨듭떇 ?뺢? 100% ?쇱튂"
"4507","2023-06-10","HG","?쒖젙/?대읇G (P-Bandai)","","4180","3800","54340","14.3","12諛?14.3諛?諛섏퐫 怨듭떇 ?뺢? 100% ?쇱튂"
"4508","2023-06-10","HG","?쒖젙/?대읇G (P-Bandai)","","1760","1600","22880","14.3","12諛?14.3諛?諛섏퐫 怨듭떇 ?뺢? 100% ?쇱튂"
"4509","2023-12-22","HG","?쒖젙/?대읇G (P-Bandai)","","1760","1600","22880","14.3","12諛?14.3諛?諛섏퐫 怨듭떇 ?뺢? 100% ?쇱튂"
"451","2014-05-17","HGUC","?쒖젙/?대읇G (P-Bandai)","HGUC 1/144 KSHATRIYA REPAIRED","7150","6500","92950","14.3","12諛?14.3諛?諛섏퐫 怨듭떇 ?뺢? 100% ?쇱튂"
"4510","2023-01-21","HG","?쒖젙/?대읇G (P-Bandai)","","1760","1600","22880","14.3","12諛?14.3諛?諛섏퐫 怨듭떇 ?뺢? 100% ?쇱튂"
"4511","2024-08-24","HG","?쒖젙/?대읇G (P-Bandai)","HG THE GUNDAM BASE LIMITED DRAKEN E","2420","2200","26400","12","12諛?14.3諛?諛섏퐫 怨듭떇 ?뺢? 100% ?쇱튂"
"4512","2024-10-26","HG","?쒖젙/?대읇G (P-Bandai)","HG 1/144 THE GUNDAM BASE LIMITED G-SELF PERFECT PACK (Reconguista in G the Movie Ver.)","4070","3700","44400","12","12諛?14.3諛?諛섏퐫 怨듭떇 ?뺢? 100% ?쇱튂"
"4513","2024-12-14","オプションパーツセット","?쒖젙/?대읇G (P-Bandai)","","1760","1600","22880","14.3","12諛?14.3諛?諛섏퐫 怨듭떇 ?뺢? 100% ?쇱튂"
"4514","2024-12-14","オプションパーツセット","?쒖젙/?대읇G (P-Bandai)","","1760","1600","22880","14.3","12諛?14.3諛?諛섏퐫 怨듭떇 ?뺢? 100% ?쇱튂"
"4515","2025-08-23","HG","?쒖젙/?대읇G (P-Bandai)","","2200","2000","28600","14.3","12諛?14.3諛?諛섏퐫 怨듭떇 ?뺢? 100% ?쇱튂"
"4516","2025-09-13","HG","?쒖젙/?대읇G (P-Bandai)","","22000","20000","286000","14.3","12諛?14.3諛?諛섏퐫 怨듭떇 ?뺢? 100% ?쇱튂"
"4517","2025-12-27","ENTRY GRADE","?쒖젙/?대읇G (P-Bandai)","","1760","1600","22880","14.3","12諛?14.3諛?諛섏퐫 怨듭떇 ?뺢? 100% ?쇱튂"
"4518","2024-04-27","Figure-rise Standard","?쒖젙/?대읇G (P-Bandai)","","1760","1600","22880","14.3","12諛?14.3諛?諛섏퐫 怨듭떇 ?뺢? 100% ?쇱튂"
"4519","2025-03-08","RG","?쒖젙/?대읇G (P-Bandai)","","16500","15000","214500","14.3","12諛?14.3諛?諛섏퐫 怨듭떇 ?뺢? 100% ?쇱튂"
"452","2014-06-28","HGUC","?쒖젙/?대읇G (P-Bandai)","HGUC 1/144 NEO ZEONG","27500","25000","357500","14.3","12諛?14.3諛?諛섏퐫 怨듭떇 ?뺢? 100% ?쇱튂"
"4520","2024-07-27","MG","?쒖젙/?대읇G (P-Bandai)","MG 1/100 THE GUNDAM BASE LIMITED DESTINY GUNDAM (HEINE WESTENFLUSS CUSTOM)","7150","6500","78000","12","12諛?14.3諛?諛섏퐫 怨듭떇 ?뺢? 100% ?쇱튂"
"4521","2024-07-27","HG","?쒖젙/?대읇G (P-Bandai)","HG 1/144 THE GUNDAM BASE LIMITED GUNDAM CALIBARN [CLEAR COLOR]","2200","2000","24000","12","12諛?14.3諛?諛섏퐫 怨듭떇 ?뺢? 100% ?쇱튂"
"4522","2024-08-17","RG","?쒖젙/?대읇G (P-Bandai)","RG 1/144 THE GUNDAM BASE LIMITED ZEONG [SPECIAL COATING]","13200","12000","144000","12","12諛?14.3諛?諛섏퐫 怨듭떇 ?뺢? 100% ?쇱튂"
"4523","2025-08-23","HG","?쒖젙/?대읇G (P-Bandai)","","2750","2500","35750","14.3","12諛?14.3諛?諛섏퐫 怨듭떇 ?뺢? 100% ?쇱튂"
"4524","2025-04-11","RG","?쒖젙/?대읇G (P-Bandai)","","3300","3000","42900","14.3","12諛?14.3諛?諛섏퐫 怨듭떇 ?뺢? 100% ?쇱튂"
"4525","2025-10-11","Figure-rise Standard","?쒖젙/?대읇G (P-Bandai)","","1760","1600","22880","14.3","12諛?14.3諛?諛섏퐫 怨듭떇 ?뺢? 100% ?쇱튂"
"4526","2025-10-25","MG","?쒖젙/?대읇G (P-Bandai)","","17600","16000","228800","14.3","12諛?14.3諛?諛섏퐫 怨듭떇 ?뺢? 100% ?쇱튂"
"453","2014-06-21","HGUC","?쒖젙/?대읇G (P-Bandai)","HGUC 1/144 ZSSA (UNICORN Ver.)","2640","2400","34320","14.3","12諛?14.3諛?諛섏퐫 怨듭떇 ?뺢? 100% ?쇱튂"
"454","2014-07-12","HGUC","?쒖젙/?대읇G (P-Bandai)","HGUC 1/144 SCHUZRUM-GALLUSS","2860","2600","37180","14.3","12諛?14.3諛?諛섏퐫 怨듭떇 ?뺢? 100% ?쇱튂"
"455","2014-07-12","HGUC","?쒖젙/?대읇G (P-Bandai)","HGUC 1/144 ZETA PLUS（UNICORN Ver.）","2860","2600","37180","14.3","12諛?14.3諛?諛섏퐫 怨듭떇 ?뺢? 100% ?쇱튂"
"456","2014-08-09","HGUC","?쒖젙/?대읇G (P-Bandai)","HGUC 1/144 ROZEN ZULU （episode 7 Ver.）","3300","3000","42900","14.3","12諛?14.3諛?諛섏퐫 怨듭떇 ?뺢? 100% ?쇱튂"
"457","2014-07-26","HG","?쒖젙/?대읇G (P-Bandai)","HGAW 1/144 GUNDAM AIRMASTER","2090","1900","27170","14.3","12諛?14.3諛?諛섏퐫 怨듭떇 ?뺢? 100% ?쇱튂"
"458","2015-03-14","HGUC","?쒖젙/?대읇G (P-Bandai)","HGUC 1/144 V-DASH GUNDAM","1980","1800","25740","14.3","12諛?14.3諛?諛섏퐫 怨듭떇 ?뺢? 100% ?쇱튂"
"4588","2021-04-24","HG","?쒖젙/?대읇G (P-Bandai)","HG 1/144 THE GUNDAM BASE FUKUOKA LIMITED UNICORN GUNDAM PERFECTIBILITY (DESTROY MODE) (FINAL BATTLE Ver.)Ver.GSF","3740","3400","40800","12","12諛?14.3諛?諛섏퐫 怨듭떇 ?뺢? 100% ?쇱튂"
"459","2014-11-15","HGUC","?쒖젙/?대읇G (P-Bandai)","HGUC 1/144 CROSSBONE GUNDAM X1","2200","2000","28600","14.3","12諛?14.3諛?諛섏퐫 怨듭떇 ?뺢? 100% ?쇱튂"
"46","2016-12-10","HG","?쒖젙/?대읇G (P-Bandai)","HG 1/144 MS-05S CHAR AZNABLE'S ZAKU I","1870","1700","24310","14.3","12諛?14.3諛?諛섏퐫 怨듭떇 ?뺢? 100% ?쇱튂"
"460","2015-05-23","HGUC","?쒖젙/?대읇G (P-Bandai)","HGUC 1/144 V2 ASSAULT BUSTER GUNDAM","2420","2200","31460","14.3","12諛?14.3諛?諛섏퐫 怨듭떇 ?뺢? 100% ?쇱튂"
"461","2014-09-13","HGUC","?쒖젙/?대읇G (P-Bandai)","HGUC 1/144 ZⅡ","2860","2600","37180","14.3","12諛?14.3諛?諛섏퐫 怨듭떇 ?뺢? 100% ?쇱튂"
"462","2015-12-19","HGUC","?쒖젙/?대읇G (P-Bandai)","HGUC 1/144 QUBELEY","2200","2000","28600","14.3","12諛?14.3諛?諛섏퐫 怨듭떇 ?뺢? 100% ?쇱튂"
"4621","2017-08","MG","?쒖젙/?대읇G (P-Bandai)","MG 1/100 THE GUNDAM BASE LIMITED FREEDOM GUNDAM Ver.2.0 ［CLEAR COLOR］","4950","4500","54000","12","12諛?14.3諛?諛섏퐫 怨듭떇 ?뺢? 100% ?쇱튂"
"4622","2017-08","PG","?쒖젙/?대읇G (P-Bandai)","","22000","20000","286000","14.3","12諛?14.3諛?諛섏퐫 怨듭떇 ?뺢? 100% ?쇱튂"
"4623","2017-09","MG","?쒖젙/?대읇G (P-Bandai)","MG 1/100 THE GUNDAM BASE LIMITED TRANS-AM RAISER ［CLEAR COLOR]","7150","6500","78000","12","12諛?14.3諛?諛섏퐫 怨듭떇 ?뺢? 100% ?쇱튂"
"4624","2017-11","MG","?쒖젙/?대읇G (P-Bandai)","","5500","5000","71500","14.3","12諛?14.3諛?諛섏퐫 怨듭떇 ?뺢? 100% ?쇱튂"
"4625","2018-07","MG","?쒖젙/?대읇G (P-Bandai)","MG 1/100 GUNDAM BASE LIMITED MSN-04 SAZABI VER.KA [SPECIAL COATING]","20240","18400","220800","12","12諛?14.3諛?諛섏퐫 怨듭떇 ?뺢? 100% ?쇱튂"
"4626","2018-11","HG","?쒖젙/?대읇G (P-Bandai)","HG 1/144 THE GUNDAM BASE LIMITED HYAKU-SHIKI [GOLD COATING]","4400","4000","48000","12","12諛?14.3諛?諛섏퐫 怨듭떇 ?뺢? 100% ?쇱튂"
"4627","2018-12","RG","?쒖젙/?대읇G (P-Bandai)","","3300","3000","42900","14.3","12諛?14.3諛?諛섏퐫 怨듭떇 ?뺢? 100% ?쇱튂"
"4628","2019-03-29","HG","?쒖젙/?대읇G (P-Bandai)","","1760","1600","22880","14.3","12諛?14.3諛?諛섏퐫 怨듭떇 ?뺢? 100% ?쇱튂"
"4629","2020-02-08","RG","?쒖젙/?대읇G (P-Bandai)","RG 1/144 THE GUNDAM BASE LIMITED νGUNDAM[TITANIUM FINISH]","9350","8500","102000","12","12諛?14.3諛?諛섏퐫 怨듭떇 ?뺢? 100% ?쇱튂"
"463","2015-08-08","HG","?쒖젙/?대읇G (P-Bandai)","HGCE 1/144 FREEDOM GUNDAM","2200","2000","28600","14.3","12諛?14.3諛?諛섏퐫 怨듭떇 ?뺢? 100% ?쇱튂"
"4630","2020-05-30","MG","?쒖젙/?대읇G (P-Bandai)","MG 1/100 GUNDAM BASE LIMITED V2 ASSAULT BUSTER GUNDAM VER.KA [TITANIUM FINISH]","16500","15000","180000","12","12諛?14.3諛?諛섏퐫 怨듭떇 ?뺢? 100% ?쇱튂"
"4631","2019-04-06","HG","?쒖젙/?대읇G (P-Bandai)","","1760","1600","22880","14.3","12諛?14.3諛?諛섏퐫 怨듭떇 ?뺢? 100% ?쇱튂"
"4632","2019-11-01","HG","?쒖젙/?대읇G (P-Bandai)","","1760","1600","22880","14.3","12諛?14.3諛?諛섏퐫 怨듭떇 ?뺢? 100% ?쇱튂"
"4633","2020-05-30","PG","?쒖젙/?대읇G (P-Bandai)","","22000","20000","286000","14.3","12諛?14.3諛?諛섏퐫 怨듭떇 ?뺢? 100% ?쇱튂"
"4634","2020-06-12","MG","?쒖젙/?대읇G (P-Bandai)","MG 1/100 THE GUNDAM BASE LIMITED GUNDAM BARBATOS [CLEAR COLOR]","4950","4500","54000","12","12諛?14.3諛?諛섏퐫 怨듭떇 ?뺢? 100% ?쇱튂"
"4635","2020-07-10","HG","?쒖젙/?대읇G (P-Bandai)","HG 1/144 THE GUNDAM BASE LIMITED DESTINY GUNDAM [SPECIAL COATING]","4400","4000","48000","12","12諛?14.3諛?諛섏퐫 怨듭떇 ?뺢? 100% ?쇱튂"
"4636","2020-09-11","HG","?쒖젙/?대읇G (P-Bandai)","","1760","1600","22880","14.3","12諛?14.3諛?諛섏퐫 怨듭떇 ?뺢? 100% ?쇱튂"
"4637","2020-10","HG","?쒖젙/?대읇G (P-Bandai)","HG 1/144 GUNDAM BASE LIMITED GUNDAM TR-6 [WOUNDWORT] [CLEAR COLOR]","1980","1800","21600","12","12諛?14.3諛?諛섏퐫 怨듭떇 ?뺢? 100% ?쇱튂"
"4638","2020-10","HG","?쒖젙/?대읇G (P-Bandai)","","1760","1600","22880","14.3","12諛?14.3諛?諛섏퐫 怨듭떇 ?뺢? 100% ?쇱튂"
"4639","2021-01-08","MG","?쒖젙/?대읇G (P-Bandai)","MG 1/100 THE GUNDAM BASE LIMITED OZ-13MS GUNDAM EPYON EW [SPECIAL COATING]","9350","8500","102000","12","12諛?14.3諛?諛섏퐫 怨듭떇 ?뺢? 100% ?쇱튂"
"464","2016-04-16","HGUC","?쒖젙/?대읇G (P-Bandai)","HGUC 1/144 GOUF","1870","1700","24310","14.3","12諛?14.3諛?諛섏퐫 怨듭떇 ?뺢? 100% ?쇱튂"
"4640","2021-09-11","MG","?쒖젙/?대읇G (P-Bandai)","MG 1/100 THE GUNDAM BASE LIMITED BALL Ver.Ka [MECHANICAL CLEAR]","2750","2500","30000","12","12諛?14.3諛?諛섏퐫 怨듭떇 ?뺢? 100% ?쇱튂"
"4641","2021-12-18","MG","?쒖젙/?대읇G (P-Bandai)","","5500","5000","71500","14.3","12諛?14.3諛?諛섏퐫 怨듭떇 ?뺢? 100% ?쇱튂"
"4642","2022-03-05","MG","?쒖젙/?대읇G (P-Bandai)","MG 1/100 THE GUNDAM BASE LIMITED GUNDAM DYNAMES[CLEAR COLOR]","4950","4500","54000","12","12諛?14.3諛?諛섏퐫 怨듭떇 ?뺢? 100% ?쇱튂"
"4643","2021-10-16","RG","?쒖젙/?대읇G (P-Bandai)","RG 1/144 THE GUNDAM BASE LIMITED ZEONG [CLEAR COLOR]","6600","6000","72000","12","12諛?14.3諛?諛섏퐫 怨듭떇 ?뺢? 100% ?쇱튂"
"4644","2022-04-29","MG","?쒖젙/?대읇G (P-Bandai)","MG 1/100 THE GUNDAM BASE LIMITED ECLIPSE GUNDAM [CLEAR COLOR]","5500","5000","60000","12","12諛?14.3諛?諛섏퐫 怨듭떇 ?뺢? 100% ?쇱튂"
"4645","2022-06-11","MG","?쒖젙/?대읇G (P-Bandai)","MG 1/100 THE GUNDAM BASE LIMITED GUNDAM F90 [CLEAR COLOR]","4400","4000","48000","12","12諛?14.3諛?諛섏퐫 怨듭떇 ?뺢? 100% ?쇱튂"
"4646","2022-06-11","MG","?쒖젙/?대읇G (P-Bandai)","MG 1/100 THE GUNDAM BASE LIMITED GUNDAM BARBATOS EXPANSION PARTS SET [CLEAR COLOR]","3410","3100","37200","12","12諛?14.3諛?諛섏퐫 怨듭떇 ?뺢? 100% ?쇱튂"
"4647","2022-07-16","RG","?쒖젙/?대읇G (P-Bandai)","","3300","3000","42900","14.3","12諛?14.3諛?諛섏퐫 怨듭떇 ?뺢? 100% ?쇱튂"
"4648","2023-01-14","MG","?쒖젙/?대읇G (P-Bandai)","MG 1/100 THE GUNDAM BASE LIMITED GUNDAM KYRIOS [CLEAR COLOR]","5500","5000","60000","12","12諛?14.3諛?諛섏퐫 怨듭떇 ?뺢? 100% ?쇱튂"
"4649","2023-10-07","HG","?쒖젙/?대읇G (P-Bandai)","HG 1/144 THE GUNDAM BASE LIMITED BUILD STRIKE GALAXY COSMOS [PLAVSKY PARTICLE CLEAR]","1980","1800","21600","12","12諛?14.3諛?諛섏퐫 怨듭떇 ?뺢? 100% ?쇱튂"
"465","2016-05-21","HGUC","?쒖젙/?대읇G (P-Bandai)","HGUC 1/144 GYAN","1650","1500","21450","14.3","12諛?14.3諛?諛섏퐫 怨듭떇 ?뺢? 100% ?쇱튂"
"4650","2024-05-03","MGSD","?쒖젙/?대읇G (P-Bandai)","MGSD THE GUNDAM BASE LIMITED FREEDOM GUNDAM [CLEAR COLOR]","4620","4200","50400","12","12諛?14.3諛?諛섏퐫 怨듭떇 ?뺢? 100% ?쇱튂"
"4651","2025-11-29","MG","?쒖젙/?대읇G (P-Bandai)","","5500","5000","71500","14.3","12諛?14.3諛?諛섏퐫 怨듭떇 ?뺢? 100% ?쇱튂"
"4652","2024-11-09","MG","?쒖젙/?대읇G (P-Bandai)","MG 1/100 THE GUNDAM BASE LIMITED GUNDAM EXIA [CLEAR COLOR]","4180","3800","45600","12","12諛?14.3諛?諛섏퐫 怨듭떇 ?뺢? 100% ?쇱튂"
"4653","2024-12-21","RG","?쒖젙/?대읇G (P-Bandai)","RG 1/144 THE GUNDAM BASE LIMITED SAZABI [MECHANICAL CORE PLATING]","20900","19000","228000","12","12諛?14.3諛?諛섏퐫 怨듭떇 ?뺢? 100% ?쇱튂"
"4654","2025-06-14","MGSD","?쒖젙/?대읇G (P-Bandai)","","4620","4200","60060","14.3","12諛?14.3諛?諛섏퐫 怨듭떇 ?뺢? 100% ?쇱튂"
"4655","2022-07-16","HG","?쒖젙/?대읇G (P-Bandai)","HG 1/144  JEGAN (AXIS SHOCK IMAGE COLOR)","2090","1900","27170","14.3","12諛?14.3諛?諛섏퐫 怨듭떇 ?뺢? 100% ?쇱튂"
"4656","2022-08-06","MG","?쒖젙/?대읇G (P-Bandai)","MG 1/100 GUNDAM SIDE-F LIMITED RX-93 館 GUNDAM Ver.Ka (PSYCHO FRAME ACTIVATED IMAGE COLOR)","7700","7000","100100","14.3","12諛?14.3諛?諛섏퐫 怨듭떇 ?뺢? 100% ?쇱튂"
"4657","2024-02-23","HG","?쒖젙/?대읇G (P-Bandai)","HG 1/144 GEARA DOGA (AXIS SHOCK IMAGE COLOR)","2090","1900","27170","14.3","12諛?14.3諛?諛섏퐫 怨듭떇 ?뺢? 100% ?쇱튂"
"4658","2024-07-27","RG","?쒖젙/?대읇G (P-Bandai)","RG 1/144 RX-93ff ν GUNDAM [CLEAR COLOR]","3300","3000","42900","14.3","12諛?14.3諛?諛섏퐫 怨듭떇 ?뺢? 100% ?쇱튂"
"4659","2025-07-26","ENTRY GRADE","?쒖젙/?대읇G (P-Bandai)","ENTRY GRADE 1/144 ν GUNDAM (AXIS SHOCK IMAGE COLOR)","770","700","10010","14.3","12諛?14.3諛?諛섏퐫 怨듭떇 ?뺢? 100% ?쇱튂"
"466","2016-06-18","HG","?쒖젙/?대읇G (P-Bandai)","HGCE 1/144 FORCE IMPULSE GUNDAM","2310","2100","30030","14.3","12諛?14.3諛?諛섏퐫 怨듭떇 ?뺢? 100% ?쇱튂"
"467","2016-08-11","HGUC","?쒖젙/?대읇G (P-Bandai)","HGUC 1/144 HYAKU-SHIKI","2200","2000","28600","14.3","12諛?14.3諛?諛섏퐫 怨듭떇 ?뺢? 100% ?쇱튂"
"468","2017-01-21","HGUC","?쒖젙/?대읇G (P-Bandai)","HG 1/144 GM GROUND TYPE","1650","1500","21450","14.3","12諛?14.3諛?諛섏퐫 怨듭떇 ?뺢? 100% ?쇱튂"
"4687","2009-09","ポケモンプラモコレクション","?쒖젙/?대읇G (P-Bandai)","Pokémon Model Kit MEGANIUM EVOLUTION SET","1760","1600","22880","14.3","12諛?14.3諛?諛섏퐫 怨듭떇 ?뺢? 100% ?쇱튂"
"4688","2009-09","ポケモンプラモコレクション","?쒖젙/?대읇G (P-Bandai)","Pokémon Model Kit TYPHLOSION EVOLUTION SET","1760","1600","22880","14.3","12諛?14.3諛?諛섏퐫 怨듭떇 ?뺢? 100% ?쇱튂"
"4689","2009-09","ポケモンプラモコレクション","?쒖젙/?대읇G (P-Bandai)","Pokémon Model Kit FERALIGATR EVOLUTION SET","1760","1600","22880","14.3","12諛?14.3諛?諛섏퐫 怨듭떇 ?뺢? 100% ?쇱튂"
"469","2016-06-18","HGUC","?쒖젙/?대읇G (P-Bandai)","HGUC 1/144 FULL ARMOR UNICORN GUNDAM (DESTROY MODE/RED)","3740","3400","48620","14.3","12諛?14.3諛?諛섏퐫 怨듭떇 ?뺢? 100% ?쇱튂"
"4690","2009-11","ポケモンプラモコレクション","?쒖젙/?대읇G (P-Bandai)","Pokémon Model Kit LUGIA","1760","1600","22880","14.3","12諛?14.3諛?諛섏퐫 怨듭떇 ?뺢? 100% ?쇱튂"
"4691","2009-11","ポケモンプラモコレクション","?쒖젙/?대읇G (P-Bandai)","Pokémon Model Kit HO-OH","1760","1600","22880","14.3","12諛?14.3諛?諛섏퐫 怨듭떇 ?뺢? 100% ?쇱튂"
"4692","2009-12","ポケモンプラモコレクション","?쒖젙/?대읇G (P-Bandai)","Pokémon Model Kit HO-OH & LUGIA SET","1760","1600","22880","14.3","12諛?14.3諛?諛섏퐫 怨듭떇 ?뺢? 100% ?쇱튂"
"4693","2010-03","ポケモンプラモコレクション","?쒖젙/?대읇G (P-Bandai)","Pokémon Model Kit EMPOLEON EVOLUTION SET","1760","1600","22880","14.3","12諛?14.3諛?諛섏퐫 怨듭떇 ?뺢? 100% ?쇱튂"
"4694","2010-04","ポケモンプラモコレクション","?쒖젙/?대읇G (P-Bandai)","Pokémon Model Kit INFERNAPE EVOLUTION SET","1760","1600","22880","14.3","12諛?14.3諛?諛섏퐫 怨듭떇 ?뺢? 100% ?쇱튂"
"4695","2010-05","ポケモンプラモコレクション","?쒖젙/?대읇G (P-Bandai)","Pokémon Model Kit TORTERRA EVOLUTION SET","1760","1600","22880","14.3","12諛?14.3諛?諛섏퐫 怨듭떇 ?뺢? 100% ?쇱튂"
"4696","2010-06","ポケモンプラモコレクション","?쒖젙/?대읇G (P-Bandai)","Pokémon Model Kit SUICUNE","1760","1600","22880","14.3","12諛?14.3諛?諛섏퐫 怨듭떇 ?뺢? 100% ?쇱튂"
"4697","2010-06","ポケモンプラモコレクション","?쒖젙/?대읇G (P-Bandai)","Pokémon Model Kit RAIKOU","1760","1600","22880","14.3","12諛?14.3諛?諛섏퐫 怨듭떇 ?뺢? 100% ?쇱튂"
"4698","2010-07","ポケモンプラモコレクション","?쒖젙/?대읇G (P-Bandai)","Pokémon Model Kit ENTEI","1760","1600","22880","14.3","12諛?14.3諛?諛섏퐫 怨듭떇 ?뺢? 100% ?쇱튂"
"4699","2010-07","ポケモンプラモコレクション","?쒖젙/?대읇G (P-Bandai)","","1760","1600","22880","14.3","12諛?14.3諛?諛섏퐫 怨듭떇 ?뺢? 100% ?쇱튂"
"47","2017-03-11","HG","?쒖젙/?대읇G (P-Bandai)","HG 1/144 ATLAS GUNDAM [GUNDAM THUNDERBOLT Ver.]","2750","2500","35750","14.3","12諛?14.3諛?諛섏퐫 怨듭떇 ?뺢? 100% ?쇱튂"
"470","2016-11-12","HG","?쒖젙/?대읇G (P-Bandai)","HG 1/144 STRIKE FREEDOM GUNDAM","2420","2200","31460","14.3","12諛?14.3諛?諛섏퐫 怨듭떇 ?뺢? 100% ?쇱튂"
"4700","2010-10","ポケモンプラモコレクション","?쒖젙/?대읇G (P-Bandai)","Pokémon Model Kit RESHIRAM","1760","1600","22880","14.3","12諛?14.3諛?諛섏퐫 怨듭떇 ?뺢? 100% ?쇱튂"
"4701","2010-10","ポケモンプラモコレクション","?쒖젙/?대읇G (P-Bandai)","Pokémon Model Kit ZEKROM","1760","1600","22880","14.3","12諛?14.3諛?諛섏퐫 怨듭떇 ?뺢? 100% ?쇱튂"
"4702","2010-12","ポケモンプラモコレクション","?쒖젙/?대읇G (P-Bandai)","Pokémon Model Kit RESHIRAM & ZEKROM  SET","1760","1600","22880","14.3","12諛?14.3諛?諛섏퐫 怨듭떇 ?뺢? 100% ?쇱튂"
"4703","2011-01","ポケモンプラモコレクション","?쒖젙/?대읇G (P-Bandai)","Pokémon Model Kit EMBOAR EVOLUTION SET","1760","1600","22880","14.3","12諛?14.3諛?諛섏퐫 怨듭떇 ?뺢? 100% ?쇱튂"
"4704","2011-02","ポケモンプラモコレクション","?쒖젙/?대읇G (P-Bandai)","Pokémon Model Kit SERPERIOR EVOLUTION SET","1760","1600","22880","14.3","12諛?14.3諛?諛섏퐫 怨듭떇 ?뺢? 100% ?쇱튂"
"4705","2011-03","ポケモンプラモコレクション","?쒖젙/?대읇G (P-Bandai)","Pokémon Model Kit SAMUROTT EVOLUTION SET","1760","1600","22880","14.3","12諛?14.3諛?諛섏퐫 怨듭떇 ?뺢? 100% ?쇱튂"
"4706","2011-04","ポケモンプラモコレクション","?쒖젙/?대읇G (P-Bandai)","Pokémon Model Kit HAXORUS EVOLUTION SET","1760","1600","22880","14.3","12諛?14.3諛?諛섏퐫 怨듭떇 ?뺢? 100% ?쇱튂"
"4707","2011-06","ポケモンプラモコレクション","?쒖젙/?대읇G (P-Bandai)","Pokémon Model Kit VICTINI & RESHIRAM SET","1760","1600","22880","14.3","12諛?14.3諛?諛섏퐫 怨듭떇 ?뺢? 100% ?쇱튂"
"4708","2011-06","ポケモンプラモコレクション","?쒖젙/?대읇G (P-Bandai)","Pokémon Model Kit VICTINI & ZEKROM SET","1760","1600","22880","14.3","12諛?14.3諛?諛섏퐫 怨듭떇 ?뺢? 100% ?쇱튂"
"4709","2011-07","ポケモンプラモコレクション","?쒖젙/?대읇G (P-Bandai)","","1760","1600","22880","14.3","12諛?14.3諛?諛섏퐫 怨듭떇 ?뺢? 100% ?쇱튂"
"471","2017-04-22","HGUC","?쒖젙/?대읇G (P-Bandai)","HG 1/144 ZETA GUNDAM","2200","2000","28600","14.3","12諛?14.3諛?諛섏퐫 怨듭떇 ?뺢? 100% ?쇱튂"
"4710","2011-07","ポケモンプラモコレクション","?쒖젙/?대읇G (P-Bandai)","","1760","1600","22880","14.3","12諛?14.3諛?諛섏퐫 怨듭떇 ?뺢? 100% ?쇱튂"
"4711","2011-12","ポケモンプラモコレクション","?쒖젙/?대읇G (P-Bandai)","Pokémon Model Kit KYUREM","1760","1600","22880","14.3","12諛?14.3諛?諛섏퐫 怨듭떇 ?뺢? 100% ?쇱튂"
"4712","2012-01","ポケモンプラモコレクション","?쒖젙/?대읇G (P-Bandai)","Pokémon Model Kit HYDREIGON EVOLUTION SET","1760","1600","22880","14.3","12諛?14.3諛?諛섏퐫 怨듭떇 ?뺢? 100% ?쇱튂"
"4713","2012-03","ポケモンプラモコレクション","?쒖젙/?대읇G (P-Bandai)","Pokémon Model Kit COBALION","1760","1600","22880","14.3","12諛?14.3諛?諛섏퐫 怨듭떇 ?뺢? 100% ?쇱튂"
"4714","2012-04","ポケモンプラモコレクション","?쒖젙/?대읇G (P-Bandai)","Pokémon Model Kit VIRIZION","1760","1600","22880","14.3","12諛?14.3諛?諛섏퐫 怨듭떇 ?뺢? 100% ?쇱튂"
"4715","2012-05","ポケモンプラモコレクション","?쒖젙/?대읇G (P-Bandai)","Pokémon Model Kit TERRAKION","1760","1600","22880","14.3","12諛?14.3諛?諛섏퐫 怨듭떇 ?뺢? 100% ?쇱튂"
"4716","2012-07","ポケモンプラモコレクション","?쒖젙/?대읇G (P-Bandai)","","1760","1600","22880","14.3","12諛?14.3諛?諛섏퐫 怨듭떇 ?뺢? 100% ?쇱튂"
"4717","2012-08","ポケモンプラモコレクション","?쒖젙/?대읇G (P-Bandai)","Pokémon Model Kit BLACK KYUREM","1760","1600","22880","14.3","12諛?14.3諛?諛섏퐫 怨듭떇 ?뺢? 100% ?쇱튂"
"4718","2012-08","ポケモンプラモコレクション","?쒖젙/?대읇G (P-Bandai)","Pokémon Model Kit WHITE KYUREM","1760","1600","22880","14.3","12諛?14.3諛?諛섏퐫 怨듭떇 ?뺢? 100% ?쇱튂"
"4719","2012-11","ポケモンプラモコレクション","?쒖젙/?대읇G (P-Bandai)","Pokémon Model Kit BLACK KYUREM & WHITE KYUREM SET","1760","1600","22880","14.3","12諛?14.3諛?諛섏퐫 怨듭떇 ?뺢? 100% ?쇱튂"
"472","2017-05-20","HGUC","?쒖젙/?대읇G (P-Bandai)","HG 1/144 BARZAM","1980","1800","25740","14.3","12諛?14.3諛?諛섏퐫 怨듭떇 ?뺢? 100% ?쇱튂"
"4720","2013-02","ポケモンプラモコレクション","?쒖젙/?대읇G (P-Bandai)","","1760","1600","22880","14.3","12諛?14.3諛?諛섏퐫 怨듭떇 ?뺢? 100% ?쇱튂"
"4721","2013-04","ポケモンプラモコレクション","?쒖젙/?대읇G (P-Bandai)","Pokémon Model Kit DRAGONITE EVOLUTION SET","1760","1600","22880","14.3","12諛?14.3諛?諛섏퐫 怨듭떇 ?뺢? 100% ?쇱튂"
"4722","2013-06","ポケモンプラモコレクション","?쒖젙/?대읇G (P-Bandai)","Pokémon Model Kit RED GENESECT","1760","1600","22880","14.3","12諛?14.3諛?諛섏퐫 怨듭떇 ?뺢? 100% ?쇱튂"
"4723","2013-07","ポケモンプラモコレクション","?쒖젙/?대읇G (P-Bandai)","Pokémon Model Kit MEWTWO","1045","950","13585","14.3","12諛?14.3諛?諛섏퐫 怨듭떇 ?뺢? 100% ?쇱튂"
"4724","2013-08","ポケモンプラモコレクション","?쒖젙/?대읇G (P-Bandai)","Pokémon Model Kit RED GENESECT & GENESECT & MEWTWO SET","2420","2200","31460","14.3","12諛?14.3諛?諛섏퐫 怨듭떇 ?뺢? 100% ?쇱튂"
"4725","2013-10","ポケモンプラモコレクション","?쒖젙/?대읇G (P-Bandai)","Pokémon Model Kit XERNEAS","1760","1600","22880","14.3","12諛?14.3諛?諛섏퐫 怨듭떇 ?뺢? 100% ?쇱튂"
"473","2017-07-08","HGUC","?쒖젙/?대읇G (P-Bandai)","HG 1/144 EFREET SCHNEID","2200","2000","28600","14.3","12諛?14.3諛?諛섏퐫 怨듭떇 ?뺢? 100% ?쇱튂"
"474","2017-08-05","HGUC","?쒖젙/?대읇G (P-Bandai)","HG 1/144 BLUE DESTINY UNIT1“EXAM”","1760","1600","22880","14.3","12諛?14.3諛?諛섏퐫 怨듭떇 ?뺢? 100% ?쇱튂"
"475","2017-12-09","HGUC","?쒖젙/?대읇G (P-Bandai)","HG 1/144 BLUE DESTINY UNIT2  “EXAM”","1760","1600","22880","14.3","12諛?14.3諛?諛섏퐫 怨듭떇 ?뺢? 100% ?쇱튂"
"4753","2013-10","ポケモンプラモコレクション","?쒖젙/?대읇G (P-Bandai)","Pokémon Model Kit YVELTAL","1760","1600","22880","14.3","12諛?14.3諛?諛섏퐫 怨듭떇 ?뺢? 100% ?쇱튂"
"4754","2014-03","ポケモンプラモコレクション","?쒖젙/?대읇G (P-Bandai)","Pokémon Model Kit XERNEAS ＆ YVELTAL SET","1760","1600","22880","14.3","12諛?14.3諛?諛섏퐫 怨듭떇 ?뺢? 100% ?쇱튂"
"4755","2014-06","ポケモンプラモコレクション","?쒖젙/?대읇G (P-Bandai)","Pokémon Model Kit MEGA LUCARIO","1045","950","13585","14.3","12諛?14.3諛?諛섏퐫 怨듭떇 ?뺢? 100% ?쇱튂"
"4756","2014-07","ポケモンプラモコレクション","?쒖젙/?대읇G (P-Bandai)","Pokémon Model Kit MEGA CHARIZARD X","1045","950","13585","14.3","12諛?14.3諛?諛섏퐫 怨듭떇 ?뺢? 100% ?쇱튂"
"4757","2014-07","ポケモンプラモコレクション","?쒖젙/?대읇G (P-Bandai)","Pokémon Model Kit YVELTAL ＆ DIANCIE SET","1760","1600","22880","14.3","12諛?14.3諛?諛섏퐫 怨듭떇 ?뺢? 100% ?쇱튂"
"4758","2014-07","ポケモンプラモコレクション","?쒖젙/?대읇G (P-Bandai)","Pokémon Model Kit XERNEAS ＆ DIANCIE SET","1760","1600","22880","14.3","12諛?14.3諛?諛섏퐫 怨듭떇 ?뺢? 100% ?쇱튂"
"4759","2014-08","ポケモンプラモコレクション","?쒖젙/?대읇G (P-Bandai)","Pokémon Model Kit MEGA BLAZIKEN","1760","1600","22880","14.3","12諛?14.3諛?諛섏퐫 怨듭떇 ?뺢? 100% ?쇱튂"
"476","2018-03-17","HGUC","?쒖젙/?대읇G (P-Bandai)","HG 1/144 BLUE DESTINY UNIT 3 “EXAM“","1760","1600","22880","14.3","12諛?14.3諛?諛섏퐫 怨듭떇 ?뺢? 100% ?쇱튂"
"4760","2014-09","ポケモンプラモコレクション","?쒖젙/?대읇G (P-Bandai)","Pokémon Model Kit MEGA LUCARIO VS MEGA BLAZIKEN SET","2090","1900","27170","14.3","12諛?14.3諛?諛섏퐫 怨듭떇 ?뺢? 100% ?쇱튂"
"4761","2014-11","ポケモンプラモコレクション","?쒖젙/?대읇G (P-Bandai)","Pokémon Model Kit MEGA CHARIZARD Y","1045","950","13585","14.3","12諛?14.3諛?諛섏퐫 怨듭떇 ?뺢? 100% ?쇱튂"
"4762","2015-02","ポケモンプラモコレクション","?쒖젙/?대읇G (P-Bandai)","Pokémon Model Kit MEGA CHARIZARD X VS MEGA CHARIZARD Y SET","2090","1900","27170","14.3","12諛?14.3諛?諛섏퐫 怨듭떇 ?뺢? 100% ?쇱튂"
"4763","2015-07","ポケモンプラモコレクション","?쒖젙/?대읇G (P-Bandai)","Pokémon Model Kit HOOPA & LUGIA & PIKACHU SET","2090","1900","27170","14.3","12諛?14.3諛?諛섏퐫 怨듭떇 ?뺢? 100% ?쇱튂"
"4764","2016-11","ポケモンプラモコレクション","?쒖젙/?대읇G (P-Bandai)","Pokémon Model Kit SOLGALEO","1760","1600","22880","14.3","12諛?14.3諛?諛섏퐫 怨듭떇 ?뺢? 100% ?쇱튂"
"4765","2016-11","ポケモンプラモコレクション","?쒖젙/?대읇G (P-Bandai)","Pokémon Model Kit LUNALA","1760","1600","22880","14.3","12諛?14.3諛?諛섏퐫 怨듭떇 ?뺢? 100% ?쇱튂"
"4766","2017-07","ポケモンプラモコレクション","?쒖젙/?대읇G (P-Bandai)","Pokémon Model Kit PIKACHU","836","760","10868","14.3","12諛?14.3諛?諛섏퐫 怨듭떇 ?뺢? 100% ?쇱튂"
"4767","2017-07","ポケモンプラモコレクション","?쒖젙/?대읇G (P-Bandai)","Pokémon Model Kit HO-OH & CHARIZARD & SATOSHI'S PIKACHU SET","2200","2000","28600","14.3","12諛?14.3諛?諛섏퐫 怨듭떇 ?뺢? 100% ?쇱튂"
"477","2017-06-10","HGUC","?쒖젙/?대읇G (P-Bandai)","HG 1/144 GUNDAM AN-01 TRISTAN","1650","1500","21450","14.3","12諛?14.3諛?諛섏퐫 怨듭떇 ?뺢? 100% ?쇱튂"
"478","2018-05-11","HG","?쒖젙/?대읇G (P-Bandai)","HGAC 1/144 LEO","1320","1200","17160","14.3","12諛?14.3諛?諛섏퐫 怨듭떇 ?뺢? 100% ?쇱튂"
"4786","2017-08","HG","?쒖젙/?대읇G (P-Bandai)","HG 1/144 THE GUNDAM BASE LIMITED PETIT'GGUY GOLD TOP & PLACARD","1760","1600","19200","12","12諛?14.3諛?諛섏퐫 怨듭떇 ?뺢? 100% ?쇱튂"
"4787","2017-08","HG","?쒖젙/?대읇G (P-Bandai)","HG 1/144 THE GUNDAM BASE LIMITED PETIT'GGUY SILVER SPARKLE & PLACARD","1760","1600","19200","12","12諛?14.3諛?諛섏퐫 怨듭떇 ?뺢? 100% ?쇱튂"
"4788","2017-08","その他","?쒖젙/?대읇G (P-Bandai)","","1760","1600","22880","14.3","12諛?14.3諛?諛섏퐫 怨듭떇 ?뺢? 100% ?쇱튂"
"4789","2018-10","SDガンダム クロスシルエット","?쒖젙/?대읇G (P-Bandai)","SD GUNDAM CROSS SILHOUETTE THE GUNDAM BASE LIMITED RX-78-2 GUNDAM [CLEAR COLOR]","1760","1600","19200","12","12諛?14.3諛?諛섏퐫 怨듭떇 ?뺢? 100% ?쇱튂"
"479","2018-06-16","HGUC","?쒖젙/?대읇G (P-Bandai)","HGUC 1/144 GALBALDYβ","1980","1800","25740","14.3","12諛?14.3諛?諛섏퐫 怨듭떇 ?뺢? 100% ?쇱튂"
"4790","2019-05-18","SDガンダム クロスシルエット","?쒖젙/?대읇G (P-Bandai)","","1760","1600","22880","14.3","12諛?14.3諛?諛섏퐫 怨듭떇 ?뺢? 100% ?쇱튂"
"4791","2019-05-18","その他","?쒖젙/?대읇G (P-Bandai)","","1760","1600","22880","14.3","12諛?14.3諛?諛섏퐫 怨듭떇 ?뺢? 100% ?쇱튂"
"4792","2021-07-22","SDガンダム クロスシルエット","?쒖젙/?대읇G (P-Bandai)","","1760","1600","22880","14.3","12諛?14.3諛?諛섏퐫 怨듭떇 ?뺢? 100% ?쇱튂"
"4793","2018-12","ポケモンプラモコレクション","?쒖젙/?대읇G (P-Bandai)","Pokémon Model Kit EEVEE","1045","950","13585","14.3","12諛?14.3諛?諛섏퐫 怨듭떇 ?뺢? 100% ?쇱튂"
"4794","2019-07","ポケモンプラモコレクション","?쒖젙/?대읇G (P-Bandai)","Pokémon Model Kit MEWTWO & MEW & PIKACHU SET","1430","1300","18590","14.3","12諛?14.3諛?諛섏퐫 怨듭떇 ?뺢? 100% ?쇱튂"
"4795","2020-07","ポケモンプラモコレクション","?쒖젙/?대읇G (P-Bandai)","Pokémon Model Kit CHARIZARD & DRAGONITE","1430","1300","18590","14.3","12諛?14.3諛?諛섏퐫 怨듭떇 ?뺢? 100% ?쇱튂"
"4796","2020-07","ポケモンプラモコレクション","?쒖젙/?대읇G (P-Bandai)","Pokémon Model Kit RIOLU & LUCARIO","1320","1200","17160","14.3","12諛?14.3諛?諛섏퐫 怨듭떇 ?뺢? 100% ?쇱튂"
"4797","2020-09","ポケモンプラモコレクション","?쒖젙/?대읇G (P-Bandai)","Pokémon Model Kit GENGAR","1100","1000","14300","14.3","12諛?14.3諛?諛섏퐫 怨듭떇 ?뺢? 100% ?쇱튂"
"4798","2020-11","ポケモンプラモコレクション","?쒖젙/?대읇G (P-Bandai)","Pokémon Model Kit RAYQUAZA","1650","1500","21450","14.3","12諛?14.3諛?諛섏퐫 怨듭떇 ?뺢? 100% ?쇱튂"
"4799","2020-12","ポケモンプラモコレクション","?쒖젙/?대읇G (P-Bandai)","Pokémon Model Kit QUICK!! 01 PIKACHU","715","650","9295","14.3","12諛?14.3諛?諛섏퐫 怨듭떇 ?뺢? 100% ?쇱튂"
"48","2017-09-02","HG","?쒖젙/?대읇G (P-Bandai)","HG 1/144 ZAKUII TYPE C/TYPE C-5","1980","1800","25740","14.3","12諛?14.3諛?諛섏퐫 怨듭떇 ?뺢? 100% ?쇱튂"
"480","2018-04-21","HGUC","?쒖젙/?대읇G (P-Bandai)","HG 1/144 GUNDAM GROUND TYPE THE08 MS TEAM","2090","1900","27170","14.3","12諛?14.3諛?諛섏퐫 怨듭떇 ?뺢? 100% ?쇱튂"
"4800","2020-12","ポケモンプラモコレクション","?쒖젙/?대읇G (P-Bandai)","Pokémon Model Kit QUICK!! 02 MEW","1760","1600","22880","14.3","12諛?14.3諛?諛섏퐫 怨듭떇 ?뺢? 100% ?쇱튂"
"4801","2021-02","ポケモンプラモコレクション","?쒖젙/?대읇G (P-Bandai)","Pokémon Model Kit QUICK!! 03 PIKACHU (BATTLE POSE)","715","650","9295","14.3","12諛?14.3諛?諛섏퐫 怨듭떇 ?뺢? 100% ?쇱튂"
"4802","2021-02","ポケモンプラモコレクション","?쒖젙/?대읇G (P-Bandai)","Pokémon Model Kit QUICK!! 04 EEVEE","715","650","9295","14.3","12諛?14.3諛?諛섏퐫 怨듭떇 ?뺢? 100% ?쇱튂"
"4803","2021-03","ポケモンプラモコレクション","?쒖젙/?대읇G (P-Bandai)","Pokémon Model Kit BIG 01 MAGIKARP","1760","1600","22880","14.3","12諛?14.3諛?諛섏퐫 怨듭떇 ?뺢? 100% ?쇱튂"
"4804","2021-04","ポケモンプラモコレクション","?쒖젙/?대읇G (P-Bandai)","Pokémon Model Kit QUICK!! 05 SCORBUNNY","1760","1600","22880","14.3","12諛?14.3諛?諛섏퐫 怨듭떇 ?뺢? 100% ?쇱튂"
"4805","2021-04","ポケモンプラモコレクション","?쒖젙/?대읇G (P-Bandai)","Pokémon Model Kit QUICK!! 06 PIPLUP","1760","1600","22880","14.3","12諛?14.3諛?諛섏퐫 怨듭떇 ?뺢? 100% ?쇱튂"
"4806","2021-06","ポケモンプラモコレクション","?쒖젙/?대읇G (P-Bandai)","Pokémon Model Kit QUICK!! 07 EEVEE (SLEEPING POSE)","715","650","9295","14.3","12諛?14.3諛?諛섏퐫 怨듭떇 ?뺢? 100% ?쇱튂"
"4807","2021-07","ポケモンプラモコレクション","?쒖젙/?대읇G (P-Bandai)","Pokémon Model Kit GRENINJA","1320","1200","17160","14.3","12諛?14.3諛?諛섏퐫 怨듭떇 ?뺢? 100% ?쇱튂"
"4808","2021-08","ポケモンプラモコレクション","?쒖젙/?대읇G (P-Bandai)","Pokémon Model Kit GARCHOMP","1760","1600","22880","14.3","12諛?14.3諛?諛섏퐫 怨듭떇 ?뺢? 100% ?쇱튂"
"4809","2021-09","ポケモンプラモコレクション","?쒖젙/?대읇G (P-Bandai)","Pokémon Model Kit BIG 02 EEVEE","3520","3200","45760","14.3","12諛?14.3諛?諛섏퐫 怨듭떇 ?뺢? 100% ?쇱튂"
"481","2018-09-22","HGUC","?쒖젙/?대읇G (P-Bandai)","HGUC 1/144 MOON GUNDAM","3520","3200","45760","14.3","12諛?14.3諛?諛섏퐫 怨듭떇 ?뺢? 100% ?쇱튂"
"4810","2021-10","ポケモンプラモコレクション","?쒖젙/?대읇G (P-Bandai)","Pokémon Model Kit QUICK!! 08 MIMIKYU","1760","1600","22880","14.3","12諛?14.3諛?諛섏퐫 怨듭떇 ?뺢? 100% ?쇱튂"
"4811","2021-12","ポケモンプラモコレクション","?쒖젙/?대읇G (P-Bandai)","Pokémon Model Kit GARDEVOIR","1430","1300","18590","14.3","12諛?14.3諛?諛섏퐫 怨듭떇 ?뺢? 100% ?쇱튂"
"4812","2022-02","ポケモンプラモコレクション","?쒖젙/?대읇G (P-Bandai)","Pokémon Model Kit QUICK!! 09 JIGGLYPUFF","1760","1600","22880","14.3","12諛?14.3諛?諛섏퐫 怨듭떇 ?뺢? 100% ?쇱튂"
"4819","2022-03","ポケモンプラモコレクション","?쒖젙/?대읇G (P-Bandai)","Pokémon Model Kit CINDERACE","1760","1600","22880","14.3","12諛?14.3諛?諛섏퐫 怨듭떇 ?뺢? 100% ?쇱튂"
"482","2018-07-07","HGUC","?쒖젙/?대읇G (P-Bandai)","HGUC 1/144 BYARLANT","3190","2900","41470","14.3","12諛?14.3諛?諛섏퐫 怨듭떇 ?뺢? 100% ?쇱튂"
"4820","2022-04","ポケモンプラモコレクション","?쒖젙/?대읇G (P-Bandai)","Pokémon Model Kit ARCEUS","1485","1350","19305","14.3","12諛?14.3諛?諛섏퐫 怨듭떇 ?뺢? 100% ?쇱튂"
"4821","2022-05","ポケモンプラモコレクション","?쒖젙/?대읇G (P-Bandai)","Pokémon Model Kit QUICK!! 10 ROWLET","1760","1600","22880","14.3","12諛?14.3諛?諛섏퐫 怨듭떇 ?뺢? 100% ?쇱튂"
"4822","2022-07","ポケモンプラモコレクション","?쒖젙/?대읇G (P-Bandai)","Pokémon Model Kit QUICK!! 11 CHARMANDER","1760","1600","22880","14.3","12諛?14.3諛?諛섏퐫 怨듭떇 ?뺢? 100% ?쇱튂"
"4823","2022-11","ポケモンプラモコレクション","?쒖젙/?대읇G (P-Bandai)","Pokémon Model Kit QUICK!! 12 ALCREMIE","1760","1600","22880","14.3","12諛?14.3諛?諛섏퐫 怨듭떇 ?뺢? 100% ?쇱튂"
"4824","2022-12","ポケモンプラモコレクション","?쒖젙/?대읇G (P-Bandai)","Pokémon Model Kit GYARADOS","1485","1350","19305","14.3","12諛?14.3諛?諛섏퐫 怨듭떇 ?뺢? 100% ?쇱튂"
"4825","2023-02","ポケモンプラモコレクション","?쒖젙/?대읇G (P-Bandai)","Pokémon Model Kit METAGROSS","1760","1600","22880","14.3","12諛?14.3諛?諛섏퐫 怨듭떇 ?뺢? 100% ?쇱튂"
"4826","2023-03","ポケモンプラモコレクション","?쒖젙/?대읇G (P-Bandai)","Pokémon Model Kit QUICK!! 13 BULBASAUR","1760","1600","22880","14.3","12諛?14.3諛?諛섏퐫 怨듭떇 ?뺢? 100% ?쇱튂"
"4827","2023-05","ポケモンプラモコレクション","?쒖젙/?대읇G (P-Bandai)","Pokémon Model Kit QUICK!! 14 TEPIG","1760","1600","22880","14.3","12諛?14.3諛?諛섏퐫 怨듭떇 ?뺢? 100% ?쇱튂"
"4828","2023-08","ポケモンプラモコレクション","?쒖젙/?대읇G (P-Bandai)","Pokémon Model Kit QUICK!! 15 SLOWPOKE","1760","1600","22880","14.3","12諛?14.3諛?諛섏퐫 怨듭떇 ?뺢? 100% ?쇱튂"
"4829","2023-10","ポケモンプラモコレクション","?쒖젙/?대읇G (P-Bandai)","Pokémon Model Kit QUICK!! 16 PIKACHU (SITTING POSE)","715","650","9295","14.3","12諛?14.3諛?諛섏퐫 怨듭떇 ?뺢? 100% ?쇱튂"
"483","2019-01-12","HGUC","?쒖젙/?대읇G (P-Bandai)","HGUC 1/144 R-JARJA","2310","2100","30030","14.3","12諛?14.3諛?諛섏퐫 怨듭떇 ?뺢? 100% ?쇱튂"
"4830","2023-10","ポケモンプラモコレクション","?쒖젙/?대읇G (P-Bandai)","","1760","1600","22880","14.3","12諛?14.3諛?諛섏퐫 怨듭떇 ?뺢? 100% ?쇱튂"
"4831","2023-12","ポケモンプラモコレクション","?쒖젙/?대읇G (P-Bandai)","Pokémon Model Kit GROUDON","1760","1600","22880","14.3","12諛?14.3諛?諛섏퐫 怨듭떇 ?뺢? 100% ?쇱튂"
"4832","2024-02","ポケモンプラモコレクション","?쒖젙/?대읇G (P-Bandai)","Pokémon Model Kit QUICK!! 17 SQUIRTLE","1760","1600","22880","14.3","12諛?14.3諛?諛섏퐫 怨듭떇 ?뺢? 100% ?쇱튂"
"4833","2024-04","ポケモンプラモコレクション","?쒖젙/?대읇G (P-Bandai)","Pokémon Model Kit QUICK!! 18 SPRIGATITO","1760","1600","22880","14.3","12諛?14.3諛?諛섏퐫 怨듭떇 ?뺢? 100% ?쇱튂"
"4834","2024-07","ポケモンプラモコレクション","?쒖젙/?대읇G (P-Bandai)","Pokémon Model Kit QUICK!! 19 QUAXLY","1760","1600","22880","14.3","12諛?14.3諛?諛섏퐫 怨듭떇 ?뺢? 100% ?쇱튂"
"4835","2024-10","ポケモンプラモコレクション","?쒖젙/?대읇G (P-Bandai)","Pokémon Model Kit QUICK!! 20 FUECOCO","1760","1600","22880","14.3","12諛?14.3諛?諛섏퐫 怨듭떇 ?뺢? 100% ?쇱튂"
"4836","2024-11","ポケモンプラモコレクション","?쒖젙/?대읇G (P-Bandai)","","1760","1600","22880","14.3","12諛?14.3諛?諛섏퐫 怨듭떇 ?뺢? 100% ?쇱튂"
"4837","2024-11","ポケモンプラモコレクション","?쒖젙/?대읇G (P-Bandai)","","1760","1600","22880","14.3","12諛?14.3諛?諛섏퐫 怨듭떇 ?뺢? 100% ?쇱튂"
"4838","2024-12","ポケモンプラモコレクション","?쒖젙/?대읇G (P-Bandai)","Pokémon Model Kit SCIZOR","1760","1600","22880","14.3","12諛?14.3諛?諛섏퐫 怨듭떇 ?뺢? 100% ?쇱튂"
"4839","2025-01","ポケモンプラモコレクション","?쒖젙/?대읇G (P-Bandai)","Pokémon Model Kit QUICK!! 21 PSYDUCK","1760","1600","22880","14.3","12諛?14.3諛?諛섏퐫 怨듭떇 ?뺢? 100% ?쇱튂"
"484","2018-11-30","HGUC","?쒖젙/?대읇G (P-Bandai)","HGUC 1/144 NARRATIVE GUNDAM A-PACKS","6490","5900","84370","14.3","12諛?14.3諛?諛섏퐫 怨듭떇 ?뺢? 100% ?쇱튂"
"4840","2025-02","ポケモンプラモコレクション","?쒖젙/?대읇G (P-Bandai)","Pokémon Model Kit MEOWSCARADA","1760","1600","22880","14.3","12諛?14.3諛?諛섏퐫 怨듭떇 ?뺢? 100% ?쇱튂"
"4841","2025-03","ポケモンプラモコレクション","?쒖젙/?대읇G (P-Bandai)","Pokémon Model Kit CERULEDGE","1760","1600","22880","14.3","12諛?14.3諛?諛섏퐫 怨듭떇 ?뺢? 100% ?쇱튂"
"4842","2025-04","ポケモンプラモコレクション","?쒖젙/?대읇G (P-Bandai)","Pokémon Model Kit QUICK!! 22 PAWMI","1760","1600","22880","14.3","12諛?14.3諛?諛섏퐫 怨듭떇 ?뺢? 100% ?쇱튂"
"4843","2025-05","ポケモンプラモコレクション","?쒖젙/?대읇G (P-Bandai)","Pokémon Model Kit ARMAROUGE","1760","1600","22880","14.3","12諛?14.3諛?諛섏퐫 怨듭떇 ?뺢? 100% ?쇱튂"
"4844","2025-07","ポケモンプラモコレクション","?쒖젙/?대읇G (P-Bandai)","Pokémon Model Kit QUICK!! 23 JIRACHI","1760","1600","22880","14.3","12諛?14.3諛?諛섏퐫 怨듭떇 ?뺢? 100% ?쇱튂"
"4845","2025-08","ポケモンプラモコレクション","?쒖젙/?대읇G (P-Bandai)","Pokémon Model Kit MIRAIDON","1760","1600","22880","14.3","12諛?14.3諛?諛섏퐫 怨듭떇 ?뺢? 100% ?쇱튂"
"4846","2025-09","ポケモンプラモコレクション","?쒖젙/?대읇G (P-Bandai)","Pokémon Model Kit KORAIDON","1760","1600","22880","14.3","12諛?14.3諛?諛섏퐫 怨듭떇 ?뺢? 100% ?쇱튂"
"4847","2025-10","ポケモンプラモコレクション","?쒖젙/?대읇G (P-Bandai)","Pokémon Model Kit QUICK!! 24 PICHU","1760","1600","22880","14.3","12諛?14.3諛?諛섏퐫 怨듭떇 ?뺢? 100% ?쇱튂"
"4848","2025-12-20","ポケモンプラモコレクション","?쒖젙/?대읇G (P-Bandai)","Pokémon Model Kit MEGA RAYQUAZA","1980","1800","25740","14.3","12諛?14.3諛?諛섏퐫 怨듭떇 ?뺢? 100% ?쇱튂"
"485","2018-12-08","HGUC","?쒖젙/?대읇G (P-Bandai)","HGUC 1/144 DIJEH","2310","2100","30030","14.3","12諛?14.3諛?諛섏퐫 怨듭떇 ?뺢? 100% ?쇱튂"
"486","2019-02-16","HGUC","?쒖젙/?대읇G (P-Bandai)","HGUC 1/144 GUSTAV KARL (UNICORN Ver.)","2640","2400","34320","14.3","12諛?14.3諛?諛섏퐫 怨듭떇 ?뺢? 100% ?쇱튂"
"487","2019-03-09","HGUC","?쒖젙/?대읇G (P-Bandai)","HGUC 1/144 NARRATIVE GUNDAM C-PACKS","2530","2300","32890","14.3","12諛?14.3諛?諛섏퐫 怨듭떇 ?뺢? 100% ?쇱튂"
"488","2018-10-27","HGUC","?쒖젙/?대읇G (P-Bandai)","HGUC 1/144 SINANJU STEIN (NARRATIVE Ver.)","3080","2800","40040","14.3","12諛?14.3諛?諛섏퐫 怨듭떇 ?뺢? 100% ?쇱튂"
"489","2019-05-31","HG","?쒖젙/?대읇G (P-Bandai)","HGCE 1/144 DESTINY GUNDAM","2640","2400","34320","14.3","12諛?14.3諛?諛섏퐫 怨듭떇 ?뺢? 100% ?쇱튂"
"49","2017-11-11","HG","?쒖젙/?대읇G (P-Bandai)","HG 1/144 ZAKU HALF CANNON","1980","1800","25740","14.3","12諛?14.3諛?諛섏퐫 怨듭떇 ?뺢? 100% ?쇱튂"
"490","2019-04-20","HGUC","?쒖젙/?대읇G (P-Bandai)","HGAC 1/144 MAGANAC","1540","1400","20020","14.3","12諛?14.3諛?諛섏퐫 怨듭떇 ?뺢? 100% ?쇱튂"
"491","2019-10-26","HGUC","?쒖젙/?대읇G (P-Bandai)","HG 1/144 PENELOPE","7700","7000","100100","14.3","12諛?14.3諛?諛섏퐫 怨듭떇 ?뺢? 100% ?쇱튂"
"492","2019-09-14","HG","?쒖젙/?대읇G (P-Bandai)","HG 1/144 GUNDAM SANDROCK","1870","1700","24310","14.3","12諛?14.3諛?諛섏퐫 怨듭떇 ?뺢? 100% ?쇱튂"
"493","2020-10-24","HGUC","?쒖젙/?대읇G (P-Bandai)","HGUC 1/144 BAUND-DOC","5500","5000","71500","14.3","12諛?14.3諛?諛섏퐫 怨듭떇 ?뺢? 100% ?쇱튂"
"494","2019-06-22","HGUC","?쒖젙/?대읇G (P-Bandai)","HGUC 1/144 SILVER BULLET SUPPRESSOR","2970","2700","38610","14.3","12諛?14.3諛?諛섏퐫 怨듭떇 ?뺢? 100% ?쇱튂"
"495","2019-07-06","HG","?쒖젙/?대읇G (P-Bandai)","HGCE 1/144 DESTINY GUNDAM (HEINE WESTENFLUSS CUSTOM)","2640","2400","34320","14.3","12諛?14.3諛?諛섏퐫 怨듭떇 ?뺢? 100% ?쇱튂"
"496","2019-11-09","HG","?쒖젙/?대읇G (P-Bandai)","HG 1/144 DEATH ARMY","1540","1400","20020","14.3","12諛?14.3諛?諛섏퐫 怨듭떇 ?뺢? 100% ?쇱튂"
"497","2020-05-23","HG","?쒖젙/?대읇G (P-Bandai)","HGCE 1/144 ∞ JUSTICE GUNDAM","2420","2200","31460","14.3","12諛?14.3諛?諛섏퐫 怨듭떇 ?뺢? 100% ?쇱튂"
"498","2020-10-24","HG","?쒖젙/?대읇G (P-Bandai)","HGAC 1/144 GUNDAM HEAVYARMS","1870","1700","24310","14.3","12諛?14.3諛?諛섏퐫 怨듭떇 ?뺢? 100% ?쇱튂"
"499","2020-05-23","HG","?쒖젙/?대읇G (P-Bandai)","HGCE 1/144 WINDAM","1540","1400","20020","14.3","12諛?14.3諛?諛섏퐫 怨듭떇 ?뺢? 100% ?쇱튂"
"5","2013-05-25","HG","?쒖젙/?대읇G (P-Bandai)","HG 1/144 GUNDAM ASTRAY BLUE FRAME SECOND L","2090","1900","27170","14.3","12諛?14.3諛?諛섏퐫 怨듭떇 ?뺢? 100% ?쇱튂"
"50","2018-01-20","HG","?쒖젙/?대읇G (P-Bandai)","HG 1/144 ACT ZAKU (KYCILIA’S FORCES)","2200","2000","28600","14.3","12諛?14.3諛?諛섏퐫 怨듭떇 ?뺢? 100% ?쇱튂"
"500","2020-07-04","HGUC","?쒖젙/?대읇G (P-Bandai)","HG 1/144 MESSER TYPE-F01","2750","2500","35750","14.3","12諛?14.3諛?諛섏퐫 怨듭떇 ?뺢? 100% ?쇱튂"
"501","2020-07-31","HGUC","?쒖젙/?대읇G (P-Bandai)","HG 1/144 MS-06S ZAKU II","1760","1600","22880","14.3","12諛?14.3諛?諛섏퐫 怨듭떇 ?뺢? 100% ?쇱튂"
"502","2021-04-24","HGUC","?쒖젙/?대읇G (P-Bandai)","HG 1/144 XI GUNDAM","6600","6000","85800","14.3","12諛?14.3諛?諛섏퐫 怨듭떇 ?뺢? 100% ?쇱튂"
"503","2021-04-24","HGUC","?쒖젙/?대읇G (P-Bandai)","HG 1/144 XI GUNDAM VS PENELOPE FUNNEL MISSILE EFFECT SET","17380","15800","225940","14.3","12諛?14.3諛?諛섏퐫 怨듭떇 ?뺢? 100% ?쇱튂"
"504","2021-12-04","HGUC","?쒖젙/?대읇G (P-Bandai)","HG 1/144 MS-06 ZAKU II","1760","1600","22880","14.3","12諛?14.3諛?諛섏퐫 怨듭떇 ?뺢? 100% ?쇱튂"
"505","2021-04-10","HG","?쒖젙/?대읇G (P-Bandai)","HG 1/144 DAGGER L","1760","1600","22880","14.3","12諛?14.3諛?諛섏퐫 怨듭떇 ?뺢? 100% ?쇱튂"
"506","2021-05-22","HG","?쒖젙/?대읇G (P-Bandai)","HGAC 1/144 GUNDAM DEATHSCYTHE","1870","1700","24310","14.3","12諛?14.3諛?諛섏퐫 怨듭떇 ?뺢? 100% ?쇱튂"
"507","2022-09-10","HG","?쒖젙/?대읇G (P-Bandai)","HG 1/144 SHENLONG GUNDAM","1870","1700","24310","14.3","12諛?14.3諛?諛섏퐫 怨듭떇 ?뺢? 100% ?쇱튂"
"508","2021-07-22","HGUC","?쒖젙/?대읇G (P-Bandai)","HGUC 1/144 NIGHTINGALE","7700","7000","100100","14.3","12諛?14.3諛?諛섏퐫 怨듭떇 ?뺢? 100% ?쇱튂"
"509","2001-08","MG","?쒖젙/?대읇G (P-Bandai)","MG 1/100 AMX-004 QUBELEY","4840","4400","62920","14.3","12諛?14.3諛?諛섏퐫 怨듭떇 ?뺢? 100% ?쇱튂"
"51","2017-11-03","HG","?쒖젙/?대읇G (P-Bandai)","HG 1/144 ZAKU I (KYCILIA'S FORCES)","1870","1700","24310","14.3","12諛?14.3諛?諛섏퐫 怨듭떇 ?뺢? 100% ?쇱튂"
"510","2001-09","MG","?쒖젙/?대읇G (P-Bandai)","MG 1/100 FA-010A FAZZ","6600","6000","85800","14.3","12諛?14.3諛?諛섏퐫 怨듭떇 ?뺢? 100% ?쇱튂"
"511","2001-10","MG","?쒖젙/?대읇G (P-Bandai)","MG 1/100 MSZ-006A1 ZETAPLUS","3300","3000","42900","14.3","12諛?14.3諛?諛섏퐫 怨듭떇 ?뺢? 100% ?쇱튂"
"512","2001-12","MG","?쒖젙/?대읇G (P-Bandai)","MG 1/100 RX-77-2 GUNCANNON","3960","3600","51480","14.3","12諛?14.3諛?諛섏퐫 怨듭떇 ?뺢? 100% ?쇱튂"
"513","2002-02","MG","?쒖젙/?대읇G (P-Bandai)","MG 1/100 MSZ-006C1 ZETAPLUS","3300","3000","42900","14.3","12諛?14.3諛?諛섏퐫 怨듭떇 ?뺢? 100% ?쇱튂"
"514","2002-03","MG","?쒖젙/?대읇G (P-Bandai)","MG 1/100 MASTER GUNDAM","3520","3200","45760","14.3","12諛?14.3諛?諛섏퐫 怨듭떇 ?뺢? 100% ?쇱튂"
"515","2002-04","MG","?쒖젙/?대읇G (P-Bandai)","MG 1/100 MS-06 F2 ZAKUⅡ","3300","3000","42900","14.3","12諛?14.3諛?諛섏퐫 怨듭떇 ?뺢? 100% ?쇱튂"
"516","2002-06","MG","?쒖젙/?대읇G (P-Bandai)","MG 1/100 RGM-79C GM TYPE C","2750","2500","35750","14.3","12諛?14.3諛?諛섏퐫 怨듭떇 ?뺢? 100% ?쇱튂"
"517","2002-07","MG","?쒖젙/?대읇G (P-Bandai)","MG 1/100 MSN-02 ZEONG","7040","6400","91520","14.3","12諛?14.3諛?諛섏퐫 怨듭떇 ?뺢? 100% ?쇱튂"
"518","2002-08","MG","?쒖젙/?대읇G (P-Bandai)","MG 1/100 GUNDAM SPIGEL","2750","2500","35750","14.3","12諛?14.3諛?諛섏퐫 怨듭떇 ?뺢? 100% ?쇱튂"
"519","2002-09","MG","?쒖젙/?대읇G (P-Bandai)","MG 1/100 MS-06F-2 ZAKUII F2","3300","3000","42900","14.3","12諛?14.3諛?諛섏퐫 怨듭떇 ?뺢? 100% ?쇱튂"
"52","2017-10-07","HG","?쒖젙/?대읇G (P-Bandai)","HG 1/144 GUNDAM LOCAL TYPE (NORTH AMERICAN FRONT)","2200","2000","28600","14.3","12諛?14.3諛?諛섏퐫 怨듭떇 ?뺢? 100% ?쇱튂"
"520","2003-01","MG","?쒖젙/?대읇G (P-Bandai)","MG 1/100 CHAR'S RICK DOM","4950","4500","64350","14.3","12諛?14.3諛?諛섏퐫 怨듭떇 ?뺢? 100% ?쇱튂"
"521","2003-02","MG","?쒖젙/?대읇G (P-Bandai)","MG 1/100 MS-14 GATO'S GELGOOG","3850","3500","50050","14.3","12諛?14.3諛?諛섏퐫 怨듭떇 ?뺢? 100% ?쇱튂"
"522","2003-07","MG","?쒖젙/?대읇G (P-Bandai)","MG 1/100 RX-78-4 GUNDAM G04","3520","3200","45760","14.3","12諛?14.3諛?諛섏퐫 怨듭떇 ?뺢? 100% ?쇱튂"
"523","2003-08","MG","?쒖젙/?대읇G (P-Bandai)","MG 1/100 RX-78-5 GUNDAM G05","3080","2800","40040","14.3","12諛?14.3諛?諛섏퐫 怨듭떇 ?뺢? 100% ?쇱튂"
"524","2003-11","MG","?쒖젙/?대읇G (P-Bandai)","MG 1/100 MSM-07 Z'GOK (CHAR'S CUSTOM)","3960","3600","51480","14.3","12諛?14.3諛?諛섏퐫 怨듭떇 ?뺢? 100% ?쇱튂"
"525","2004-03","MG","?쒖젙/?대읇G (P-Bandai)","MG 1/100 WING GUNDAM (Ver. Ka)","3850","3500","50050","14.3","12諛?14.3諛?諛섏퐫 怨듭떇 ?뺢? 100% ?쇱튂"
"526","2004-02","MG","?쒖젙/?대읇G (P-Bandai)","MG 1/100 QUBELEY Mk-II (PLE TWO)","4840","4400","62920","14.3","12諛?14.3諛?諛섏퐫 怨듭떇 ?뺢? 100% ?쇱튂"
"527","2004-06","MG","?쒖젙/?대읇G (P-Bandai)","MG 1/100 PERFECT ZEONG","11880","10800","154440","14.3","12諛?14.3諛?諛섏퐫 怨듭떇 ?뺢? 100% ?쇱튂"
"528","2004-07","MG","?쒖젙/?대읇G (P-Bandai)","MG 1/100 FREEDOM GUNDAM","4180","3800","54340","14.3","12諛?14.3諛?諛섏퐫 怨듭떇 ?뺢? 100% ?쇱튂"
"529","2004-08","MG","?쒖젙/?대읇G (P-Bandai)","MG 1/100 HI-ZACK","3740","3400","48620","14.3","12諛?14.3諛?諛섏퐫 怨듭떇 ?뺢? 100% ?쇱튂"
"53","2017-08-11","HG","?쒖젙/?대읇G (P-Bandai)","HGBC 1/144 NINPULSE BEAMS","660","600","8580","14.3","12諛?14.3諛?諛섏퐫 怨듭떇 ?뺢? 100% ?쇱튂"
"530","2004-09","MG","?쒖젙/?대읇G (P-Bandai)","MG 1/100 STRIKE ROUGE","4400","4000","57200","14.3","12諛?14.3諛?諛섏퐫 怨듭떇 ?뺢? 100% ?쇱튂"
"531","2004-12","MG","?쒖젙/?대읇G (P-Bandai)","MG 1/100 BALL Ver. Ka","2860","2600","37180","14.3","12諛?14.3諛?諛섏퐫 怨듭떇 ?뺢? 100% ?쇱튂"
"532","2004-12","MG","?쒖젙/?대읇G (P-Bandai)","MG 1/100 RICK DIAS QUATTORO COLOR","4400","4000","57200","14.3","12諛?14.3諛?諛섏퐫 怨듭떇 ?뺢? 100% ?쇱튂"
"533","2005-03","MG","?쒖젙/?대읇G (P-Bandai)","MG 1/100 RX-78-2 GUNDAM Ver.ONE YEAR WAR 0079","5500","5000","71500","14.3","12諛?14.3諛?諛섏퐫 怨듭떇 ?뺢? 100% ?쇱튂"
"534","2005-05","MG","?쒖젙/?대읇G (P-Bandai)","MG 1/100 BALL (08 TEAM VER.)","3300","3000","42900","14.3","12諛?14.3諛?諛섏퐫 怨듭떇 ?뺢? 100% ?쇱튂"
"535","2005-07-30","MG","?쒖젙/?대읇G (P-Bandai)","MG 1/100 ACGUY","5060","4600","65780","14.3","12諛?14.3諛?諛섏퐫 怨듭떇 ?뺢? 100% ?쇱튂"
"536","2005-09-17","MG","?쒖젙/?대읇G (P-Bandai)","MG 1/100 HYAKU-SHIKI + BALLUTE SYSTEM","4950","4500","64350","14.3","12諛?14.3諛?諛섏퐫 怨듭떇 ?뺢? 100% ?쇱튂"
"537","2005-10-21","MG","?쒖젙/?대읇G (P-Bandai)","MG 1/100 GUNDAM Mk-Ⅱ Ver.2.0","4840","4400","62920","14.3","12諛?14.3諛?諛섏퐫 怨듭떇 ?뺢? 100% ?쇱튂"
"538","2005-12-23","MG","?쒖젙/?대읇G (P-Bandai)","MG 1/100 Z GUNDAM Ver.2.0","5500","5000","71500","14.3","12諛?14.3諛?諛섏퐫 怨듭떇 ?뺢? 100% ?쇱튂"
"539","2006-02-11","MG","?쒖젙/?대읇G (P-Bandai)","MG 1/100 NEMO","3520","3200","45760","14.3","12諛?14.3諛?諛섏퐫 怨듭떇 ?뺢? 100% ?쇱튂"
"54","2017-08-26","HG","?쒖젙/?대읇G (P-Bandai)","HG 1/144 STAR BURNING GUNDAM","1760","1600","22880","14.3","12諛?14.3諛?諛섏퐫 怨듭떇 ?뺢? 100% ?쇱튂"
"540","2006-05-27","MG","?쒖젙/?대읇G (P-Bandai)","MG 1/100 GYAN","4400","4000","57200","14.3","12諛?14.3諛?諛섏퐫 怨듭떇 ?뺢? 100% ?쇱튂"
"541","2006-08-09","MG","?쒖젙/?대읇G (P-Bandai)","MG 1/100 BALL IGLOO VERSION","2420","2200","31460","14.3","12諛?14.3諛?諛섏퐫 怨듭떇 ?뺢? 100% ?쇱튂"
"542","2006-10-28","MG","?쒖젙/?대읇G (P-Bandai)","MG 1/100 STRIKE GUNDAM + ＩＷＳＰ","4620","4200","60060","14.3","12諛?14.3諛?諛섏퐫 怨듭떇 ?뺢? 100% ?쇱튂"
"543","2006-12-23","MG","?쒖젙/?대읇G (P-Bandai)","MG 1/100 STRIKE FREEDOM GUNDAM FULL BURST MODE","8360","7600","108680","14.3","12諛?14.3諛?諛섏퐫 怨듭떇 ?뺢? 100% ?쇱튂"
"544","2006-11-18","MG","?쒖젙/?대읇G (P-Bandai)","MG 1/100 GUNDAM F91 (HARRISON'S)","3300","3000","42900","14.3","12諛?14.3諛?諛섏퐫 怨듭떇 ?뺢? 100% ?쇱튂"
"545","2006-12-23","MG","?쒖젙/?대읇G (P-Bandai)","MG 1/100 STRIKE FREEDOM GUNDAM","5720","5200","74360","14.3","12諛?14.3諛?諛섏퐫 怨듭떇 ?뺢? 100% ?쇱튂"
"546","2007-01-27","MG","?쒖젙/?대읇G (P-Bandai)","MG 1/100 CROSSBONE FULL CLOTH","5390","4900","70070","14.3","12諛?14.3諛?諛섏퐫 怨듭떇 ?뺢? 100% ?쇱튂"
"547","2007-02","MG","?쒖젙/?대읇G (P-Bandai)","MG 1/100 Hi-νGUNDAM","7700","7000","100100","14.3","12諛?14.3諛?諛섏퐫 怨듭떇 ?뺢? 100% ?쇱튂"
"548","2008-01","MG","?쒖젙/?대읇G (P-Bandai)","MG 1/100 ZAKUⅡ BLACK TRI-STARS Ver. 2.0","4950","4500","64350","14.3","12諛?14.3諛?諛섏퐫 怨듭떇 ?뺢? 100% ?쇱튂"
"549","2007-03","MG","?쒖젙/?대읇G (P-Bandai)","MG 1/100 STRIKE NOIR GUNDAM","4950","4500","64350","14.3","12諛?14.3諛?諛섏퐫 怨듭떇 ?뺢? 100% ?쇱튂"
"55","2017-08-26","HG","?쒖젙/?대읇G (P-Bandai)","HG 1/144 GM/GM","1760","1600","22880","14.3","12諛?14.3諛?諛섏퐫 怨듭떇 ?뺢? 100% ?쇱튂"
"550","2007-08","MG","?쒖젙/?대읇G (P-Bandai)","MG 1/100 ∀ GUNDAM","4840","4400","62920","14.3","12諛?14.3諛?諛섏퐫 怨듭떇 ?뺢? 100% ?쇱튂"
"551","2007-12","MG","?쒖젙/?대읇G (P-Bandai)","MG 1/100 UNICORN GUNDAM Ver.Ka","5500","5000","71500","14.3","12諛?14.3諛?諛섏퐫 怨듭떇 ?뺢? 100% ?쇱튂"
"552","2007-10","MG","?쒖젙/?대읇G (P-Bandai)","MG 1/100 DESTINY GUNDAM","5720","5200","74360","14.3","12諛?14.3諛?諛섏퐫 怨듭떇 ?뺢? 100% ?쇱튂"
"553","2007-10","MG","?쒖젙/?대읇G (P-Bandai)","MG 1/100 DESTINY GUNDAM SPECIAL EDITION","7700","7000","100100","14.3","12諛?14.3諛?諛섏퐫 怨듭떇 ?뺢? 100% ?쇱튂"
"554","2009-12-19","MG","?쒖젙/?대읇G (P-Bandai)","MG 1/100 V GUNDAM Ver.Ka","4620","4200","60060","14.3","12諛?14.3諛?諛섏퐫 怨듭떇 ?뺢? 100% ?쇱튂"
"555","2008-04","MG","?쒖젙/?대읇G (P-Bandai)","MG 1/100 STRIKE GUNDAM LAUNCHER / SWORD","5500","5000","71500","14.3","12諛?14.3諛?諛섏퐫 怨듭떇 ?뺢? 100% ?쇱튂"
"556","2008-05","MG","?쒖젙/?대읇G (P-Bandai)","MG 1/100 FORCE IMPULSE GUNDAM","5390","4900","70070","14.3","12諛?14.3諛?諛섏퐫 怨듭떇 ?뺢? 100% ?쇱튂"
"557","2008-07-26","MG","?쒖젙/?대읇G (P-Bandai)","MG 1/100 GUNDAM RX-78-2 ver.2.0","5060","4600","65780","14.3","12諛?14.3諛?諛섏퐫 怨듭떇 ?뺢? 100% ?쇱튂"
"558","2008-06","MG","?쒖젙/?대읇G (P-Bandai)","MG 1/100 SHIN MUSHA GUNDAM","5500","5000","71500","14.3","12諛?14.3諛?諛섏퐫 怨듭떇 ?뺢? 100% ?쇱튂"
"559","2009-06","MG","?쒖젙/?대읇G (P-Bandai)","MG 1/100 G ARMOR REAL TYPE COLOR Ver.","11880","10800","154440","14.3","12諛?14.3諛?諛섏퐫 怨듭떇 ?뺢? 100% ?쇱튂"
"56","2017-08-26","HG","?쒖젙/?대읇G (P-Bandai)","HG 1/144 GM GM WEAPONS","660","600","8580","14.3","12諛?14.3諛?諛섏퐫 怨듭떇 ?뺢? 100% ?쇱튂"
"560","2009-01","MG","?쒖젙/?대읇G (P-Bandai)","MG 1/100 G FIGHTER","6820","6200","88660","14.3","12諛?14.3諛?諛섏퐫 怨듭떇 ?뺢? 100% ?쇱튂"
"561","2010-07-22","MG","?쒖젙/?대읇G (P-Bandai)","MG 1/100 V DASH GUNDAM Ver.ka","6820","6200","88660","14.3","12諛?14.3諛?諛섏퐫 怨듭떇 ?뺢? 100% ?쇱튂"
"562","2008-02-23","MG","?쒖젙/?대읇G (P-Bandai)","MG 1/100 STRIKE E＋IWSP (ASTRAYS LUKAS O'DONNELL CUSTOM)","4950","4500","64350","14.3","12諛?14.3諛?諛섏퐫 怨듭떇 ?뺢? 100% ?쇱튂"
"563","2008-10","MG","?쒖젙/?대읇G (P-Bandai)","MG 1/100 INFINITE JUSTICE GUNDAM","5940","5400","77220","14.3","12諛?14.3諛?諛섏퐫 怨듭떇 ?뺢? 100% ?쇱튂"
"564","2008-12-27","MG","?쒖젙/?대읇G (P-Bandai)","MG 1/100 SINANJU","7700","7000","100100","14.3","12諛?14.3諛?諛섏퐫 怨듭떇 ?뺢? 100% ?쇱튂"
"565","2009-09-17","MG","?쒖젙/?대읇G (P-Bandai)","MG 1/100 GUNTANK","5280","4800","68640","14.3","12諛?14.3諛?諛섏퐫 怨듭떇 ?뺢? 100% ?쇱튂"
"566","2009-04","MG","?쒖젙/?대읇G (P-Bandai)","MG 1/100 SWORD IMPULSE GUNDAM","5390","4900","70070","14.3","12諛?14.3諛?諛섏퐫 怨듭떇 ?뺢? 100% ?쇱튂"
"567","2009-03","MG","?쒖젙/?대읇G (P-Bandai)","MG 1/100 SHINMUSHA GUNDAM SENGOKU NO JIN","8800","8000","114400","14.3","12諛?14.3諛?諛섏퐫 怨듭떇 ?뺢? 100% ?쇱튂"
"568","2009-07","MG","?쒖젙/?대읇G (P-Bandai)","MG 1/100 GUNDAM EXIA","4620","4200","60060","14.3","12諛?14.3諛?諛섏퐫 怨듭떇 ?뺢? 100% ?쇱튂"
"569","2009-06","MG","?쒖젙/?대읇G (P-Bandai)","MG 1/100 MS-06J　ZAKUⅡ WHITE AUGER","3850","3500","50050","14.3","12諛?14.3諛?諛섏퐫 怨듭떇 ?뺢? 100% ?쇱튂"
"57","2017-09-30","HG","?쒖젙/?대읇G (P-Bandai)","HG 1/144 WINNING FUMINA","2640","2400","34320","14.3","12諛?14.3諛?諛섏퐫 怨듭떇 ?뺢? 100% ?쇱튂"
"570","2010-02-20","MG","?쒖젙/?대읇G (P-Bandai)","MG 1/100 ASTRAY RED FRAME REVISE","5940","5400","77220","14.3","12諛?14.3諛?諛섏퐫 怨듭떇 ?뺢? 100% ?쇱튂"
"571","2009-10-22","MG","?쒖젙/?대읇G (P-Bandai)","MG 1/100 GUNDAM ASTRAY BLUE FRAME 2nd REVISE","5280","4800","68640","14.3","12諛?14.3諛?諛섏퐫 怨듭떇 ?뺢? 100% ?쇱튂"
"572","2010-07-01","MG","?쒖젙/?대읇G (P-Bandai)","MG 1/100 GUNDAM EXIA (IGNITION MODE)","7150","6500","92950","14.3","12諛?14.3諛?諛섏퐫 怨듭떇 ?뺢? 100% ?쇱튂"
"573","2010-03-11","MG","?쒖젙/?대읇G (P-Bandai)","MG 1/100 UNICORN GUNDAM SCREEN IMAGE","6160","5600","80080","14.3","12諛?14.3諛?諛섏퐫 怨듭떇 ?뺢? 100% ?쇱튂"
"574","2010-02-18","MG","?쒖젙/?대읇G (P-Bandai)","MG 1/100 GUNDAM EXIA (TRANS-AM  MODE)","6380","5800","82940","14.3","12諛?14.3諛?諛섏퐫 怨듭떇 ?뺢? 100% ?쇱튂"
"575","2009-12-25","MG","?쒖젙/?대읇G (P-Bandai)","MG 1/100 RX-78-3 G3 GUNDAM Ver.2.0","4620","4200","60060","14.3","12諛?14.3諛?諛섏퐫 怨듭떇 ?뺢? 100% ?쇱튂"
"576","2010-03-11","MG","?쒖젙/?대읇G (P-Bandai)","MG 1/100 UNICORN GUNDAM SCREEN IMAGE SPECIAL","8690","7900","112970","14.3","12諛?14.3諛?諛섏퐫 怨듭떇 ?뺢? 100% ?쇱튂"
"577","2010-05-27","MG","?쒖젙/?대읇G (P-Bandai)","MG 1/100 MUSHA GUNDAM MK-II","7040","6400","91520","14.3","12諛?14.3諛?諛섏퐫 怨듭떇 ?뺢? 100% ?쇱튂"
"578","2010-04-28","MG","?쒖젙/?대읇G (P-Bandai)","MG 1/100 WING GUNDAM","4840","4400","62920","14.3","12諛?14.3諛?諛섏퐫 怨듭떇 ?뺢? 100% ?쇱튂"
"579","2011-02-26","MG","?쒖젙/?대읇G (P-Bandai)","MG 1/100 DEATHSCYTHE HELL EW VER.","5390","4900","70070","14.3","12諛?14.3諛?諛섏퐫 怨듭떇 ?뺢? 100% ?쇱튂"
"58","2017-10-14","HG","?쒖젙/?대읇G (P-Bandai)","HG 1/144 REVERSIBLE GUNDAM","1980","1800","25740","14.3","12諛?14.3諛?諛섏퐫 怨듭떇 ?뺢? 100% ?쇱튂"
"580","2010-09-24","MG","?쒖젙/?대읇G (P-Bandai)","MG 1/100 GUNDAM DEATHSCYTHE EW VER.","4620","4200","60060","14.3","12諛?14.3諛?諛섏퐫 怨듭떇 ?뺢? 100% ?쇱튂"
"581","2010-06-24","MG","?쒖젙/?대읇G (P-Bandai)","MG 1/100 FULL ARMOR GUNDAM","5500","5000","71500","14.3","12諛?14.3諛?諛섏퐫 怨듭떇 ?뺢? 100% ?쇱튂"
"582","2010-07-24","MG","?쒖젙/?대읇G (P-Bandai)","MG 1/100 CORE BOOSTER Ver.Ka","2420","2200","31460","14.3","12諛?14.3諛?諛섏퐫 怨듭떇 ?뺢? 100% ?쇱튂"
"583","2010-08-07","MG","?쒖젙/?대읇G (P-Bandai)","MG 1/100 THE・O","14080","12800","183040","14.3","12諛?14.3諛?諛섏퐫 怨듭떇 ?뺢? 100% ?쇱튂"
"584","2010-10-23","MG","?쒖젙/?대읇G (P-Bandai)","MG 1/100 RE-ZEL","5720","5200","74360","14.3","12諛?14.3諛?諛섏퐫 怨듭떇 ?뺢? 100% ?쇱튂"
"585","2011-01-15","MG","?쒖젙/?대읇G (P-Bandai)","MG 1/100 RE-ZEL COMMANDER TYPE","5500","5000","71500","14.3","12諛?14.3諛?諛섏퐫 怨듭떇 ?뺢? 100% ?쇱튂"
"586","2011-03-26","MG","?쒖젙/?대읇G (P-Bandai)","MG 1/100 XXXG-01S SHENLONG GUNDAM EW VER.","4620","4200","60060","14.3","12諛?14.3諛?諛섏퐫 怨듭떇 ?뺢? 100% ?쇱튂"
"587","2011-09-23","MG","?쒖젙/?대읇G (P-Bandai)","MG 1/100 OO GUNDAM SEVEN SWORD/G","6490","5900","84370","14.3","12諛?14.3諛?諛섏퐫 怨듭떇 ?뺢? 100% ?쇱튂"
"588","2011-05-28","MG","?쒖젙/?대읇G (P-Bandai)","MG 1/100 OO RAISER","7590","6900","98670","14.3","12諛?14.3諛?諛섏퐫 怨듭떇 ?뺢? 100% ?쇱튂"
"589","2011-03-26","MG","?쒖젙/?대읇G (P-Bandai)","MG 1/100 XXXG-01W WING GUNDAM EW VER.","4290","3900","55770","14.3","12諛?14.3諛?諛섏퐫 怨듭떇 ?뺢? 100% ?쇱튂"
"59","2017-10-14","HG","?쒖젙/?대읇G (P-Bandai)","HGBC 1/144 BALLISTIC WEAPONS","660","600","8580","14.3","12諛?14.3諛?諛섏퐫 怨듭떇 ?뺢? 100% ?쇱튂"
"590","2011-06-25","MG","?쒖젙/?대읇G (P-Bandai)","MG 1/100 GUNDAM EPYON EW VER.","5720","5200","74360","14.3","12諛?14.3諛?諛섏퐫 怨듭떇 ?뺢? 100% ?쇱튂"
"591","2011-08-06","MG","?쒖젙/?대읇G (P-Bandai)","MG 1/100 DELTA PLUS","5390","4900","70070","14.3","12諛?14.3諛?諛섏퐫 怨듭떇 ?뺢? 100% ?쇱튂"
"592","2011-12-24","MG","?쒖젙/?대읇G (P-Bandai)","MG 1/100 RX-0 FULL ARMOR UNICORN GUNDAM VER. Ka","9680","8800","125840","14.3","12諛?14.3諛?諛섏퐫 怨듭떇 ?뺢? 100% ?쇱튂"
"593","2011-10-29","MG","?쒖젙/?대읇G (P-Bandai)","MG 1/100 GUNDAM SANDROCK EW VER.","4620","4200","60060","14.3","12諛?14.3諛?諛섏퐫 怨듭떇 ?뺢? 100% ?쇱튂"
"594","2012-01-28","MG","?쒖젙/?대읇G (P-Bandai)","MG 1/100 GUNDAM HEAVYARMS EW VER.","4620","4200","60060","14.3","12諛?14.3諛?諛섏퐫 怨듭떇 ?뺢? 100% ?쇱튂"
"595","2012-03-24","MG","?쒖젙/?대읇G (P-Bandai)","MG 1/100 RX-0 UNICORN GUNDAM 2 BANSHEE","6710","6100","87230","14.3","12諛?14.3諛?諛섏퐫 怨듭떇 ?뺢? 100% ?쇱튂"
"596","2012-02-25","MG","?쒖젙/?대읇G (P-Bandai)","MG 1/100 GUNDAM AGE-1 NORMAL","4290","3900","55770","14.3","12諛?14.3諛?諛섏퐫 怨듭떇 ?뺢? 100% ?쇱튂"
"597","2012-03-17","MG","?쒖젙/?대읇G (P-Bandai)","MG 1/100 GUNDAM AGE-1 TITUS","4290","3900","55770","14.3","12諛?14.3諛?諛섏퐫 怨듭떇 ?뺢? 100% ?쇱튂"
"598","2012-04-28","MG","?쒖젙/?대읇G (P-Bandai)","MG 1/100 GUNDAM AGE-1 SPALLOW","3850","3500","50050","14.3","12諛?14.3諛?諛섏퐫 怨듭떇 ?뺢? 100% ?쇱튂"
"599","2012-08-11","MG","?쒖젙/?대읇G (P-Bandai)","MG 1/100 GUNDAM AGE-2 NORMAL","5060","4600","65780","14.3","12諛?14.3諛?諛섏퐫 怨듭떇 ?뺢? 100% ?쇱튂"
"6","2013-03-16","HG","?쒖젙/?대읇G (P-Bandai)","HG 1/144 G-XIPHOS","1650","1500","21450","14.3","12諛?14.3諛?諛섏퐫 怨듭떇 ?뺢? 100% ?쇱튂"
"60","2017-11-11","HG","?쒖젙/?대읇G (P-Bandai)","HGBC 1/144 24TH CENTURY WEAPONS","660","600","8580","14.3","12諛?14.3諛?諛섏퐫 怨듭떇 ?뺢? 100% ?쇱튂"
"600","2012-02-18","MG","?쒖젙/?대읇G (P-Bandai)","MG 1/100 DUEL GUNDAM ASSAULTSHROUD","5060","4600","65780","14.3","12諛?14.3諛?諛섏퐫 怨듭떇 ?뺢? 100% ?쇱튂"
"601","2012-09-22","MG","?쒖젙/?대읇G (P-Bandai)","MG 1/100 BUSTER GUNDAM","4400","4000","57200","14.3","12諛?14.3諛?諛섏퐫 怨듭떇 ?뺢? 100% ?쇱튂"
"602","2012-06-23","MG","?쒖젙/?대읇G (P-Bandai)","MG 1/100 BLITZ GUNDAM","4400","4000","57200","14.3","12諛?14.3諛?諛섏퐫 怨듭떇 ?뺢? 100% ?쇱튂"
"603","2012-05-26","MG","?쒖젙/?대읇G (P-Bandai)","MG 1/100 RMS-108 MARASAI","4400","4000","57200","14.3","12諛?14.3諛?諛섏퐫 怨듭떇 ?뺢? 100% ?쇱튂"
"604","2012-12-15","MG","?쒖젙/?대읇G (P-Bandai)","MG 1/100 NEW GUNDAM Ver. Ka","8140","7400","105820","14.3","12諛?14.3諛?諛섏퐫 怨듭떇 ?뺢? 100% ?쇱튂"
"605","2012-11-17","MG","?쒖젙/?대읇G (P-Bandai)","MG 1/100 GUNDAM AGE-2 DARK HOUND","5060","4600","65780","14.3","12諛?14.3諛?諛섏퐫 怨듭떇 ?뺢? 100% ?쇱튂"
"606","2013-02-23","MG","?쒖젙/?대읇G (P-Bandai)","MG 1/100 MSN-06S SINANJU STEIN Ver. Ka","7700","7000","100100","14.3","12諛?14.3諛?諛섏퐫 怨듭떇 ?뺢? 100% ?쇱튂"
"607","2013-03-23","MG","?쒖젙/?대읇G (P-Bandai)","MG 1/100 ReZEL TYPE-C (DEFENSER a+b UNIT/GENERAL REVIL)","7700","7000","100100","14.3","12諛?14.3諛?諛섏퐫 怨듭떇 ?뺢? 100% ?쇱튂"
"608","2013-10-26","MG","?쒖젙/?대읇G (P-Bandai)","MG 1/100 WING GUNDAM PROTO-ZERO EW","5280","4800","68640","14.3","12諛?14.3諛?諛섏퐫 怨듭떇 ?뺢? 100% ?쇱튂"
"609","2013-04-20","MG","?쒖젙/?대읇G (P-Bandai)","MG 1/100 JESTA","4400","4000","57200","14.3","12諛?14.3諛?諛섏퐫 怨듭떇 ?뺢? 100% ?쇱튂"
"61","2017-09-30","HG","?쒖젙/?대읇G (P-Bandai)","HG 1/144 GUNDAM LIGHTNING BLACK WARRIOR","1980","1800","25740","14.3","12諛?14.3諛?諛섏퐫 怨듭떇 ?뺢? 100% ?쇱튂"
"610","2013-03-27","MG","?쒖젙/?대읇G (P-Bandai)","MG 1/100 SINANJU (ANIME COLOR Ver.)","8690","7900","112970","14.3","12諛?14.3諛?諛섏퐫 怨듭떇 ?뺢? 100% ?쇱튂"
"611","2013-08-10","MG","?쒖젙/?대읇G (P-Bandai)","MG 1/100 RX-78-2 GUNDAM Ver.3.0","5390","4900","70070","14.3","12諛?14.3諛?諛섏퐫 怨듭떇 ?뺢? 100% ?쇱튂"
"612","2013-06-21","MG","?쒖젙/?대읇G (P-Bandai)","MG 1/100 GUNDAM AGE-2 DOUBLE BULLET","4620","4200","60060","14.3","12諛?14.3諛?諛섏퐫 怨듭떇 ?뺢? 100% ?쇱튂"
"613","2014-01-25","MG","?쒖젙/?대읇G (P-Bandai)","MG 1/100 BUILD STRIKE GUNDAM FULL PACKAGE","4620","4200","60060","14.3","12諛?14.3諛?諛섏퐫 怨듭떇 ?뺢? 100% ?쇱튂"
"615","2014-03-08","MG","?쒖젙/?대읇G (P-Bandai)","MG 1/100 BUILD GUNDAM Mk-Ⅱ","5500","5000","71500","14.3","12諛?14.3諛?諛섏퐫 怨듭떇 ?뺢? 100% ?쇱튂"
"616","2014-03-15","MG","?쒖젙/?대읇G (P-Bandai)","MG 1/100 UNIVERSE BOOSTER","3080","2800","40040","14.3","12諛?14.3諛?諛섏퐫 怨듭떇 ?뺢? 100% ?쇱튂"
"617","2013-09-28","MG","?쒖젙/?대읇G (P-Bandai)","MG 1/100 STRIKE ROUGE (OOTORI UNIT) Ver.RM","4620","4200","60060","14.3","12諛?14.3諛?諛섏퐫 怨듭떇 ?뺢? 100% ?쇱튂"
"618","2014-02-15","MG","?쒖젙/?대읇G (P-Bandai)","MG 1/100 UNICORN GUNDAM 03 PHENEX","13200","12000","171600","14.3","12諛?14.3諛?諛섏퐫 怨듭떇 ?뺢? 100% ?쇱튂"
"619","2014-01-11","MG","?쒖젙/?대읇G (P-Bandai)","MG 1/100 GX-9900 GUNDAM X","4950","4500","64350","14.3","12諛?14.3諛?諛섏퐫 怨듭떇 ?뺢? 100% ?쇱튂"
"62","2018-01-20","HG","?쒖젙/?대읇G (P-Bandai)","HGBF 1/144 STRIKER GN-X","2200","2000","28600","14.3","12諛?14.3諛?諛섏퐫 怨듭떇 ?뺢? 100% ?쇱튂"
"620","2014-06-14","MG","?쒖젙/?대읇G (P-Bandai)","MG 1/100 TURN X","7040","6400","91520","14.3","12諛?14.3諛?諛섏퐫 怨듭떇 ?뺢? 100% ?쇱튂"
"621","2014-11-22","MG","?쒖젙/?대읇G (P-Bandai)","MG 1/100 GUNDAM ASTRAY BLUE FLAME D","5280","4800","68640","14.3","12諛?14.3諛?諛섏퐫 怨듭떇 ?뺢? 100% ?쇱튂"
"622","2015-03-28","MG","?쒖젙/?대읇G (P-Bandai)","MG 1/100 GUNDAM DOUBLE X","5390","4900","70070","14.3","12諛?14.3諛?諛섏퐫 怨듭떇 ?뺢? 100% ?쇱튂"
"623","2015-11-21","MG","?쒖젙/?대읇G (P-Bandai)","MG 1/100 RX-78-02 GUNDAM (THE ORIGIN)","4950","4500","64350","14.3","12諛?14.3諛?諛섏퐫 怨듭떇 ?뺢? 100% ?쇱튂"
"624","2016-04-29","MG","?쒖젙/?대읇G (P-Bandai)","MG 1/100 FREEDOM GUNDAM Ver.2.0","5390","4900","70070","14.3","12諛?14.3諛?諛섏퐫 怨듭떇 ?뺢? 100% ?쇱튂"
"625","2017-01-21","MG","?쒖젙/?대읇G (P-Bandai)","MG 1/100 GM SNIPERII","4180","3800","54340","14.3","12諛?14.3諛?諛섏퐫 怨듭떇 ?뺢? 100% ?쇱튂"
"626","2017-03-18","MG","?쒖젙/?대읇G (P-Bandai)","MG 1/100 PROVIDENCE GUNDAM","5940","5400","77220","14.3","12諛?14.3諛?諛섏퐫 怨듭떇 ?뺢? 100% ?쇱튂"
"627","2017-06","MG","?쒖젙/?대읇G (P-Bandai)","MG 1/100 JUSTICE GUNDAM","5720","5200","74360","14.3","12諛?14.3諛?諛섏퐫 怨듭떇 ?뺢? 100% ?쇱튂"
"628","2018-03-17","MG","?쒖젙/?대읇G (P-Bandai)","MG 1/100 PLAN303E DEEP STRIKER","22880","20800","297440","14.3","12諛?14.3諛?諛섏퐫 怨듭떇 ?뺢? 100% ?쇱튂"
"629","2017-09","MG","?쒖젙/?대읇G (P-Bandai)","MG 1/100 ZZ GUNDAM Ver.Ka","7150","6500","92950","14.3","12諛?14.3諛?諛섏퐫 怨듭떇 ?뺢? 100% ?쇱튂"
"63","2018-02-24","HG","?쒖젙/?대읇G (P-Bandai)","HGBC 1/144 GALAXY BOOSTER","880","800","11440","14.3","12諛?14.3諛?諛섏퐫 怨듭떇 ?뺢? 100% ?쇱튂"
"630","2018-09-15","MG","?쒖젙/?대읇G (P-Bandai)","MG 1/100 00 QAN[T] FULL SABER","6490","5900","84370","14.3","12諛?14.3諛?諛섏퐫 怨듭떇 ?뺢? 100% ?쇱튂"
"631","2018-03-10","MG","?쒖젙/?대읇G (P-Bandai)","MG 1/100 UNICORN GUNDAM 02 BANSHEE Ver.Ka","6160","5600","80080","14.3","12諛?14.3諛?諛섏퐫 怨듭떇 ?뺢? 100% ?쇱튂"
"632","2019-01-19","MG","?쒖젙/?대읇G (P-Bandai)","MG 1/100 SINANJU STEIN (NARRATIVE Ver.)","8250","7500","107250","14.3","12諛?14.3諛?諛섏퐫 怨듭떇 ?뺢? 100% ?쇱튂"
"633","2019-04-20","MG","?쒖젙/?대읇G (P-Bandai)","MG 1/100 Ex-S GUNDAM/S GUNDAM","14080","12800","183040","14.3","12諛?14.3諛?諛섏퐫 怨듭떇 ?뺢? 100% ?쇱튂"
"634","2019-06-29","MG","?쒖젙/?대읇G (P-Bandai)","MG 1/100 GUNDAM NT-1 Ver.2.0","6820","6200","88660","14.3","12諛?14.3諛?諛섏퐫 怨듭떇 ?뺢? 100% ?쇱튂"
"635","2019-09-28","MG","?쒖젙/?대읇G (P-Bandai)","MG 1/100 GUNNER ZAKU WARRIOR [LUNAMARIA HAWKE CUSTOM]","4730","4300","61490","14.3","12諛?14.3諛?諛섏퐫 怨듭떇 ?뺢? 100% ?쇱튂"
"636","2020-02-15","MG","?쒖젙/?대읇G (P-Bandai)","MG 1/100 FAZZ Ver.Ka","12540","11400","163020","14.3","12諛?14.3諛?諛섏퐫 怨듭떇 ?뺢? 100% ?쇱튂"
"637","2019-12-21","MG","?쒖젙/?대읇G (P-Bandai)","MG 1/100 GUNDAM BARBATOS","5390","4900","70070","14.3","12諛?14.3諛?諛섏퐫 怨듭떇 ?뺢? 100% ?쇱튂"
"638","2020-05-30","MG","?쒖젙/?대읇G (P-Bandai)","MG 1/100 GUNDAM KYRIOS","5500","5000","71500","14.3","12諛?14.3諛?諛섏퐫 怨듭떇 ?뺢? 100% ?쇱튂"
"639","2020-09-12","MGEX","?쒖젙/?대읇G (P-Bandai)","MGEX 1/100 UNICORN GUNDAM Ver.Ka","25300","23000","328900","14.3","12諛?14.3諛?諛섏퐫 怨듭떇 ?뺢? 100% ?쇱튂"
"64","2018-04-07","HG","?쒖젙/?대읇G (P-Bandai)","HG 1/144 GUNDAM FSD","2420","2200","31460","14.3","12諛?14.3諛?諛섏퐫 怨듭떇 ?뺢? 100% ?쇱튂"
"640","2022-02-11","MG","?쒖젙/?대읇G (P-Bandai)","MG 1/100 DOM","5500","5000","71500","14.3","12諛?14.3諛?諛섏퐫 怨듭떇 ?뺢? 100% ?쇱튂"
"641","2022-03-12","MG","?쒖젙/?대읇G (P-Bandai)","MG 1/100 RICK DOM","5500","5000","71500","14.3","12諛?14.3諛?諛섏퐫 怨듭떇 ?뺢? 100% ?쇱튂"
"642","2020-11-28","MG","?쒖젙/?대읇G (P-Bandai)","MG 1/100 WING GUNDAM ZERO EW Ver.Ka","6050","5500","78650","14.3","12諛?14.3諛?諛섏퐫 怨듭떇 ?뺢? 100% ?쇱튂"
"643","2021-04-17","MG","?쒖젙/?대읇G (P-Bandai)","MG 1/100 MOBILE GINN","4730","4300","61490","14.3","12諛?14.3諛?諛섏퐫 怨듭떇 ?뺢? 100% ?쇱튂"
"644","2021-11-27","MG","?쒖젙/?대읇G (P-Bandai)","MG 1/100 GUNDAM VIRTUE","8800","8000","114400","14.3","12諛?14.3諛?諛섏퐫 怨듭떇 ?뺢? 100% ?쇱튂"
"645","2021-08-21","MG","?쒖젙/?대읇G (P-Bandai)","MG 1/100 ECLIPSE GUNDAM","5500","5000","71500","14.3","12諛?14.3諛?諛섏퐫 怨듭떇 ?뺢? 100% ?쇱튂"
"646","2022-11-19","MGEX","?쒖젙/?대읇G (P-Bandai)","MGEX 1/100 STRIKE FREEDOM GUNDAM","17050","15500","221650","14.3","12諛?14.3諛?諛섏퐫 怨듭떇 ?뺢? 100% ?쇱튂"
"647","2023-04-29","MG","?쒖젙/?대읇G (P-Bandai)","MG 1/100 ZETA GUNDAM Ver.Ka","7150","6500","92950","14.3","12諛?14.3諛?諛섏퐫 怨듭떇 ?뺢? 100% ?쇱튂"
"648","2023-01-21","MGSD","?쒖젙/?대읇G (P-Bandai)","MGSD FREEDOM GUNDAM","4290","3900","55770","14.3","12諛?14.3諛?諛섏퐫 怨듭떇 ?뺢? 100% ?쇱튂"
"649","2000-03","PG","?쒖젙/?대읇G (P-Bandai)","PG 1/60 Z GUNDAM","22000","20000","286000","14.3","12諛?14.3諛?諛섏퐫 怨듭떇 ?뺢? 100% ?쇱튂"
"65","2018-07-28","HG","?쒖젙/?대읇G (P-Bandai)","HG 1/144 GM GARD CUSTOM","1980","1800","25740","14.3","12諛?14.3諛?諛섏퐫 怨듭떇 ?뺢? 100% ?쇱튂"
"650","2000-11-23","PG","?쒖젙/?대읇G (P-Bandai)","PG 1/60 W-GUNDAM ZERO CUSTOM","16500","15000","214500","14.3","12諛?14.3諛?諛섏퐫 怨듭떇 ?뺢? 100% ?쇱튂"
"651","2001-11","PG","?쒖젙/?대읇G (P-Bandai)","PG 1/60 RX-178 GUNDAM MK-ⅡA.E.U.G (WHITE)","16500","15000","214500","14.3","12諛?14.3諛?諛섏퐫 怨듭떇 ?뺢? 100% ?쇱튂"
"652","2004-11","PG","?쒖젙/?대읇G (P-Bandai)","PG 1/60 STRIKE GUNDAM","15400","14000","200200","14.3","12諛?14.3諛?諛섏퐫 怨듭떇 ?뺢? 100% ?쇱튂"
"653","2005-06-11","PG","?쒖젙/?대읇G (P-Bandai)","PG 1/60 SKY GRASPER","5500","5000","71500","14.3","12諛?14.3諛?諛섏퐫 怨듭떇 ?뺢? 100% ?쇱튂"
"654","2005-08-27","PG","?쒖젙/?대읇G (P-Bandai)","PG 1/60 STRIKE ROUGE + SKY GRASPER","20900","19000","271700","14.3","12諛?14.3諛?諛섏퐫 怨듭떇 ?뺢? 100% ?쇱튂"
"655","2009-03","PG","?쒖젙/?대읇G (P-Bandai)","PG 1/60 GUNDAM ASTRAY RED FRAME","19800","18000","257400","14.3","12諛?14.3諛?諛섏퐫 怨듭떇 ?뺢? 100% ?쇱튂"
"656","2010-07-24","RG","?쒖젙/?대읇G (P-Bandai)","RG 1/144 RX-78-2 GUNDAM","2750","2500","35750","14.3","12諛?14.3諛?諛섏퐫 怨듭떇 ?뺢? 100% ?쇱튂"
"657","2010-11-27","RG","?쒖젙/?대읇G (P-Bandai)","RG 1/144 MS-06S ZAKUⅡ","3080","2800","40040","14.3","12諛?14.3諛?諛섏퐫 怨듭떇 ?뺢? 100% ?쇱튂"
"658","2011-04-30","RG","?쒖젙/?대읇G (P-Bandai)","RG 1/144 AILE STRIKE GUNDAM","3080","2800","40040","14.3","12諛?14.3諛?諛섏퐫 怨듭떇 ?뺢? 100% ?쇱튂"
"659","2011-07-23","RG","?쒖젙/?대읇G (P-Bandai)","RG 1/144 MS-06F ZAKUⅡ","3080","2800","40040","14.3","12諛?14.3諛?諛섏퐫 怨듭떇 ?뺢? 100% ?쇱튂"
"66","2018-11-03","HG","?쒖젙/?대읇G (P-Bandai)","HG 1/144 GM INTERCEPT CUSTOM","1980","1800","25740","14.3","12諛?14.3諛?諛섏퐫 怨듭떇 ?뺢? 100% ?쇱튂"
"660","2012-04-28","RG","?쒖젙/?대읇G (P-Bandai)","RG 1/144 RX-178 GUNDAM MK-Ⅱ(TITANS)","3080","2800","40040","14.3","12諛?14.3諛?諛섏퐫 怨듭떇 ?뺢? 100% ?쇱튂"
"661","2012-05-12","RG","?쒖젙/?대읇G (P-Bandai)","RG 1/144 RX-178 GUNDAM MK-Ⅱ(AEUG)","3080","2800","40040","14.3","12諛?14.3諛?諛섏퐫 怨듭떇 ?뺢? 100% ?쇱튂"
"662","2012-07-28","RG","?쒖젙/?대읇G (P-Bandai)","RG 1/144 JUSTICE GUNDAM","3080","2800","40040","14.3","12諛?14.3諛?諛섏퐫 怨듭떇 ?뺢? 100% ?쇱튂"
"663","2013-04-27","RG","?쒖젙/?대읇G (P-Bandai)","RG 1/144 DESTINY GUNDAM","3080","2800","40040","14.3","12諛?14.3諛?諛섏퐫 怨듭떇 ?뺢? 100% ?쇱튂"
"664","2013-07-27","RG","?쒖젙/?대읇G (P-Bandai)","RG 1/144 RX-78 GP01","2750","2500","35750","14.3","12諛?14.3諛?諛섏퐫 怨듭떇 ?뺢? 100% ?쇱튂"
"665","2013-07-27","RG","?쒖젙/?대읇G (P-Bandai)","RG 1/144 RX-78 GP01-Fb","3080","2800","40040","14.3","12諛?14.3諛?諛섏퐫 怨듭떇 ?뺢? 100% ?쇱튂"
"666","2014-12-13","PG","?쒖젙/?대읇G (P-Bandai)","LED UNIT for PG RX-0 UNICORN GUNDAM","14300","13000","185900","14.3","12諛?14.3諛?諛섏퐫 怨듭떇 ?뺢? 100% ?쇱튂"
"667","2015-04-29","RG","?쒖젙/?대읇G (P-Bandai)","RG 1/144 GN-0000+GNR-010 OO RAISER","3630","3300","47190","14.3","12諛?14.3諛?諛섏퐫 怨듭떇 ?뺢? 100% ?쇱튂"
"668","2016-01-09","RG","?쒖젙/?대읇G (P-Bandai)","RG 1/144 XXXG-01W WING GUNDAM EW","3080","2800","40040","14.3","12諛?14.3諛?諛섏퐫 怨듭떇 ?뺢? 100% ?쇱튂"
"669","2016-05-28","RG","?쒖젙/?대읇G (P-Bandai)","RG 1/144 OO QAN[T]","3080","2800","40040","14.3","12諛?14.3諛?諛섏퐫 怨듭떇 ?뺢? 100% ?쇱튂"
"67","2019-04-27","HG","?쒖젙/?대읇G (P-Bandai)","HG 1/144 ZAKU II TYPE C-6/R6","2200","2000","28600","14.3","12諛?14.3諛?諛섏퐫 怨듭떇 ?뺢? 100% ?쇱튂"
"670","2016-08-06","RG","?쒖젙/?대읇G (P-Bandai)","RG 1/144 MSN-06S SINANJU","4180","3800","54340","14.3","12諛?14.3諛?諛섏퐫 怨듭떇 ?뺢? 100% ?쇱튂"
"671","2016-12-10","RG","?쒖젙/?대읇G (P-Bandai)","RG 1/144 BUILD STRIKE GUNDAM FULL PACKAGE","2750","2500","35750","14.3","12諛?14.3諛?諛섏퐫 怨듭떇 ?뺢? 100% ?쇱튂"
"672","2017-11-18","RG","?쒖젙/?대읇G (P-Bandai)","RG 1/144 MS-06R-2 JOHNNY RIDDEN'S ZAKU II","3300","3000","42900","14.3","12諛?14.3諛?諛섏퐫 怨듭떇 ?뺢? 100% ?쇱튂"
"673","2017-03-25","RG","?쒖젙/?대읇G (P-Bandai)","RG 1/144 GUNDAM ASTRAY GOLD FRAME AMATSU MINA","3850","3500","50050","14.3","12諛?14.3諛?諛섏퐫 怨듭떇 ?뺢? 100% ?쇱튂"
"674","2017-08-05","RG","?쒖젙/?대읇G (P-Bandai)","RG 1/144 UNICORN GUNDAM","4510","4100","58630","14.3","12諛?14.3諛?諛섏퐫 怨듭떇 ?뺢? 100% ?쇱튂"
"675","2018-02-17","RG","?쒖젙/?대읇G (P-Bandai)","RG 1/144 UNICORN GUNDAM 02 BANSHEE NORN","3300","3000","42900","14.3","12諛?14.3諛?諛섏퐫 怨듭떇 ?뺢? 100% ?쇱튂"
"676","2018-04-28","RG","?쒖젙/?대읇G (P-Bandai)","RG 1/144 TALLGEESE EW","3080","2800","40040","14.3","12諛?14.3諛?諛섏퐫 怨듭떇 ?뺢? 100% ?쇱튂"
"677","2018-08-11","RG","?쒖젙/?대읇G (P-Bandai)","RG 1/144 SAZABI","5280","4800","68640","14.3","12諛?14.3諛?諛섏퐫 怨듭떇 ?뺢? 100% ?쇱튂"
"678","2019-05-25","RG","?쒖젙/?대읇G (P-Bandai)","RG 1/144 CROSSBONE GUNDAM X1","2750","2500","35750","14.3","12諛?14.3諛?諛섏퐫 怨듭떇 ?뺢? 100% ?쇱튂"
"679","2019-08-10","RG","?쒖젙/?대읇G (P-Bandai)","RG 1/144 ν GUNDAM","4950","4500","64350","14.3","12諛?14.3諛?諛섏퐫 怨듭떇 ?뺢? 100% ?쇱튂"
"68","2019-04-27","HG","?쒖젙/?대읇G (P-Bandai)","HG 1/144 MS-06S ZAKU II PRINCIPALITY OF ZEON CHAR AZNABLE’S MOBILE SUIT Red Comet Ver.","2200","2000","28600","14.3","12諛?14.3諛?諛섏퐫 怨듭떇 ?뺢? 100% ?쇱튂"
"680","2019-12-14","HG","?쒖젙/?대읇G (P-Bandai)","HG 1/144 GUNDAM G40 (Industrial Design Ver.)","3300","3000","42900","14.3","12諛?14.3諛?諛섏퐫 怨듭떇 ?뺢? 100% ?쇱튂"
"681","2020-04-25","RG","?쒖젙/?대읇G (P-Bandai)","RG 1/144 FORCE IMPULSE GUNDAM","3300","3000","42900","14.3","12諛?14.3諛?諛섏퐫 怨듭떇 ?뺢? 100% ?쇱튂"
"682","2021-01-23","RG","?쒖젙/?대읇G (P-Bandai)","RG 1/144 ZEONG","6050","5500","78650","14.3","12諛?14.3諛?諛섏퐫 怨듭떇 ?뺢? 100% ?쇱튂"
"683","2021-09-11","RG","?쒖젙/?대읇G (P-Bandai)","RG 1/144 Hi-ν GUNDAM","4950","4500","64350","14.3","12諛?14.3諛?諛섏퐫 怨듭떇 ?뺢? 100% ?쇱튂"
"684","2021-06-19","RG","?쒖젙/?대읇G (P-Bandai)","RG 1/144 WING GUNDAM","3520","3200","45760","14.3","12諛?14.3諛?諛섏퐫 怨듭떇 ?뺢? 100% ?쇱튂"
"685","2022-08-13","RG","?쒖젙/?대읇G (P-Bandai)","RG 1/144 GOD GUNDAM","3850","3500","50050","14.3","12諛?14.3諛?諛섏퐫 怨듭떇 ?뺢? 100% ?쇱튂"
"688","2011-03-05","HGUC","?쒖젙/?대읇G (P-Bandai)","HGUC 1/144 GEARA ZULU (BODY GUARD TYPE)","2200","2000","28600","14.3","12諛?14.3諛?諛섏퐫 怨듭떇 ?뺢? 100% ?쇱튂"
"689","2011-03-26","HG","?쒖젙/?대읇G (P-Bandai)","HG 1/144 GUNPLA STARTER SET　vol.2","1540","1400","20020","14.3","12諛?14.3諛?諛섏퐫 怨듭떇 ?뺢? 100% ?쇱튂"
"69","2019-10-12","HG","?쒖젙/?대읇G (P-Bandai)","HG 1/144 EARTHREE GUNDAM","1540","1400","20020","14.3","12諛?14.3諛?諛섏퐫 怨듭떇 ?뺢? 100% ?쇱튂"
"691","2018-04-14","HG","?쒖젙/?대읇G (P-Bandai)","HGBC 1/144 CHANGELING RIFLE","660","600","8580","14.3","12諛?14.3諛?諛섏퐫 怨듭떇 ?뺢? 100% ?쇱튂"
"692","2018-05-11","HG","?쒖젙/?대읇G (P-Bandai)","HGBC 1/144 DIVER ACE UNIT","770","700","10010","14.3","12諛?14.3諛?諛섏퐫 怨듭떇 ?뺢? 100% ?쇱튂"
"693","2018-05-26","HG","?쒖젙/?대읇G (P-Bandai)","HGBC 1/144 TILTROTOR PACK","880","800","11440","14.3","12諛?14.3諛?諛섏퐫 怨듭떇 ?뺢? 100% ?쇱튂"
"694","2018-06-30","HG","?쒖젙/?대읇G (P-Bandai)","HGBC 1/144 PTOLEMAIOS ARMS","990","900","12870","14.3","12諛?14.3諛?諛섏퐫 怨듭떇 ?뺢? 100% ?쇱튂"
"695","2018-06-09","HG","?쒖젙/?대읇G (P-Bandai)","HGBC 1/144 SPINNING BLASTER","660","600","8580","14.3","12諛?14.3諛?諛섏퐫 怨듭떇 ?뺢? 100% ?쇱튂"
"696","2018-07-07","HG","?쒖젙/?대읇G (P-Bandai)","HGBC 1/144 BINDER GUN","660","600","8580","14.3","12諛?14.3諛?諛섏퐫 怨듭떇 ?뺢? 100% ?쇱튂"
"697","2018-08-25","HG","?쒖젙/?대읇G (P-Bandai)","HGBC MACHINE RIDER","1320","1200","17160","14.3","12諛?14.3諛?諛섏퐫 怨듭떇 ?뺢? 100% ?쇱튂"
"698","2018-09-08","HG","?쒖젙/?대읇G (P-Bandai)","HGBC 1/144　NO-NAME RIFLE","880","800","11440","14.3","12諛?14.3諛?諛섏퐫 怨듭떇 ?뺢? 100% ?쇱튂"
"699","2018-08-31","HG","?쒖젙/?대읇G (P-Bandai)","HGBC 1/144 SKYHIGH WINGS","880","800","11440","14.3","12諛?14.3諛?諛섏퐫 怨듭떇 ?뺢? 100% ?쇱튂"
"7","2013-09-21","HG","?쒖젙/?대읇G (P-Bandai)","HG 1/144 GUNDAM ASTRAY GOLD FRAME AMATSU MINA","2200","2000","28600","14.3","12諛?14.3諛?諛섏퐫 怨듭떇 ?뺢? 100% ?쇱튂"
"70","2019-10-19","HG","?쒖젙/?대읇G (P-Bandai)","HG 1/144 GUNDAM JUSTICE KNIGHT","2200","2000","28600","14.3","12諛?14.3諛?諛섏퐫 怨듭떇 ?뺢? 100% ?쇱튂"
"700","2018-08-04","HG","?쒖젙/?대읇G (P-Bandai)","HGBC 1/144 BUILD HANDS EDGE [S,M,L]","660","600","8580","14.3","12諛?14.3諛?諛섏퐫 怨듭떇 ?뺢? 100% ?쇱튂"
"701","2018-08-04","HG","?쒖젙/?대읇G (P-Bandai)","HGBC 1/144 BUILD HANDS ROUND (S,M,L)","660","600","8580","14.3","12諛?14.3諛?諛섏퐫 怨듭떇 ?뺢? 100% ?쇱튂"
"702","2013-10-05","HG","?쒖젙/?대읇G (P-Bandai)","HGBF 1/144 BUILD STRIKE GUNDAM FULL PACKAGE","1540","1400","20020","14.3","12諛?14.3諛?諛섏퐫 怨듭떇 ?뺢? 100% ?쇱튂"
"703","2013-10-05","HG","?쒖젙/?대읇G (P-Bandai)","HGBF 1/144 ZAKU AMAZING","1980","1800","25740","14.3","12諛?14.3諛?諛섏퐫 怨듭떇 ?뺢? 100% ?쇱튂"
"704","2013-11-09","HG","?쒖젙/?대읇G (P-Bandai)","HGBF 1/144 GUNDAM X MAOU","1760","1600","22880","14.3","12諛?14.3諛?諛섏퐫 怨듭떇 ?뺢? 100% ?쇱튂"
"705","2013-11-16","HG","?쒖젙/?대읇G (P-Bandai)","HGBF 1/144 BUILD GUNDAM Mk-II","1980","1800","25740","14.3","12諛?14.3諛?諛섏퐫 怨듭떇 ?뺢? 100% ?쇱튂"
"706","2013-12-14","HG","?쒖젙/?대읇G (P-Bandai)","HGBF 1/144 SENGOKU ASTRAY GUNDAM","2200","2000","28600","14.3","12諛?14.3諛?諛섏퐫 怨듭떇 ?뺢? 100% ?쇱튂"
"707","2013-12-07","HG","?쒖젙/?대읇G (P-Bandai)","HGBF 1/144 WING GUNDAM FENICE","1760","1600","22880","14.3","12諛?14.3諛?諛섏퐫 怨듭떇 ?뺢? 100% ?쇱튂"
"708","2014-01-18","HG","?쒖젙/?대읇G (P-Bandai)","HGBF 1/144 STAR BUILD STRIKE GUNDAM PLAVSKY WING","1980","1800","25740","14.3","12諛?14.3諛?諛섏퐫 怨듭떇 ?뺢? 100% ?쇱튂"
"709","2014-01-11","HG","?쒖젙/?대읇G (P-Bandai)","HGBF 1/144 KAMPFER AMAZING","1980","1800","25740","14.3","12諛?14.3諛?諛섏퐫 怨듭떇 ?뺢? 100% ?쇱튂"
"71","2019-11-16","SDBD","?쒖젙/?대읇G (P-Bandai)","SD VALKYLANDER","1430","1300","18590","14.3","12諛?14.3諛?諛섏퐫 怨듭떇 ?뺢? 100% ?쇱튂"
"710","2014-02-15","HG","?쒖젙/?대읇G (P-Bandai)","HGBF 1/144 QUBELEY PAPILLON","2200","2000","28600","14.3","12諛?14.3諛?諛섏퐫 怨듭떇 ?뺢? 100% ?쇱튂"
"711","2014-02-22","HG","?쒖젙/?대읇G (P-Bandai)","HGBF 1/144 GM SNIPER K9","1980","1800","25740","14.3","12諛?14.3諛?諛섏퐫 怨듭떇 ?뺢? 100% ?쇱튂"
"712","2014-03-08","HG","?쒖젙/?대읇G (P-Bandai)","HGBF 1/144 MISS SAZABI","3300","3000","42900","14.3","12諛?14.3諛?諛섏퐫 怨듭떇 ?뺢? 100% ?쇱튂"
"713","2014-03-22","HG","?쒖젙/?대읇G (P-Bandai)","HGBF 1/144 GUNDAM EXIA DARK MATTER","1980","1800","25740","14.3","12諛?14.3諛?諛섏퐫 怨듭떇 ?뺢? 100% ?쇱튂"
"714","2013-10-05","HG","?쒖젙/?대읇G (P-Bandai)","HGBC 1/144 AMAZING BOOSTER","770","700","10010","14.3","12諛?14.3諛?諛섏퐫 怨듭떇 ?뺢? 100% ?쇱튂"
"715","2013-11-16","HG","?쒖젙/?대읇G (P-Bandai)","HGBC 1/144 BUILD BOOSTER Mk-II","660","600","8580","14.3","12諛?14.3諛?諛섏퐫 怨듭떇 ?뺢? 100% ?쇱튂"
"716","2013-12-14","HG","?쒖젙/?대읇G (P-Bandai)","HGBC 1/144 MATSURI WEAPON","660","600","8580","14.3","12諛?14.3諛?諛섏퐫 怨듭떇 ?뺢? 100% ?쇱튂"
"717","2013-12-07","HG","?쒖젙/?대읇G (P-Bandai)","HGBC 1/144 METEOR HOPPER","880","800","11440","14.3","12諛?14.3諛?諛섏퐫 怨듭떇 ?뺢? 100% ?쇱튂"
"718","2014-01-18","HG","?쒖젙/?대읇G (P-Bandai)","HGBC 1/144 UNIVERSE BOOSTER PLAVSKY POWER GATE","880","800","11440","14.3","12諛?14.3諛?諛섏퐫 怨듭떇 ?뺢? 100% ?쇱튂"
"719","2014-01-11","HG","?쒖젙/?대읇G (P-Bandai)","HGBC 1/144 AMAGING WEAPON BINDER","550","500","7150","14.3","12諛?14.3諛?諛섏퐫 怨듭떇 ?뺢? 100% ?쇱튂"
"72","2019-11-16","HG","?쒖젙/?대읇G (P-Bandai)","HG 1/144 ν-ZEON GUNDAM","3410","3100","44330","14.3","12諛?14.3諛?諛섏퐫 怨듭떇 ?뺢? 100% ?쇱튂"
"720","2014-01-11","HG","?쒖젙/?대읇G (P-Bandai)","HGBC 1/144 HYPER GUNPLA BATTLE WEAPONS","660","600","8580","14.3","12諛?14.3諛?諛섏퐫 怨듭떇 ?뺢? 100% ?쇱튂"
"721","2014-02-22","HG","?쒖젙/?대읇G (P-Bandai)","HGBC 1/144 K9 DOG PACK","880","800","11440","14.3","12諛?14.3諛?諛섏퐫 怨듭떇 ?뺢? 100% ?쇱튂"
"722","2014-03-22","HG","?쒖젙/?대읇G (P-Bandai)","HGBC 1/144 DARK MATTER BOOSTER","660","600","8580","14.3","12諛?14.3諛?諛섏퐫 怨듭떇 ?뺢? 100% ?쇱튂"
"723","2014-03-15","HG","?쒖젙/?대읇G (P-Bandai)","HGBC 1/144 GUNPLA BATTLE ARM ARMS","880","800","11440","14.3","12諛?14.3諛?諛섏퐫 怨듭떇 ?뺢? 100% ?쇱튂"
"724","2013-11-09","HG","?쒖젙/?대읇G (P-Bandai)","HG GP BASE","1760","1600","22880","14.3","12諛?14.3諛?諛섏퐫 怨듭떇 ?뺢? 100% ?쇱튂"
"725","2015-03-07","HG","?쒖젙/?대읇G (P-Bandai)","HGBC 1/144 PORTENT FLYER","660","600","8580","14.3","12諛?14.3諛?諛섏퐫 怨듭떇 ?뺢? 100% ?쇱튂"
"726","2014-12-06","SDBF","?쒖젙/?대읇G (P-Bandai)","SDBF WINNING GUNDAM","1100","1000","14300","14.3","12諛?14.3諛?諛섏퐫 怨듭떇 ?뺢? 100% ?쇱튂"
"727","2015-02-28","SDBF","?쒖젙/?대읇G (P-Bandai)","SDBF STAR WINNING GUNDAM","1650","1500","21450","14.3","12諛?14.3諛?諛섏퐫 怨듭떇 ?뺢? 100% ?쇱튂"
"728","2015-04-11","HG","?쒖젙/?대읇G (P-Bandai)","HGBF 1/144 TRANSIENT GUNDAM","2200","2000","28600","14.3","12諛?14.3諛?諛섏퐫 怨듭떇 ?뺢? 100% ?쇱튂"
"729","2015-05-15","HG","?쒖젙/?대읇G (P-Bandai)","HGBC 1/144 BALLDEN ARM ARMS","880","800","11440","14.3","12諛?14.3諛?諛섏퐫 怨듭떇 ?뺢? 100% ?쇱튂"
"73","2019-12-07","HG","?쒖젙/?대읇G (P-Bandai)","HG 1/144 GUNDAM SELTSAM","2420","2200","31460","14.3","12諛?14.3諛?諛섏퐫 怨듭떇 ?뺢? 100% ?쇱튂"
"730","2015-02-07","HG","?쒖젙/?대읇G (P-Bandai)","HGBF 1/144 TRY BURNING GUNDAM","2200","2000","28600","14.3","12諛?14.3諛?諛섏퐫 怨듭떇 ?뺢? 100% ?쇱튂"
"731","2015-03-14","SDBF","?쒖젙/?대읇G (P-Bandai)","SDBF S×D×G GUNDAM","1100","1000","14300","14.3","12諛?14.3諛?諛섏퐫 怨듭떇 ?뺢? 100% ?쇱튂"
"732","2015-05-15","HG","?쒖젙/?대읇G (P-Bandai)","HGBF 1/144 GUNDAM THE END","2420","2200","31460","14.3","12諛?14.3諛?諛섏퐫 怨듭떇 ?뺢? 100% ?쇱튂"
"733","2015-06-06","HG","?쒖젙/?대읇G (P-Bandai)","HGBF 1/144 GUNDAM TRYON 3","3080","2800","40040","14.3","12諛?14.3諛?諛섏퐫 怨듭떇 ?뺢? 100% ?쇱튂"
"734","2015-05-23","HG","?쒖젙/?대읇G (P-Bandai)","HGBF 1/144 DENIAL GUNDAM","2200","2000","28600","14.3","12諛?14.3諛?諛섏퐫 怨듭떇 ?뺢? 100% ?쇱튂"
"735","2015-07-18","HG","?쒖젙/?대읇G (P-Bandai)","HGBF 1/144 LIGHTNING Z GUNDAM","2640","2400","34320","14.3","12諛?14.3諛?諛섏퐫 怨듭떇 ?뺢? 100% ?쇱튂"
"736","2015-08-08","HG","?쒖젙/?대읇G (P-Bandai)","HGBF 1/144 GUNDAM LEOPARDO DA VINCI","1980","1800","25740","14.3","12諛?14.3諛?諛섏퐫 怨듭떇 ?뺢? 100% ?쇱튂"
"737","2015-06-06","HG","?쒖젙/?대읇G (P-Bandai)","HGBC 1/144 GIANT GATLING","660","600","8580","14.3","12諛?14.3諛?諛섏퐫 怨듭떇 ?뺢? 100% ?쇱튂"
"738","2015-07-11","HG","?쒖젙/?대읇G (P-Bandai)","HGBF 1/144 DOM R35","1980","1800","25740","14.3","12諛?14.3諛?諛섏퐫 怨듭떇 ?뺢? 100% ?쇱튂"
"739","2015-07-11","HG","?쒖젙/?대읇G (P-Bandai)","HGBC 1/144 JIGEN BUILD KNUCKLES 'KAKU'","660","600","8580","14.3","12諛?14.3諛?諛섏퐫 怨듭떇 ?뺢? 100% ?쇱튂"
"74","2019-12-21","HG","?쒖젙/?대읇G (P-Bandai)","HG 1/144 ELDORA BRUTE","2200","2000","28600","14.3","12諛?14.3諛?諛섏퐫 怨듭떇 ?뺢? 100% ?쇱튂"
"740","2015-08-08","SDBF","?쒖젙/?대읇G (P-Bandai)","SDBF KURENAI MUSHA RED WARRIOR AMAZING","1100","1000","14300","14.3","12諛?14.3諛?諛섏퐫 怨듭떇 ?뺢? 100% ?쇱튂"
"741","2015-11-07","HG","?쒖젙/?대읇G (P-Bandai)","HGBF 1/144 SUPER FUMINA","1980","1800","25740","14.3","12諛?14.3諛?諛섏퐫 怨듭떇 ?뺢? 100% ?쇱튂"
"742","2016-09-10","HG","?쒖젙/?대읇G (P-Bandai)","HGBF 1/144 SCRAMBLE GUNDAM","2420","2200","31460","14.3","12諛?14.3諛?諛섏퐫 怨듭떇 ?뺢? 100% ?쇱튂"
"743","2016-09-17","HG","?쒖젙/?대읇G (P-Bandai)","HGBF 1/144 GUNDAM OO SHIA QAN[T]","1760","1600","22880","14.3","12諛?14.3諛?諛섏퐫 怨듭떇 ?뺢? 100% ?쇱튂"
"744","2016-08-06","HG","?쒖젙/?대읇G (P-Bandai)","HGBC 1/144 THE NORTHERN POD","660","600","8580","14.3","12諛?14.3諛?諛섏퐫 怨듭떇 ?뺢? 100% ?쇱튂"
"745","2016-08-06","HG","?쒖젙/?대읇G (P-Bandai)","HGBC 1/144 GYA EASTERN WEAPONS","660","600","8580","14.3","12諛?14.3諛?諛섏퐫 怨듭떇 ?뺢? 100% ?쇱튂"
"746","2016-09-10","HG","?쒖젙/?대읇G (P-Bandai)","HGBC 1/144 LIGHTNING BACK WEAPON SYSTEM Mk-III","880","800","11440","14.3","12諛?14.3諛?諛섏퐫 怨듭떇 ?뺢? 100% ?쇱튂"
"747","2016-09-10","HG","?쒖젙/?대읇G (P-Bandai)","HGBF 1/144 BEARGGUY P (PRETTY)","1980","1800","25740","14.3","12諛?14.3諛?諛섏퐫 怨듭떇 ?뺢? 100% ?쇱튂"
"748","2016-08-06","HG","?쒖젙/?대읇G (P-Bandai)","HGBF 1/144 GYANCELOT","1980","1800","25740","14.3","12諛?14.3諛?諛섏퐫 怨듭떇 ?뺢? 100% ?쇱튂"
"749","2016-11-26","HG","?쒖젙/?대읇G (P-Bandai)","HG 1/144 TRANSIENT GUNDAM GLACIER","2200","2000","28600","14.3","12諛?14.3諛?諛섏퐫 怨듭떇 ?뺢? 100% ?쇱튂"
"75","2019-10-12","HG","?쒖젙/?대읇G (P-Bandai)","HG 1/144 MARSFOUR WEAPONS","660","600","8580","14.3","12諛?14.3諛?諛섏퐫 怨듭떇 ?뺢? 100% ?쇱튂"
"750","2017-03-11","HG","?쒖젙/?대읇G (P-Bandai)","HG 1/144 AMAZING STRIKE FREEDOM GUNDAM","2530","2300","32890","14.3","12諛?14.3諛?諛섏퐫 怨듭떇 ?뺢? 100% ?쇱튂"
"751","2017-02-11","HG","?쒖젙/?대읇G (P-Bandai)","HG 1/144 PAPA'GGUY","1980","1800","25740","14.3","12諛?14.3諛?諛섏퐫 怨듭떇 ?뺢? 100% ?쇱튂"
"752","2017-03-25","HG","?쒖젙/?대읇G (P-Bandai)","HG 1/144 SUPER FUMINA AXIS ANGEL Ver.","2420","2200","31460","14.3","12諛?14.3諛?諛섏퐫 怨듭떇 ?뺢? 100% ?쇱튂"
"753","2017-05-20","HG","?쒖젙/?대읇G (P-Bandai)","HG 1/144 GUNDAM SCHWARZRITTER","2200","2000","28600","14.3","12諛?14.3諛?諛섏퐫 怨듭떇 ?뺢? 100% ?쇱튂"
"754","2017-08-11","HG","?쒖젙/?대읇G (P-Bandai)","HG 1/144 NINPULSE GUNDAM","2200","2000","28600","14.3","12諛?14.3諛?諛섏퐫 怨듭떇 ?뺢? 100% ?쇱튂"
"755","2017-07-29","HG","?쒖젙/?대읇G (P-Bandai)","HG 1/144 CHINAGGUY","2420","2200","31460","14.3","12諛?14.3諛?諛섏퐫 怨듭떇 ?뺢? 100% ?쇱튂"
"756","2017-08-26","HG","?쒖젙/?대읇G (P-Bandai)","HG 1/144 HYPER GYANKO","2640","2400","34320","14.3","12諛?14.3諛?諛섏퐫 怨듭떇 ?뺢? 100% ?쇱튂"
"757","2017-11-11","HG","?쒖젙/?대읇G (P-Bandai)","HG 1/144 CHERUDIM GUNDAM SAGA TYPE. GBF","1980","1800","25740","14.3","12諛?14.3諛?諛섏퐫 怨듭떇 ?뺢? 100% ?쇱튂"
"758","2015-10-03","HG","?쒖젙/?대읇G (P-Bandai)","HG 1/144 GUNDAM BARBATOS","1320","1200","17160","14.3","12諛?14.3諛?諛섏퐫 怨듭떇 ?뺢? 100% ?쇱튂"
"759","2015-10-10","HG","?쒖젙/?대읇G (P-Bandai)","HG 1/144 GRAZE STANDARD TYPE / COMMANDER TYPE","1320","1200","17160","14.3","12諛?14.3諛?諛섏퐫 怨듭떇 ?뺢? 100% ?쇱튂"
"76","2019-10-12","HG","?쒖젙/?대읇G (P-Bandai)","HG 1/144 VEETWO WEAPONS","660","600","8580","14.3","12諛?14.3諛?諛섏퐫 怨듭떇 ?뺢? 100% ?쇱튂"
"760","2015-10-17","HG","?쒖젙/?대읇G (P-Bandai)","HG 1/144 MCGILLIS'S SCHWALBE GRAZE","1320","1200","17160","14.3","12諛?14.3諛?諛섏퐫 怨듭떇 ?뺢? 100% ?쇱튂"
"761","2015-10-10","HG","?쒖젙/?대읇G (P-Bandai)","HG 1/144 MS OPTION SET 1 & CGS MOBILE WORKER","660","600","8580","14.3","12諛?14.3諛?諛섏퐫 怨듭떇 ?뺢? 100% ?쇱튂"
"762","2015-12-12","HG","?쒖젙/?대읇G (P-Bandai)","HG 1/144 GUNDAM GUSION","1540","1400","20020","14.3","12諛?14.3諛?諛섏퐫 怨듭떇 ?뺢? 100% ?쇱튂"
"763","2015-11-07","HG","?쒖젙/?대읇G (P-Bandai)","HG 1/144 GRAZE CUSTOM","1320","1200","17160","14.3","12諛?14.3諛?諛섏퐫 怨듭떇 ?뺢? 100% ?쇱튂"
"764","2015-11-14","HG","?쒖젙/?대읇G (P-Bandai)","HG 1/144 HYAKURI","1540","1400","20020","14.3","12諛?14.3諛?諛섏퐫 怨듭떇 ?뺢? 100% ?쇱튂"
"765","2015-11-07","HG","?쒖젙/?대읇G (P-Bandai)","HG 1/144 MS OPTION SET 2 & CGS MOBILE WORKER SPACE TYPE","660","600","8580","14.3","12諛?14.3諛?諛섏퐫 怨듭떇 ?뺢? 100% ?쇱튂"
"766","2016-01-16","HG","?쒖젙/?대읇G (P-Bandai)","HG 1/144 GUNDAM KIMARIS","1320","1200","17160","14.3","12諛?14.3諛?諛섏퐫 怨듭떇 ?뺢? 100% ?쇱튂"
"767","2015-12-12","HG","?쒖젙/?대읇G (P-Bandai)","HG 1/144 GUNDAM BARBATOS & LONG DISTANCE TRANSPORT BOOSTER","5500","5000","71500","14.3","12諛?14.3諛?諛섏퐫 怨듭떇 ?뺢? 100% ?쇱튂"
"768","2015-11-14","HG","?쒖젙/?대읇G (P-Bandai)","HG 1/144 HYAKUREN","1320","1200","17160","14.3","12諛?14.3諛?諛섏퐫 怨듭떇 ?뺢? 100% ?쇱튂"
"769","2016-01-30","HG","?쒖젙/?대읇G (P-Bandai)","HG 1/144 GUNDAM GUSION REBAKE","1540","1400","20020","14.3","12諛?14.3諛?諛섏퐫 怨듭떇 ?뺢? 100% ?쇱튂"
"77","2019-11-16","HG","?쒖젙/?대읇G (P-Bandai)","HG 1/144 CORE GUNDAM (REAL TYPE COLOR) & MARSFOUR UNIT","1540","1400","20020","14.3","12諛?14.3諛?諛섏퐫 怨듭떇 ?뺢? 100% ?쇱튂"
"770","2016-02-13","HG","?쒖젙/?대읇G (P-Bandai)","HG 1/144 GRIMGERDE","1540","1400","20020","14.3","12諛?14.3諛?諛섏퐫 怨듭떇 ?뺢? 100% ?쇱튂"
"771","2016-01-30","HG","?쒖젙/?대읇G (P-Bandai)","HG 1/144 RYUSEI-GO (GRAZE CUSTOM II)","1540","1400","20020","14.3","12諛?14.3諛?諛섏퐫 怨듭떇 ?뺢? 100% ?쇱튂"
"772","2015-12-12","HG","?쒖젙/?대읇G (P-Bandai)","HG 1/144 AMIDA'S HYAKUREN","1540","1400","20020","14.3","12諛?14.3諛?諛섏퐫 怨듭떇 ?뺢? 100% ?쇱튂"
"773","2016-01-16","HG","?쒖젙/?대읇G (P-Bandai)","HG 1/144 MS OPTION SET 3 & GJALLARHORN MOBILE WORKER","660","600","8580","14.3","12諛?14.3諛?諛섏퐫 怨듭떇 ?뺢? 100% ?쇱튂"
"774","2016-02-27","HG","?쒖젙/?대읇G (P-Bandai)","HG 1/144 GUNDAM BARBATOS 6TH FORM","1540","1400","20020","14.3","12諛?14.3諛?諛섏퐫 怨듭떇 ?뺢? 100% ?쇱튂"
"775","2016-03-12","HG","?쒖젙/?대읇G (P-Bandai)","HG 1/144 GUNDAM KIMARIS TROOPER","1540","1400","20020","14.3","12諛?14.3諛?諛섏퐫 怨듭떇 ?뺢? 100% ?쇱튂"
"776","2016-04-09","HG","?쒖젙/?대읇G (P-Bandai)","HG 1/144 GRAZE EIN","1870","1700","24310","14.3","12諛?14.3諛?諛섏퐫 怨듭떇 ?뺢? 100% ?쇱튂"
"777","2016-03-12","HG","?쒖젙/?대읇G (P-Bandai)","HG 1/144 CARTA'S GRAZE RITTER","1540","1400","20020","14.3","12諛?14.3諛?諛섏퐫 怨듭떇 ?뺢? 100% ?쇱튂"
"778","2015-12-12","HG","?쒖젙/?대읇G (P-Bandai)","HG 1/144 MAN RODI","1320","1200","17160","14.3","12諛?14.3諛?諛섏퐫 怨듭떇 ?뺢? 100% ?쇱튂"
"779","2016-05-13","HG","?쒖젙/?대읇G (P-Bandai)","HG 1/144 GUNDAM ASTAROTH","1320","1200","17160","14.3","12諛?14.3諛?諛섏퐫 怨듭떇 ?뺢? 100% ?쇱튂"
"78","2019-11-09","HG","?쒖젙/?대읇G (P-Bandai)","HG 1/144 CORE GUNDAM (G3 COLOR) & VEETWO UNIT","1540","1400","20020","14.3","12諛?14.3諛?諛섏퐫 怨듭떇 ?뺢? 100% ?쇱튂"
"780","2016-08-27","HG","?쒖젙/?대읇G (P-Bandai)","HG 1/144 GUNDAM ASTAROTH ORIGIN","1540","1400","20020","14.3","12諛?14.3諛?諛섏퐫 怨듭떇 ?뺢? 100% ?쇱튂"
"781","2016-10-01","HG","?쒖젙/?대읇G (P-Bandai)","HG 1/144 GUNDAM BARBATOS LUPUS","1430","1300","18590","14.3","12諛?14.3諛?諛섏퐫 怨듭떇 ?뺢? 100% ?쇱튂"
"782","2016-10-29","HG","?쒖젙/?대읇G (P-Bandai)","HG 1/144 JULIETA'S MOBILE REGINLAZE","1540","1400","20020","14.3","12諛?14.3諛?諛섏퐫 怨듭떇 ?뺢? 100% ?쇱튂"
"783","2016-10-22","HG","?쒖젙/?대읇G (P-Bandai)","HG 1/144 GUNDAM GUSION REBAKE FULL CITY","1650","1500","21450","14.3","12諛?14.3諛?諛섏퐫 怨듭떇 ?뺢? 100% ?쇱튂"
"784","2016-10-01","HG","?쒖젙/?대읇G (P-Bandai)","HG 1/144 MS OPTION SET 5 & TEKKADAN MOBILE WORKER","660","600","8580","14.3","12諛?14.3諛?諛섏퐫 怨듭떇 ?뺢? 100% ?쇱튂"
"785","2016-10-08","HG","?쒖젙/?대읇G (P-Bandai)","HG 1/144 HUGO","1320","1200","17160","14.3","12諛?14.3諛?諛섏퐫 怨듭떇 ?뺢? 100% ?쇱튂"
"786","2016-11-12","HG","?쒖젙/?대읇G (P-Bandai)","HG 1/144 GEIRAIL","1100","1000","14300","14.3","12諛?14.3諛?諛섏퐫 怨듭떇 ?뺢? 100% ?쇱튂"
"787","2016-11-12","HG","?쒖젙/?대읇G (P-Bandai)","HG 1/144 IO FRAME SHIDEN","1320","1200","17160","14.3","12諛?14.3諛?諛섏퐫 怨듭떇 ?뺢? 100% ?쇱튂"
"788","2016-11-12","HG","?쒖젙/?대읇G (P-Bandai)","HG 1/144 MS OPTION SET 6 & HD MOBILE WORKER","660","600","8580","14.3","12諛?14.3諛?諛섏퐫 怨듭떇 ?뺢? 100% ?쇱튂"
"789","2016-12-16","HG","?쒖젙/?대읇G (P-Bandai)","HG 1/144 MOBILE ARMOR HASHMAL","4400","4000","57200","14.3","12諛?14.3諛?諛섏퐫 怨듭떇 ?뺢? 100% ?쇱튂"
"79","2019-12-07","HG","?쒖젙/?대읇G (P-Bandai)","HG 1/144 INJUSTICE WEAPONS","770","700","10010","14.3","12諛?14.3諛?諛섏퐫 怨듭떇 ?뺢? 100% ?쇱튂"
"790","2016-12-10","HG","?쒖젙/?대읇G (P-Bandai)","HG 1/144 GUNDAM FLAUROS (RYUSEI-GO)","1540","1400","20020","14.3","12諛?14.3諛?諛섏퐫 怨듭떇 ?뺢? 100% ?쇱튂"
"791","2016-12-03","HG","?쒖젙/?대읇G (P-Bandai)","HG 1/144 GUNDAM VIDAR","1540","1400","20020","14.3","12諛?14.3諛?諛섏퐫 怨듭떇 ?뺢? 100% ?쇱튂"
"792","2016-12-10","HG","?쒖젙/?대읇G (P-Bandai)","HG 1/144 MS OPTION SET 7","660","600","8580","14.3","12諛?14.3諛?諛섏퐫 怨듭떇 ?뺢? 100% ?쇱튂"
"793","2017-01-14","HG","?쒖젙/?대읇G (P-Bandai)","HG 1/144 HEKIJA","1100","1000","14300","14.3","12諛?14.3諛?諛섏퐫 怨듭떇 ?뺢? 100% ?쇱튂"
"794","2017-02-18","HG","?쒖젙/?대읇G (P-Bandai)","HG 1/144 REGINLAZE JULIA","1760","1600","22880","14.3","12諛?14.3諛?諛섏퐫 怨듭떇 ?뺢? 100% ?쇱튂"
"795","2017-02-11","HG","?쒖젙/?대읇G (P-Bandai)","HG 1/144 GUNDAM BARBATOS LUPUS REX","1870","1700","24310","14.3","12諛?14.3諛?諛섏퐫 怨듭떇 ?뺢? 100% ?쇱튂"
"796","2017-01-28","HG","?쒖젙/?대읇G (P-Bandai)","HG 1/144 HELMWIGE REINCAR","1540","1400","20020","14.3","12諛?14.3諛?諛섏퐫 怨듭떇 ?뺢? 100% ?쇱튂"
"797","2017-03-04","HG","?쒖젙/?대읇G (P-Bandai)","HG 1/144 GUNDAM KIMARIS VIDAR","1760","1600","22880","14.3","12諛?14.3諛?諛섏퐫 怨듭떇 ?뺢? 100% ?쇱튂"
"798","2017-02-11","HG","?쒖젙/?대읇G (P-Bandai)","HG 1/144 MS OPTION SET 8 & SAU MOBILE WORKER","660","600","8580","14.3","12諛?14.3諛?諛섏퐫 怨듭떇 ?뺢? 100% ?쇱튂"
"799","2017-03-11","HG","?쒖젙/?대읇G (P-Bandai)","HG 1/144 GUNDAM BAEL","1760","1600","22880","14.3","12諛?14.3諛?諛섏퐫 怨듭떇 ?뺢? 100% ?쇱튂"
"8","2013-08-24","HG","?쒖젙/?대읇G (P-Bandai)","HG 1/144 GUNDAM ASTRAY RED FRAME (FLIGHT UNIT)","2090","1900","27170","14.3","12諛?14.3諛?諛섏퐫 怨듭떇 ?뺢? 100% ?쇱튂"
"80","2019-12-21","HG","?쒖젙/?대읇G (P-Bandai)","HG 1/144 MASS-PRODUCED ZEONIC SWORD","990","900","12870","14.3","12諛?14.3諛?諛섏퐫 怨듭떇 ?뺢? 100% ?쇱튂"
"800","2017-03-11","HG","?쒖젙/?대읇G (P-Bandai)","HG 1/144 MS OPTION SET 9","660","600","8580","14.3","12諛?14.3諛?諛섏퐫 怨듭떇 ?뺢? 100% ?쇱튂"
"801","2017-04-08","HG","?쒖젙/?대읇G (P-Bandai)","HG 1/144 GUNDAM VUAL","1540","1400","20020","14.3","12諛?14.3諛?諛섏퐫 怨듭떇 ?뺢? 100% ?쇱튂"
"802","2017-06-24","HG","?쒖젙/?대읇G (P-Bandai)","HG 1/144 GUNDAM DANTALION","1760","1600","22880","14.3","12諛?14.3諛?諛섏퐫 怨듭떇 ?뺢? 100% ?쇱튂"
"803","2017-01-28","HG","?쒖젙/?대읇G (P-Bandai)","HG 1/144 ROUEI","1320","1200","17160","14.3","12諛?14.3諛?諛섏퐫 怨듭떇 ?뺢? 100% ?쇱튂"
"804","2017-07-15","HG","?쒖젙/?대읇G (P-Bandai)","HG 1/144 GUNDAM ASTAROTH RINASCIMENTO","1980","1800","25740","14.3","12諛?14.3諛?諛섏퐫 怨듭떇 ?뺢? 100% ?쇱튂"
"805","2020-03-07","HG","?쒖젙/?대읇G (P-Bandai)","HG 1/144 GUNDAM MARCHOSIAS","2420","2200","31460","14.3","12諛?14.3諛?諛섏퐫 怨듭떇 ?뺢? 100% ?쇱튂"
"806","2020-08-22","HG","?쒖젙/?대읇G (P-Bandai)","HG 1/144 GUNDAM HAJIROBOSHI","1650","1500","21450","14.3","12諛?14.3諛?諛섏퐫 怨듭떇 ?뺢? 100% ?쇱튂"
"807","1996-07","MG","?쒖젙/?대읇G (P-Bandai)","MG 1/100 ZAKU SHIN-MATSUNAGA","3080","2800","40040","14.3","12諛?14.3諛?諛섏퐫 怨듭떇 ?뺢? 100% ?쇱튂"
"808","1996-07","MG","?쒖젙/?대읇G (P-Bandai)","MG 1/100 ZAKU JONNY RIDEN","3080","2800","40040","14.3","12諛?14.3諛?諛섏퐫 怨듭떇 ?뺢? 100% ?쇱튂"
"809","1997-03","MG","?쒖젙/?대읇G (P-Bandai)","MG 1/100 GELGOOG CANNON","3740","3400","48620","14.3","12諛?14.3諛?諛섏퐫 怨듭떇 ?뺢? 100% ?쇱튂"
"81","2020-01-25","HG","?쒖젙/?대읇G (P-Bandai)","HGBD:R 1/144 SELTSAM ARMS","770","700","10010","14.3","12諛?14.3諛?諛섏퐫 怨듭떇 ?뺢? 100% ?쇱튂"
"810","2001-03","MG","?쒖젙/?대읇G (P-Bandai)","MG 1/100 MSN-100 HYAKU-SHIKI","4950","4500","64350","14.3","12諛?14.3諛?諛섏퐫 怨듭떇 ?뺢? 100% ?쇱튂"
"811","2001-04","MG","?쒖젙/?대읇G (P-Bandai)","MG 1/100 RX-78GP03S GUNDAM STAMEN","4290","3900","55770","14.3","12諛?14.3諛?諛섏퐫 怨듭떇 ?뺢? 100% ?쇱튂"
"812","2001-07","MG","?쒖젙/?대읇G (P-Bandai)","MG 1/100 RGM-79(G) GM","5500","5000","71500","14.3","12諛?14.3諛?諛섏퐫 怨듭떇 ?뺢? 100% ?쇱튂"
"813","2001-11","MG","?쒖젙/?대읇G (P-Bandai)","MG 1/100 GF13-017NJⅡ G GUNDAM","3190","2900","41470","14.3","12諛?14.3諛?諛섏퐫 怨듭떇 ?뺢? 100% ?쇱튂"
"814","2002-05","MG","?쒖젙/?대읇G (P-Bandai)","MG 1/100 SHINING GUNDAM","2750","2500","35750","14.3","12諛?14.3諛?諛섏퐫 怨듭떇 ?뺢? 100% ?쇱튂"
"815","2002-07","HGUC","?쒖젙/?대읇G (P-Bandai)","HGUC 1/144 MS-06S ZAKUⅡ","1320","1200","17160","14.3","12諛?14.3諛?諛섏퐫 怨듭떇 ?뺢? 100% ?쇱튂"
"816","2002-12","MG","?쒖젙/?대읇G (P-Bandai)","MG 1/100 RX-78-2 GUNDAM Ver. Ka","3960","3600","51480","14.3","12諛?14.3諛?諛섏퐫 怨듭떇 ?뺢? 100% ?쇱튂"
"817","2003-03","MG","?쒖젙/?대읇G (P-Bandai)","MG 1/100 MSA-0011[EXT] EX-S GUNDAM","8800","8000","114400","14.3","12諛?14.3諛?諛섏퐫 怨듭떇 ?뺢? 100% ?쇱튂"
"818","2003-05","MG","?쒖젙/?대읇G (P-Bandai)","MG 1/100 Z'GOK MASS PRODUCTION TYPE","3960","3600","51480","14.3","12諛?14.3諛?諛섏퐫 怨듭떇 ?뺢? 100% ?쇱튂"
"819","2003-06","MG","?쒖젙/?대읇G (P-Bandai)","MG 1/100 GOGG","4290","3900","55770","14.3","12諛?14.3諛?諛섏퐫 怨듭떇 ?뺢? 100% ?쇱튂"
"82","2020-02-29","SDBD","?쒖젙/?대읇G (P-Bandai)","SDBD：R　AVALANCHE REX BUSTER","825","750","10725","14.3","12諛?14.3諛?諛섏퐫 怨듭떇 ?뺢? 100% ?쇱튂"
"820","2004-05","MG","?쒖젙/?대읇G (P-Bandai)","MG 1/100 RICK DIAS","4290","3900","55770","14.3","12諛?14.3諛?諛섏퐫 怨듭떇 ?뺢? 100% ?쇱튂"
"821","2004-07","HGUC","?쒖젙/?대읇G (P-Bandai)","HGUC 1/144 HYAKU-SHIKI+ MEGABAZOOKALAUNCHER","1980","1800","25740","14.3","12諛?14.3諛?諛섏퐫 怨듭떇 ?뺢? 100% ?쇱튂"
"822","2004-08","HGUC","?쒖젙/?대읇G (P-Bandai)","HGUC 1/144 PSYCHO GUNDAM","6050","5500","78650","14.3","12諛?14.3諛?諛섏퐫 怨듭떇 ?뺢? 100% ?쇱튂"
"823","2005-07-09","HGUC","?쒖젙/?대읇G (P-Bandai)","HGUC 1/144 HI-ZACK (EARTH FEDERATION)","1320","1200","17160","14.3","12諛?14.3諛?諛섏퐫 怨듭떇 ?뺢? 100% ?쇱튂"
"824","2006-03-25","MG","?쒖젙/?대읇G (P-Bandai)","MG 1/100 GUNDAM Mk-Ⅱ TITANS Ver.2.0","4400","4000","57200","14.3","12諛?14.3諛?諛섏퐫 怨듭떇 ?뺢? 100% ?쇱튂"
"825","2006-07-29","MG","?쒖젙/?대읇G (P-Bandai)","MG 1/100 GUNDAM F91","3520","3200","45760","14.3","12諛?14.3諛?諛섏퐫 怨듭떇 ?뺢? 100% ?쇱튂"
"826","2006-08-12","HGUC","?쒖젙/?대읇G (P-Bandai)","HGUC 1/144 RGM-79 POWERED GM","1320","1200","17160","14.3","12諛?14.3諛?諛섏퐫 怨듭떇 ?뺢? 100% ?쇱튂"
"827","2006-09-29","MG","?쒖젙/?대읇G (P-Bandai)","MG 1/100 CROSSBONE GUNDAM X-1 ver.Ka","4290","3900","55770","14.3","12諛?14.3諛?諛섏퐫 怨듭떇 ?뺢? 100% ?쇱튂"
"828","2006-10-14","HGUC","?쒖젙/?대읇G (P-Bandai)","HGUC 1/144 CHAR'S GELGOOG","1980","1800","25740","14.3","12諛?14.3諛?諛섏퐫 怨듭떇 ?뺢? 100% ?쇱튂"
"829","2006-11-29","MG","?쒖젙/?대읇G (P-Bandai)","MG 1/100 GM SNIPER","3850","3500","50050","14.3","12諛?14.3諛?諛섏퐫 怨듭떇 ?뺢? 100% ?쇱튂"
"83","2020-01-11","HG","?쒖젙/?대읇G (P-Bandai)","HGBD:R 1/144 JUPITIVE GUNDAM","2200","2000","28600","14.3","12諛?14.3諛?諛섏퐫 怨듭떇 ?뺢? 100% ?쇱튂"
"830","2007-04","MG","?쒖젙/?대읇G (P-Bandai)","MG 1/100 ZAKU II Ver. 2.0","4290","3900","55770","14.3","12諛?14.3諛?諛섏퐫 怨듭떇 ?뺢? 100% ?쇱튂"
"831","2008-04","MG","?쒖젙/?대읇G (P-Bandai)","MG 1/100 MASS PRODUCTION GELGOOG Ver. 2.0","4950","4500","64350","14.3","12諛?14.3諛?諛섏퐫 怨듭떇 ?뺢? 100% ?쇱튂"
"832","2008-03","MG","?쒖젙/?대읇G (P-Bandai)","MG 1/100 ZAKU MINELAYER","4950","4500","64350","14.3","12諛?14.3諛?諛섏퐫 怨듭떇 ?뺢? 100% ?쇱튂"
"833","2007-07","MG","?쒖젙/?대읇G (P-Bandai)","MG 1/100 CHAR'S GELGOOG ver.2.0","5390","4900","70070","14.3","12諛?14.3諛?諛섏퐫 怨듭떇 ?뺢? 100% ?쇱튂"
"834","2007-05","MG","?쒖젙/?대읇G (P-Bandai)","MG 1/100 MS-06S CHAR'S ZAKU Ver. 2.0","4290","3900","55770","14.3","12諛?14.3諛?諛섏퐫 怨듭떇 ?뺢? 100% ?쇱튂"
"835","2008-08","MG","?쒖젙/?대읇G (P-Bandai)","MG 1/100 ZAKU CANNON","4950","4500","64350","14.3","12諛?14.3諛?諛섏퐫 怨듭떇 ?뺢? 100% ?쇱튂"
"836","2008-11-16","MG","?쒖젙/?대읇G (P-Bandai)","MG 1/100 SHIN MATSUNAGA ZAKU Ver. 2.0","4950","4500","64350","14.3","12諛?14.3諛?諛섏퐫 怨듭떇 ?뺢? 100% ?쇱튂"
"837","2008-09-13","MG","?쒖젙/?대읇G (P-Bandai)","MG 1/100 MS-06R-2 J RIDDEN ZAKU Ver.2.0","4950","4500","64350","14.3","12諛?14.3諛?諛섏퐫 怨듭떇 ?뺢? 100% ?쇱튂"
"838","2008-03","MG","?쒖젙/?대읇G (P-Bandai)","MG 1/100 MS-06Ｆ ZAKUⅡ Ver.2.0","3850","3500","50050","14.3","12諛?14.3諛?諛섏퐫 怨듭떇 ?뺢? 100% ?쇱튂"
"839","2009-02","MG","?쒖젙/?대읇G (P-Bandai)","MG 1/100 RGM-79 GM Ver.2.0","3850","3500","50050","14.3","12諛?14.3諛?諛섏퐫 怨듭떇 ?뺢? 100% ?쇱튂"
"84","2020-01-25","HG","?쒖젙/?대읇G (P-Bandai)","HGBD:R MOBILE DOLL MAY","2640","2400","34320","14.3","12諛?14.3諛?諛섏퐫 怨듭떇 ?뺢? 100% ?쇱튂"
"840","2009-05","MG","?쒖젙/?대읇G (P-Bandai)","MG 1/100 GOUF Ver.2.0","4620","4200","60060","14.3","12諛?14.3諛?諛섏퐫 怨듭떇 ?뺢? 100% ?쇱튂"
"841","2009-11-12","MG","?쒖젙/?대읇G (P-Bandai)","MG 1/100 QUBELEY Mk-Ⅱ (ELPEO PLE)","4400","4000","57200","14.3","12諛?14.3諛?諛섏퐫 怨듭떇 ?뺢? 100% ?쇱튂"
"842","2010-01-28","MG","?쒖젙/?대읇G (P-Bandai)","MG 1/100 GN-X","4400","4000","57200","14.3","12諛?14.3諛?諛섏퐫 怨듭떇 ?뺢? 100% ?쇱튂"
"843","2010-11-20","MG","?쒖젙/?대읇G (P-Bandai)","MG 1/100 OO QAN[T]","5390","4900","70070","14.3","12諛?14.3諛?諛섏퐫 怨듭떇 ?뺢? 100% ?쇱튂"
"844","2010-12-18","HG","?쒖젙/?대읇G (P-Bandai)","HGAW 1/144 GUNDAM X D.V.","2200","2000","28600","14.3","12諛?14.3諛?諛섏퐫 怨듭떇 ?뺢? 100% ?쇱튂"
"845","2012-02-29","RG","?쒖젙/?대읇G (P-Bandai)","RG 1/144 FX550 SKY GRASPER LAUNCHER / SWORD PACK","2750","2500","35750","14.3","12諛?14.3諛?諛섏퐫 怨듭떇 ?뺢? 100% ?쇱튂"
"846","2012-11-23","RG","?쒖젙/?대읇G (P-Bandai)","RG 1/144 Z GUNDAM","3630","3300","47190","14.3","12諛?14.3諛?諛섏퐫 怨듭떇 ?뺢? 100% ?쇱튂"
"847","2008-03","HGUC","?쒖젙/?대읇G (P-Bandai)","HGUC 1/144 νGUNDAM","2970","2700","38610","14.3","12諛?14.3諛?諛섏퐫 怨듭떇 ?뺢? 100% ?쇱튂"
"848","2013-01-26","MG","?쒖젙/?대읇G (P-Bandai)","MG 1/100 TALLGEESE I EW VER.","4620","4200","60060","14.3","12諛?14.3諛?諛섏퐫 怨듭떇 ?뺢? 100% ?쇱튂"
"849","2013-05-25","MG","?쒖젙/?대읇G (P-Bandai)","MG 1/100 AILE STRIKE GUNDAM Ver. RM","4620","4200","60060","14.3","12諛?14.3諛?諛섏퐫 怨듭떇 ?뺢? 100% ?쇱튂"
"85","2020-02-08","HG","?쒖젙/?대읇G (P-Bandai)","HGBD:R 1/144 GUNDAM TERTIUM","2090","1900","27170","14.3","12諛?14.3諛?諛섏퐫 怨듭떇 ?뺢? 100% ?쇱튂"
"850","2013-07-20","MG","?쒖젙/?대읇G (P-Bandai)","MG 1/100 GEARA DOGA","5720","5200","74360","14.3","12諛?14.3諛?諛섏퐫 怨듭떇 ?뺢? 100% ?쇱튂"
"851","2014-04-26","RG","?쒖젙/?대읇G (P-Bandai)","RG 1/144 GUNDAM EXIA","3080","2800","40040","14.3","12諛?14.3諛?諛섏퐫 怨듭떇 ?뺢? 100% ?쇱튂"
"852","2015-08-08","RG","?쒖젙/?대읇G (P-Bandai)","RG 1/144 MBF-P02 GUNDAM ASTRAY RED FRAME","3080","2800","40040","14.3","12諛?14.3諛?諛섏퐫 怨듭떇 ?뺢? 100% ?쇱튂"
"853","2015-05-30","MG","?쒖젙/?대읇G (P-Bandai)","MG 1/100 HYAKU-SHIKI Ver.2.0","8580","7800","111540","14.3","12諛?14.3諛?諛섏퐫 怨듭떇 ?뺢? 100% ?쇱튂"
"854","2015-12-26","MG","?쒖젙/?대읇G (P-Bandai)","MG 1/100 V2 GUNDAM Ver. Ka","5390","4900","70070","14.3","12諛?14.3諛?諛섏퐫 怨듭떇 ?뺢? 100% ?쇱튂"
"855","2016-07-23","MG","?쒖젙/?대읇G (P-Bandai)","MG 1/100 FULL ARMOR GUNDAM Ver.Ka [GUNDAM THUNDERBOLT]","8140","7400","105820","14.3","12諛?14.3諛?諛섏퐫 怨듭떇 ?뺢? 100% ?쇱튂"
"856","2016-12-16","MG","?쒖젙/?대읇G (P-Bandai)","MG 1/100 ZAKU HIGH MOBILITY TYPE ""PSYCHO ZAKU"" Ver.Ka [GUNDAM THUNDERBOLT]","10340","9400","134420","14.3","12諛?14.3諛?諛섏퐫 怨듭떇 ?뺢? 100% ?쇱튂"
"857","2018-05-19","MG","?쒖젙/?대읇G (P-Bandai)","MG 1/100 GUNDAM F91 Ver.2.0","4840","4400","62920","14.3","12諛?14.3諛?諛섏퐫 怨듭떇 ?뺢? 100% ?쇱튂"
"858","2017-11-11","MG","?쒖젙/?대읇G (P-Bandai)","MG 1/100 GM SNIPER CUSTOM","4400","4000","57200","14.3","12諛?14.3諛?諛섏퐫 怨듭떇 ?뺢? 100% ?쇱튂"
"859","2017-12-27","MG","?쒖젙/?대읇G (P-Bandai)","MG 1/100 GM COMMAND (COLONY TYPE)","4290","3900","55770","14.3","12諛?14.3諛?諛섏퐫 怨듭떇 ?뺢? 100% ?쇱튂"
"86","2020-03-21","HG","?쒖젙/?대읇G (P-Bandai)","HGBD:R 1/144 GUNDAM G-ELSE","2090","1900","27170","14.3","12諛?14.3諛?諛섏퐫 怨듭떇 ?뺢? 100% ?쇱튂"
"860","2018-07-14","MG","?쒖젙/?대읇G (P-Bandai)","MG 1/100 JEGAN","4840","4400","62920","14.3","12諛?14.3諛?諛섏퐫 怨듭떇 ?뺢? 100% ?쇱튂"
"861","2018-12-22","RG","?쒖젙/?대읇G (P-Bandai)","RG 1/144 FULL ARMOR UNICORN GUNDAM","6270","5700","81510","14.3","12諛?14.3諛?諛섏퐫 怨듭떇 ?뺢? 100% ?쇱튂"
"862","2019-03-22","MG","?쒖젙/?대읇G (P-Bandai)","MG 1/100 GUNDAM DYNAMES","4950","4500","64350","14.3","12諛?14.3諛?諛섏퐫 怨듭떇 ?뺢? 100% ?쇱튂"
"863","2019-03-27","MG","?쒖젙/?대읇G (P-Bandai)","MG 1/100 GUNDAM AGEII MAGNUM","6490","5900","84370","14.3","12諛?14.3諛?諛섏퐫 怨듭떇 ?뺢? 100% ?쇱튂"
"864","1999-05","MG","?쒖젙/?대읇G (P-Bandai)","MG 1/100 MS-05B ZAKUⅠ","2750","2500","35750","14.3","12諛?14.3諛?諛섏퐫 怨듭떇 ?뺢? 100% ?쇱튂"
"865","1999-06","MG","?쒖젙/?대읇G (P-Bandai)","MG 1/100 MS-06R ZAKUⅡ(THE BLACK TRI-STARS)","3300","3000","42900","14.3","12諛?14.3諛?諛섏퐫 怨듭떇 ?뺢? 100% ?쇱튂"
"866","2000-03","HGUC","?쒖젙/?대읇G (P-Bandai)","HGUC 1/144 GOGG","1320","1200","17160","14.3","12諛?14.3諛?諛섏퐫 怨듭떇 ?뺢? 100% ?쇱튂"
"867","2000-07","MG","?쒖젙/?대읇G (P-Bandai)","MG 1/100 MSN-04 SAZABI","8800","8000","114400","14.3","12諛?14.3諛?諛섏퐫 怨듭떇 ?뺢? 100% ?쇱튂"
"868","2000-12","MG","?쒖젙/?대읇G (P-Bandai)","MG 1/100 RX-93 νGUNDAM","5500","5000","71500","14.3","12諛?14.3諛?諛섏퐫 怨듭떇 ?뺢? 100% ?쇱튂"
"869","2001-06","MG","?쒖젙/?대읇G (P-Bandai)","MG 1/100 RGZ-91 Re-GZ","4400","4000","57200","14.3","12諛?14.3諛?諛섏퐫 怨듭떇 ?뺢? 100% ?쇱튂"
"87","2020-02-08","HG","?쒖젙/?대읇G (P-Bandai)","HGBD:R 1/144 MERCUONE UNIT","935","850","12155","14.3","12諛?14.3諛?諛섏퐫 怨듭떇 ?뺢? 100% ?쇱튂"
"870","2002-03","HGUC","?쒖젙/?대읇G (P-Bandai)","HGUC 1/144 RX-78 GP-03 DENDROBIUM","30800","28000","400400","14.3","12諛?14.3諛?諛섏퐫 怨듭떇 ?뺢? 100% ?쇱튂"
"871","2002-08","MG","?쒖젙/?대읇G (P-Bandai)","MG 1/100 RX-78-2 GUNDAM (CHAR'S COLOR)","3300","3000","42900","14.3","12諛?14.3諛?諛섏퐫 怨듭떇 ?뺢? 100% ?쇱튂"
"872","2002-10","MG","?쒖젙/?대읇G (P-Bandai)","MG 1/100 S GUNDAM","6600","6000","85800","14.3","12諛?14.3諛?諛섏퐫 怨듭떇 ?뺢? 100% ?쇱튂"
"873","2002-11-16","HG","?쒖젙/?대읇G (P-Bandai)","1/144 HG DUEL GUNDAM ASSAULTSHROUD","1320","1200","17160","14.3","12諛?14.3諛?諛섏퐫 怨듭떇 ?뺢? 100% ?쇱튂"
"874","2002-12-25","HG","?쒖젙/?대읇G (P-Bandai)","1/144 HG AEGIS GUNDAM","1320","1200","17160","14.3","12諛?14.3諛?諛섏퐫 怨듭떇 ?뺢? 100% ?쇱튂"
"875","2002-11","MG","?쒖젙/?대읇G (P-Bandai)","MG 1/100 RGM-79C GM TYPE C","2750","2500","35750","14.3","12諛?14.3諛?諛섏퐫 怨듭떇 ?뺢? 100% ?쇱튂"
"876","2003-01","HG","?쒖젙/?대읇G (P-Bandai)","1/144 HG BUSTER GUNDAM","1100","1000","14300","14.3","12諛?14.3諛?諛섏퐫 怨듭떇 ?뺢? 100% ?쇱튂"
"877","2003-04","HG","?쒖젙/?대읇G (P-Bandai)","1/144 HG MOBILE GINN","1100","1000","14300","14.3","12諛?14.3諛?諛섏퐫 怨듭떇 ?뺢? 100% ?쇱튂"
"878","2003-07","HG","?쒖젙/?대읇G (P-Bandai)","1/144 HG JUSTICE GUNDAM","1650","1500","21450","14.3","12諛?14.3諛?諛섏퐫 怨듭떇 ?뺢? 100% ?쇱튂"
"879","2003-08","HG","?쒖젙/?대읇G (P-Bandai)","1/144 HG CALAMITY GUNDAM","1320","1200","17160","14.3","12諛?14.3諛?諛섏퐫 怨듭떇 ?뺢? 100% ?쇱튂"
"88","2020-03-14","HG","?쒖젙/?대읇G (P-Bandai)","HGBD:R 1/144 MERCUONE WEAPONS","660","600","8580","14.3","12諛?14.3諛?諛섏퐫 怨듭떇 ?뺢? 100% ?쇱튂"
"880","2003-10","HGUC","?쒖젙/?대읇G (P-Bandai)","HGUC 1/144 ZETA GUNDAM","2200","2000","28600","14.3","12諛?14.3諛?諛섏퐫 怨듭떇 ?뺢? 100% ?쇱튂"
"881","2003-10","MG","?쒖젙/?대읇G (P-Bandai)","MG 1/100 AILE STRIKE GUNDAM","4180","3800","54340","14.3","12諛?14.3諛?諛섏퐫 怨듭떇 ?뺢? 100% ?쇱튂"
"882","2003-09","HG","?쒖젙/?대읇G (P-Bandai)","1/144 HG FORBIDDEN GUNDAM","1650","1500","21450","14.3","12諛?14.3諛?諛섏퐫 怨듭떇 ?뺢? 100% ?쇱튂"
"883","2003-11","HG","?쒖젙/?대읇G (P-Bandai)","1/144 HG RAIDER GUNDAM","1650","1500","21450","14.3","12諛?14.3諛?諛섏퐫 怨듭떇 ?뺢? 100% ?쇱튂"
"884","2003-11","HGUC","?쒖젙/?대읇G (P-Bandai)","HGUC 1/144 ORX-005 GAPLANT","2640","2400","34320","14.3","12諛?14.3諛?諛섏퐫 怨듭떇 ?뺢? 100% ?쇱튂"
"885","2004-03","HG","?쒖젙/?대읇G (P-Bandai)","1/144 HG PROVIDENCE GUNDAM","1650","1500","21450","14.3","12諛?14.3諛?諛섏퐫 怨듭떇 ?뺢? 100% ?쇱튂"
"886","2004-05","HG","?쒖젙/?대읇G (P-Bandai)","1/144 HG STRIKE ROUGE + IWSP","1650","1500","21450","14.3","12諛?14.3諛?諛섏퐫 怨듭떇 ?뺢? 100% ?쇱튂"
"887","2004-04","HG","?쒖젙/?대읇G (P-Bandai)","1/144 HG MOBILE CGUE","1320","1200","17160","14.3","12諛?14.3諛?諛섏퐫 怨듭떇 ?뺢? 100% ?쇱튂"
"888","2004-05","HG","?쒖젙/?대읇G (P-Bandai)","1/144 HG METEOR UNIT+ FREEDOM GUNDAM","8800","8000","114400","14.3","12諛?14.3諛?諛섏퐫 怨듭떇 ?뺢? 100% ?쇱튂"
"889","2004-10","HG","?쒖젙/?대읇G (P-Bandai)","1/144 HG DREADNOUGHT GUNDAM","1650","1500","21450","14.3","12諛?14.3諛?諛섏퐫 怨듭떇 ?뺢? 100% ?쇱튂"
"89","2020-03-14","HG","?쒖젙/?대읇G (P-Bandai)","HG 1/144 RX-78-02 GUNDAM (GUNDAM THE ORIGIN Ver.)","2750","2500","35750","14.3","12諛?14.3諛?諛섏퐫 怨듭떇 ?뺢? 100% ?쇱튂"
"890","2005-03","HG","?쒖젙/?대읇G (P-Bandai)","HG GUNNER ZAKU WARRIOR","1430","1300","18590","14.3","12諛?14.3諛?諛섏퐫 怨듭떇 ?뺢? 100% ?쇱튂"
"891","2005-03","HG","?쒖젙/?대읇G (P-Bandai)","HG ZAKU WARRIOR (LIVE CONCERT VERSION)","1100","1000","14300","14.3","12諛?14.3諛?諛섏퐫 怨듭떇 ?뺢? 100% ?쇱튂"
"892","2005-06-18","HGUC","?쒖젙/?대읇G (P-Bandai)","HGUC 1/144 ASSHIMAR","2420","2200","31460","14.3","12諛?14.3諛?諛섏퐫 怨듭떇 ?뺢? 100% ?쇱튂"
"893","2005-09-30","HG","?쒖젙/?대읇G (P-Bandai)","HG STRIKE FREEDOM GUNDAM","1760","1600","22880","14.3","12諛?14.3諛?諛섏퐫 怨듭떇 ?뺢? 100% ?쇱튂"
"894","2006-04-08","HGUC","?쒖젙/?대읇G (P-Bandai)","HGUC 1/144 GAZA C (NORMAL TYPE)","1650","1500","21450","14.3","12諛?14.3諛?諛섏퐫 怨듭떇 ?뺢? 100% ?쇱튂"
"895","2005-12-19","HGUC","?쒖젙/?대읇G (P-Bandai)","HGUC 1/144 GABTHLEY","1980","1800","25740","14.3","12諛?14.3諛?諛섏퐫 怨듭떇 ?뺢? 100% ?쇱튂"
"896","2006-03-18","HGUC","?쒖젙/?대읇G (P-Bandai)","HGUC 1/144 METHUS","1540","1400","20020","14.3","12諛?14.3諛?諛섏퐫 怨듭떇 ?뺢? 100% ?쇱튂"
"897","2006-04-08","HGUC","?쒖젙/?대읇G (P-Bandai)","HGUC 1/144 GAZA C (HAMAN KARN'S MOBILE SUIT)","1760","1600","22880","14.3","12諛?14.3諛?諛섏퐫 怨듭떇 ?뺢? 100% ?쇱튂"
"898","2006-07-23","HGUC","?쒖젙/?대읇G (P-Bandai)","HGUC 1/144 GUNDAM GP-02A","2420","2200","31460","14.3","12諛?14.3諛?諛섏퐫 怨듭떇 ?뺢? 100% ?쇱튂"
"899","2006-09-09","HG","?쒖젙/?대읇G (P-Bandai)","HG BLU DUEL GUNDAM","1760","1600","22880","14.3","12諛?14.3諛?諛섏퐫 怨듭떇 ?뺢? 100% ?쇱튂"
"9","2013-10-05","HG","?쒖젙/?대읇G (P-Bandai)","HGBC 1/144 BUILD BOOSTER","550","500","7150","14.3","12諛?14.3諛?諛섏퐫 怨듭떇 ?뺢? 100% ?쇱튂"
"90","2020-05-13","HG","?쒖젙/?대읇G (P-Bandai)","HGBD:R 1/144 URAVEN GUNDAM","1760","1600","22880","14.3","12諛?14.3諛?諛섏퐫 怨듭떇 ?뺢? 100% ?쇱튂"
"900","2007-02","HG","?쒖젙/?대읇G (P-Bandai)","HG CIVILIAN ASTRAY DSSD CUSTOM","1650","1500","21450","14.3","12諛?14.3諛?諛섏퐫 怨듭떇 ?뺢? 100% ?쇱튂"
"901","2007-04","HGUC","?쒖젙/?대읇G (P-Bandai)","HGUC 1/144 ACGUY","1760","1600","22880","14.3","12諛?14.3諛?諛섏퐫 怨듭떇 ?뺢? 100% ?쇱튂"
"902","2007-06","HGUC","?쒖젙/?대읇G (P-Bandai)","HGUC 1/144 RX-79G GUNDAM GROUND TYPE","1650","1500","21450","14.3","12諛?14.3諛?諛섏퐫 怨듭떇 ?뺢? 100% ?쇱튂"
"903","2007-07","HGUC","?쒖젙/?대읇G (P-Bandai)","HGUC 1/144 ZOCK","2970","2700","38610","14.3","12諛?14.3諛?諛섏퐫 怨듭떇 ?뺢? 100% ?쇱튂"
"904","2007-03","HGUC","?쒖젙/?대읇G (P-Bandai)","HGUC 1/144 GELGOOG/ GELGOOG CANNON","1980","1800","25740","14.3","12諛?14.3諛?諛섏퐫 怨듭떇 ?뺢? 100% ?쇱튂"
"905","2007-10-20","HGUC","?쒖젙/?대읇G (P-Bandai)","HGUC 1/144 JAGD DOGA (GYUNEI)","2860","2600","37180","14.3","12諛?14.3諛?諛섏퐫 怨듭떇 ?뺢? 100% ?쇱튂"
"906","2007-10-20","HGUC","?쒖젙/?대읇G (P-Bandai)","HGUC 1/144 JAGD DOGA (QUESS)","2860","2600","37180","14.3","12諛?14.3諛?諛섏퐫 怨듭떇 ?뺢? 100% ?쇱튂"
"907","2008-05","HGUC","?쒖젙/?대읇G (P-Bandai)","HGUC 1/144 ZAKU II KAI","1760","1600","22880","14.3","12諛?14.3諛?諛섏퐫 怨듭떇 ?뺢? 100% ?쇱튂"
"908","2008-08","HGUC","?쒖젙/?대읇G (P-Bandai)","HGUC 1/144 KAMPFER","2200","2000","28600","14.3","12諛?14.3諛?諛섏퐫 怨듭떇 ?뺢? 100% ?쇱튂"
"909","2008-11-15","HGUC","?쒖젙/?대읇G (P-Bandai)","HGUC 1/144 GEARA DOGA","2420","2200","31460","14.3","12諛?14.3諛?諛섏퐫 怨듭떇 ?뺢? 100% ?쇱튂"
"91","2020-04-11","HG","?쒖젙/?대읇G (P-Bandai)","HGBD:R 1/144 GUNDAM GP-RASE-TWO-TEN","3080","2800","40040","14.3","12諛?14.3諛?諛섏퐫 怨듭떇 ?뺢? 100% ?쇱튂"
"910","2009-01","HG","?쒖젙/?대읇G (P-Bandai)","HG 1/144 GN ARCHER","1320","1200","17160","14.3","12諛?14.3諛?諛섏퐫 怨듭떇 ?뺢? 100% ?쇱튂"
"911","2009-02-14","HG","?쒖젙/?대읇G (P-Bandai)","HG 1/144 OO-RAISER DESIGNER'S COLOR Ver.","1980","1800","25740","14.3","12諛?14.3諛?諛섏퐫 怨듭떇 ?뺢? 100% ?쇱튂"
"912","2008-09","HG","?쒖젙/?대읇G (P-Bandai)","HG 1/144 al-Saache's AEU ENACT CUSTOM Moralia Development experiment type","1100","1000","14300","14.3","12諛?14.3諛?諛섏퐫 怨듭떇 ?뺢? 100% ?쇱튂"
"913","2009-03","HG","?쒖젙/?대읇G (P-Bandai)","HG 1/144 GARAZZO","1650","1500","21450","14.3","12諛?14.3諛?諛섏퐫 怨듭떇 ?뺢? 100% ?쇱튂"
"914","2009-07","HG","?쒖젙/?대읇G (P-Bandai)","HG 1/144 CHERUDIM GUNDAM GNHW/R","2200","2000","28600","14.3","12諛?14.3諛?諛섏퐫 怨듭떇 ?뺢? 100% ?쇱튂"
"915","2009-06","HGUC","?쒖젙/?대읇G (P-Bandai)","HGUC 1/144 Hi-νGUNDAM","2640","2400","34320","14.3","12諛?14.3諛?諛섏퐫 怨듭떇 ?뺢? 100% ?쇱튂"
"916","2009-05-02","HGUC","?쒖젙/?대읇G (P-Bandai)","HGUC 1/144 SCHUZRUM-DIAS","1870","1700","24310","14.3","12諛?14.3諛?諛섏퐫 怨듭떇 ?뺢? 100% ?쇱튂"
"917","2009-06","HGUC","?쒖젙/?대읇G (P-Bandai)","HGUC 1/144 EWACK-ZACK","1760","1600","22880","14.3","12諛?14.3諛?諛섏퐫 怨듭떇 ?뺢? 100% ?쇱튂"
"918","2009-09-04","HGUC","?쒖젙/?대읇G (P-Bandai)","HGUC 1/144 RX-78-3 FULL ARMOR GUNDAM 7th","1650","1500","21450","14.3","12諛?14.3諛?諛섏퐫 怨듭떇 ?뺢? 100% ?쇱튂"
"919","2009-11-19","HGUC","?쒖젙/?대읇G (P-Bandai)","HGUC 1/144 RX-0 UNICORN GUNDAM (DESTROY MODE)","2200","2000","28600","14.3","12諛?14.3諛?諛섏퐫 怨듭떇 ?뺢? 100% ?쇱튂"
"92","2020-05-30","HG","?쒖젙/?대읇G (P-Bandai)","HGBD:R 1/144 SATURNIX UNIT","935","850","12155","14.3","12諛?14.3諛?諛섏퐫 怨듭떇 ?뺢? 100% ?쇱튂"
"920","2009-12-26","HGUC","?쒖젙/?대읇G (P-Bandai)","HGUC 1/144 GEARA ZULU","2200","2000","28600","14.3","12諛?14.3諛?諛섏퐫 怨듭떇 ?뺢? 100% ?쇱튂"
"921","2010-02-18","HGUC","?쒖젙/?대읇G (P-Bandai)","HGUC 1/144 STARK JEGAN","2530","2300","32890","14.3","12諛?14.3諛?諛섏퐫 怨듭떇 ?뺢? 100% ?쇱튂"
"922","2009-11-19","HGUC","?쒖젙/?대읇G (P-Bandai)","HGUC 1/144 RX-0 UNICORN GUNDAM (UNICORN MODE)","1870","1700","24310","14.3","12諛?14.3諛?諛섏퐫 怨듭떇 ?뺢? 100% ?쇱튂"
"923","2010-02-25","HGUC","?쒖젙/?대읇G (P-Bandai)","HGUC 1/144 F2-ZAKU (ZEON TYPE)","1870","1700","24310","14.3","12諛?14.3諛?諛섏퐫 怨듭떇 ?뺢? 100% ?쇱튂"
"924","2010-04-15","HG","?쒖젙/?대읇G (P-Bandai)","HGAW 1/144 GUNDAM X","2200","2000","28600","14.3","12諛?14.3諛?諛섏퐫 怨듭떇 ?뺢? 100% ?쇱튂"
"925","2009-12-17","HG","?쒖젙/?대읇G (P-Bandai)","HG 1/144 CHERUDIM GUNDAM (TRANS-AM MODE)","1320","1200","17160","14.3","12諛?14.3諛?諛섏퐫 怨듭떇 ?뺢? 100% ?쇱튂"
"926","2010-01-08","HG","?쒖젙/?대읇G (P-Bandai)","HG 1/144 SUSANOWO (TRANS-AM MODE)","1760","1600","22880","14.3","12諛?14.3諛?諛섏퐫 怨듭떇 ?뺢? 100% ?쇱튂"
"927","2010-03-11","HGUC","?쒖젙/?대읇G (P-Bandai)","HGUC 1/144 LOTO TWIN SET","1980","1800","25740","14.3","12諛?14.3諛?諛섏퐫 怨듭떇 ?뺢? 100% ?쇱튂"
"928","2010-03-11","HGUC","?쒖젙/?대읇G (P-Bandai)","HGUC 1/144 F2-ZAKU (EARTH FEDERATION TYPE)","1870","1700","24310","14.3","12諛?14.3諛?諛섏퐫 怨듭떇 ?뺢? 100% ?쇱튂"
"929","2010-08-28","HG","?쒖젙/?대읇G (P-Bandai)","HG 1/144 GUNDAM ZABANYA","1980","1800","25740","14.3","12諛?14.3諛?諛섏퐫 怨듭떇 ?뺢? 100% ?쇱튂"
"93","2020-04-25","HG","?쒖젙/?대읇G (P-Bandai)","HGBD:R 1/144 ALUS EARTHREE GUNDAM","1650","1500","21450","14.3","12諛?14.3諛?諛섏퐫 怨듭떇 ?뺢? 100% ?쇱튂"
"930","2010-05-19","HG","?쒖젙/?대읇G (P-Bandai)","HGUC 1/144 GOD GUNDAM","2200","2000","28600","14.3","12諛?14.3諛?諛섏퐫 怨듭떇 ?뺢? 100% ?쇱튂"
"931","2010-06-24","HG","?쒖젙/?대읇G (P-Bandai)","HG 1/144 GUNDAM AVALANCHE EXIA'","2200","2000","28600","14.3","12諛?14.3諛?諛섏퐫 怨듭떇 ?뺢? 100% ?쇱튂"
"932","2010-05-19","HG","?쒖젙/?대읇G (P-Bandai)","HG 1/144 1.5 GUNDAM","1980","1800","25740","14.3","12諛?14.3諛?諛섏퐫 怨듭떇 ?뺢? 100% ?쇱튂"
"933","2010-07-22","HG","?쒖젙/?대읇G (P-Bandai)","HG 1/144 GUNDAM ASTRAEA","1760","1600","22880","14.3","12諛?14.3諛?諛섏퐫 怨듭떇 ?뺢? 100% ?쇱튂"
"934","2010-07-31","HGUC","?쒖젙/?대읇G (P-Bandai)","HGUC 1/144 GEARA ZULU ANGELO SAUPER'S","2420","2200","31460","14.3","12諛?14.3諛?諛섏퐫 怨듭떇 ?뺢? 100% ?쇱튂"
"935","2010-11-06","HGUC","?쒖젙/?대읇G (P-Bandai)","HGUC 1/144 GOUF CUSTOM","1980","1800","25740","14.3","12諛?14.3諛?諛섏퐫 怨듭떇 ?뺢? 100% ?쇱튂"
"936","2011-09-17","HGUC","?쒖젙/?대읇G (P-Bandai)","HGUC 1/144 JESTA","1760","1600","22880","14.3","12諛?14.3諛?諛섏퐫 怨듭떇 ?뺢? 100% ?쇱튂"
"937","2011-07-09","HGUC","?쒖젙/?대읇G (P-Bandai)","HGUC 1/144 GM Ⅲ","1650","1500","21450","14.3","12諛?14.3諛?諛섏퐫 怨듭떇 ?뺢? 100% ?쇱튂"
"938","2012-01-08","HGUC","?쒖젙/?대읇G (P-Bandai)","HGUC 1/144 UNICORN GUNDAM 02 BANSHEE (UNICORN MODE)","1760","1600","22880","14.3","12諛?14.3諛?諛섏퐫 怨듭떇 ?뺢? 100% ?쇱튂"
"939","2011-10-22","HG","?쒖젙/?대읇G (P-Bandai)","HG 1/144 GENOACE","1320","1200","17160","14.3","12諛?14.3諛?諛섏퐫 怨듭떇 ?뺢? 100% ?쇱튂"
"94","2020-08-22","HG","?쒖젙/?대읇G (P-Bandai)","HGBD:R 1/144 GUNDAM AEGIS KNIGHT","2530","2300","32890","14.3","12諛?14.3諛?諛섏퐫 怨듭떇 ?뺢? 100% ?쇱튂"
"940","2011-11-26","HG","?쒖젙/?대읇G (P-Bandai)","HG 1/144 ZEDAS","1650","1500","21450","14.3","12諛?14.3諛?諛섏퐫 怨듭떇 ?뺢? 100% ?쇱튂"
"941","2011-12-10","HG","?쒖젙/?대읇G (P-Bandai)","HG 1/144 GUNDAM AGE-1 SPALLOW","1650","1500","21450","14.3","12諛?14.3諛?諛섏퐫 怨듭떇 ?뺢? 100% ?쇱튂"
"942","2012-01-21","HG","?쒖젙/?대읇G (P-Bandai)","HG 1/144 GUNDAM AGE-2 NORMAL","1650","1500","21450","14.3","12諛?14.3諛?諛섏퐫 怨듭떇 ?뺢? 100% ?쇱튂"
"943","2012-03-24","HG","?쒖젙/?대읇G (P-Bandai)","HG 1/144 GUNDAM AGE-2 DOUBLE BULLET","1650","1500","21450","14.3","12諛?14.3諛?諛섏퐫 怨듭떇 ?뺢? 100% ?쇱튂"
"944","2012-02-11","HG","?쒖젙/?대읇G (P-Bandai)","HG 1/144 G-BOUNCER","1650","1500","21450","14.3","12諛?14.3諛?諛섏퐫 怨듭떇 ?뺢? 100% ?쇱튂"
"945","2011-11-19","RG","?쒖젙/?대읇G (P-Bandai)","RG 1/144 FREEDOM GUNDAM","3080","2800","40040","14.3","12諛?14.3諛?諛섏퐫 怨듭떇 ?뺢? 100% ?쇱튂"
"946","2011-11-26","HGUC","?쒖젙/?대읇G (P-Bandai)","HGUC 1/144 ZEE ZULU","2420","2200","31460","14.3","12諛?14.3諛?諛섏퐫 怨듭떇 ?뺢? 100% ?쇱튂"
"947","2011-11-26","HGUC","?쒖젙/?대읇G (P-Bandai)","HGUC 1/144 DRA-C","2200","2000","28600","14.3","12諛?14.3諛?諛섏퐫 怨듭떇 ?뺢? 100% ?쇱튂"
"948","2012-10-27","MG","?쒖젙/?대읇G (P-Bandai)","MG 1/100 AEGIS GUNDAM","5280","4800","68640","14.3","12諛?14.3諛?諛섏퐫 怨듭떇 ?뺢? 100% ?쇱튂"
"949","2013-12-14","MG","?쒖젙/?대읇G (P-Bandai)","MG 1/100 MSN-04 SAZABI Ver.Ka","9900","9000","128700","14.3","12諛?14.3諛?諛섏퐫 怨듭떇 ?뺢? 100% ?쇱튂"
"95","2020-07-18","HG","?쒖젙/?대읇G (P-Bandai)","HGBD:R 1/144 NEPTEIGHT UNIT","990","900","12870","14.3","12諛?14.3諛?諛섏퐫 怨듭떇 ?뺢? 100% ?쇱튂"
"950","2013-11-21","RG","?쒖젙/?대읇G (P-Bandai)","RG 1/144 ZGMF-X20A STRIKE FREEDOM GUNDAM","3850","3500","50050","14.3","12諛?14.3諛?諛섏퐫 怨듭떇 ?뺢? 100% ?쇱튂"
"951","2014-02-22","HGUC","?쒖젙/?대읇G (P-Bandai)","HGUC 1/144 DOVEN WOLF","2640","2400","34320","14.3","12諛?14.3諛?諛섏퐫 怨듭떇 ?뺢? 100% ?쇱튂"
"952","2014-07-19","RG","?쒖젙/?대읇G (P-Bandai)","RG 1/144 Z'GOK CHAR CUSTOM","3080","2800","40040","14.3","12諛?14.3諛?諛섏퐫 怨듭떇 ?뺢? 100% ?쇱튂"
"953","2014-08-30","MG","?쒖젙/?대읇G (P-Bandai)","MG 1/100 Hi-NEW GUNDAM Ver.Ka","8140","7400","105820","14.3","12諛?14.3諛?諛섏퐫 怨듭떇 ?뺢? 100% ?쇱튂"
"954","2014-09-20","HG","?쒖젙/?대읇G (P-Bandai)","HG 1/144 GUNDAM G-SELF ATMOSPHERIC PACK","2090","1900","27170","14.3","12諛?14.3諛?諛섏퐫 怨듭떇 ?뺢? 100% ?쇱튂"
"955","2014-11-22","HG","?쒖젙/?대읇G (P-Bandai)","HG 1/144 GUNDAM G-ARCANE","1760","1600","22880","14.3","12諛?14.3諛?諛섏퐫 怨듭떇 ?뺢? 100% ?쇱튂"
"956","2014-11-08","HG","?쒖젙/?대읇G (P-Bandai)","HG 1/144 MONTERO KLIM NICK CUSTOM","1760","1600","22880","14.3","12諛?14.3諛?諛섏퐫 怨듭떇 ?뺢? 100% ?쇱튂"
"957","2014-12-13","HG","?쒖젙/?대읇G (P-Bandai)","HG 1/144 GUNDAM G-SELF OPTION UNIT SPACE BACKPACK","1320","1200","17160","14.3","12諛?14.3諛?諛섏퐫 怨듭떇 ?뺢? 100% ?쇱튂"
"958","2015-02-07","HG","?쒖젙/?대읇G (P-Bandai)","HG 1/144 ELF BULLOCK (MASK CUSTOM)","1980","1800","25740","14.3","12諛?14.3諛?諛섏퐫 怨듭떇 ?뺢? 100% ?쇱튂"
"959","2015-01-17","HG","?쒖젙/?대읇G (P-Bandai)","HG 1/144 SPACE JAHANNAM KLIM NICK USE","1540","1400","20020","14.3","12諛?14.3諛?諛섏퐫 怨듭떇 ?뺢? 100% ?쇱튂"
"96","2020-07-23","HG","?쒖젙/?대읇G (P-Bandai)","HGBD:R 1/144 GUNDAM TRY AGE MAGNUM","2200","2000","28600","14.3","12諛?14.3諛?諛섏퐫 怨듭떇 ?뺢? 100% ?쇱튂"
"961","2014-12-20","HG","?쒖젙/?대읇G (P-Bandai)","HG 1/144 SPACE JAHANNAM MASS PRODUCTION","1540","1400","20020","14.3","12諛?14.3諛?諛섏퐫 怨듭떇 ?뺢? 100% ?쇱튂"
"962","2015-02-14","HG","?쒖젙/?대읇G (P-Bandai)","HG 1/144 GAEON","1980","1800","25740","14.3","12諛?14.3諛?諛섏퐫 怨듭떇 ?뺢? 100% ?쇱튂"
"963","2015-04-18","HG","?쒖젙/?대읇G (P-Bandai)","HG 1/144 GUNDAM G-SELF ASSAULT PACK","4180","3800","54340","14.3","12諛?14.3諛?諛섏퐫 怨듭떇 ?뺢? 100% ?쇱튂"
"964","2015-05-15","HG","?쒖젙/?대읇G (P-Bandai)","HG 1/144 DAHACK","1980","1800","25740","14.3","12諛?14.3諛?諛섏퐫 怨듭떇 ?뺢? 100% ?쇱튂"
"965","2015-03-07","HG","?쒖젙/?대읇G (P-Bandai)","HG 1/144 MACK KNIFE (MASK'S USE)","1540","1400","20020","14.3","12諛?14.3諛?諛섏퐫 怨듭떇 ?뺢? 100% ?쇱튂"
"966","2015-07-18","HG","?쒖젙/?대읇G (P-Bandai)","HG 1/144 KABAKALI","2420","2200","31460","14.3","12諛?14.3諛?諛섏퐫 怨듭떇 ?뺢? 100% ?쇱튂"
"967","2015-06-27","MG","?쒖젙/?대읇G (P-Bandai)","MG 1/100 GUNDAM FENICE RINASCITA","5280","4800","68640","14.3","12諛?14.3諛?諛섏퐫 怨듭떇 ?뺢? 100% ?쇱튂"
"968","2015-08-29","MG","?쒖젙/?대읇G (P-Bandai)","MG 1/100 GUNDAM AMAZING RED WARRIOR","5280","4800","68640","14.3","12諛?14.3諛?諛섏퐫 怨듭떇 ?뺢? 100% ?쇱튂"
"969","2016-02-20","HG","?쒖젙/?대읇G (P-Bandai)","HG 1/144 MS OPTION SET 4 & UNION MOBILE WORKER","660","600","8580","14.3","12諛?14.3諛?諛섏퐫 怨듭떇 ?뺢? 100% ?쇱튂"
"97","2020-06-27","HG","?쒖젙/?대읇G (P-Bandai)","HGBD:R 1/144 WODOM POD","2530","2300","32890","14.3","12諛?14.3諛?諛섏퐫 怨듭떇 ?뺢? 100% ?쇱튂"
"970","2016-04-09","HG","?쒖젙/?대읇G (P-Bandai)","HG 1/144 FULL ARMOR GUNDAM [GUNDAM THUNDERBOLT Ver.]","3190","2900","41470","14.3","12諛?14.3諛?諛섏퐫 怨듭떇 ?뺢? 100% ?쇱튂"
"971","2016-04-09","HG","?쒖젙/?대읇G (P-Bandai)","HG 1/144 ZAKUⅡ+BIG GUN SET [GUNDAM THUNDERBOLT Ver.]","4400","4000","57200","14.3","12諛?14.3諛?諛섏퐫 怨듭떇 ?뺢? 100% ?쇱튂"
"972","2016-05-13","HG","?쒖젙/?대읇G (P-Bandai)","""HG ZAKU II HIGH MOBILITY TYPE """"PSYCHO ZAKU"""" [TDB]""","3190","2900","41470","14.3","12諛?14.3諛?諛섏퐫 怨듭떇 ?뺢? 100% ?쇱튂"
"973","2016-05-13","HG","?쒖젙/?대읇G (P-Bandai)","HG 1/144 GM [GUNDAM THUNDERBOLT Ver.]","1980","1800","25740","14.3","12諛?14.3諛?諛섏퐫 怨듭떇 ?뺢? 100% ?쇱튂"
"974","2016-06-11","HG","?쒖젙/?대읇G (P-Bandai)","HG 1/144 ZAKU I [GUNDAM THUNDERBOLT Ver.]","2420","2200","31460","14.3","12諛?14.3諛?諛섏퐫 怨듭떇 ?뺢? 100% ?쇱튂"
"975","2017-05-27","HG","?쒖젙/?대읇G (P-Bandai)","HG 1/144 Gundam Ground Type-S（GUNDAM THUNDERBOLT Ver.）","1980","1800","25740","14.3","12諛?14.3諛?諛섏퐫 怨듭떇 ?뺢? 100% ?쇱튂"
"976","2020-06-06","HG","?쒖젙/?대읇G (P-Bandai)","HG 1/144 RX-78-2 GUNDAM[BEYOND GLOBAL]","2200","2000","28600","14.3","12諛?14.3諛?諛섏퐫 怨듭떇 ?뺢? 100% ?쇱튂"
"977","2021-05-29","ENTRY GRADE","?쒖젙/?대읇G (P-Bandai)","ENTRY GRADE 1/144 RX-78-2 GUNDAM","770","700","10010","14.3","12諛?14.3諛?諛섏퐫 怨듭떇 ?뺢? 100% ?쇱튂"
"978","2020-12-19","ENTRY GRADE","?쒖젙/?대읇G (P-Bandai)","ENTRY GRADE 1/144 RX-78-2 GUNDAM(LITE  PACKAGE Ver.)","550","500","7150","14.3","12諛?14.3諛?諛섏퐫 怨듭떇 ?뺢? 100% ?쇱튂"
"979","2021-12-04","ENTRY GRADE","?쒖젙/?대읇G (P-Bandai)","ENTRY GRADE 1/144 RX-78-2 GUNDAM (FULL WEAPON SET)","1100","1000","14300","14.3","12諛?14.3諛?諛섏퐫 怨듭떇 ?뺢? 100% ?쇱튂"
"98","2020-09-26","HG","?쒖젙/?대읇G (P-Bandai)","HGBD:R 1/144 RE:RISING GUNDAM","8250","7500","107250","14.3","12諛?14.3諛?諛섏퐫 怨듭떇 ?뺢? 100% ?쇱튂"
"980","2022-01-15","ENTRY GRADE","?쒖젙/?대읇G (P-Bandai)","ENTRY GRADE 1/144 STRIKE GUNDAM","770","700","10010","14.3","12諛?14.3諛?諛섏퐫 怨듭떇 ?뺢? 100% ?쇱튂"
"981","2023-01-14","HG","?쒖젙/?대읇G (P-Bandai)","THE WITCH FROM MERCURY WEAPON DISPLAY BASE","550","500","7150","14.3","12諛?14.3諛?諛섏퐫 怨듭떇 ?뺢? 100% ?쇱튂"
"982","1996-04","MG","?쒖젙/?대읇G (P-Bandai)","MG 1/100 G-3 GUNDAM","2750","2500","35750","14.3","12諛?14.3諛?諛섏퐫 怨듭떇 ?뺢? 100% ?쇱튂"
"983","1996-12","MG","?쒖젙/?대읇G (P-Bandai)","MG 1/100 GELGOOG","3300","3000","42900","14.3","12諛?14.3諛?諛섏퐫 怨듭떇 ?뺢? 100% ?쇱튂"
"984","1997-08-01","MG","?쒖젙/?대읇G (P-Bandai)","MG 1/100 GUNDAM GP01","3190","2900","41470","14.3","12諛?14.3諛?諛섏퐫 怨듭떇 ?뺢? 100% ?쇱튂"
"985","1998-11","PG","?쒖젙/?대읇G (P-Bandai)","PG 1/60 RX-78-2 GUNDAM","13200","12000","171600","14.3","12諛?14.3諛?諛섏퐫 怨듭떇 ?뺢? 100% ?쇱튂"
"986","1998-06","MG","?쒖젙/?대읇G (P-Bandai)","MG 1/100 GUNDAM GP02A","4840","4400","62920","14.3","12諛?14.3諛?諛섏퐫 怨듭떇 ?뺢? 100% ?쇱튂"
"987","1999-07","PG","?쒖젙/?대읇G (P-Bandai)","PG 1/60 MS-06S ZAKUⅡ","13200","12000","171600","14.3","12諛?14.3諛?諛섏퐫 怨듭떇 ?뺢? 100% ?쇱튂"
"988","1999-03","PG","?쒖젙/?대읇G (P-Bandai)","PG 1/60 MS-06F ZAKUⅡ","13200","12000","171600","14.3","12諛?14.3諛?諛섏퐫 怨듭떇 ?뺢? 100% ?쇱튂"
"989","2000-10","MG","?쒖젙/?대읇G (P-Bandai)","MG 1/100 MS-07B GOUF","3080","2800","40040","14.3","12諛?14.3諛?諛섏퐫 怨듭떇 ?뺢? 100% ?쇱튂"
"99","2020-08-29","HG","?쒖젙/?대읇G (P-Bandai)","HGBD:R 1/144 GUNDAM ANIMA[RIZE]","2420","2200","31460","14.3","12諛?14.3諛?諛섏퐫 怨듭떇 ?뺢? 100% ?쇱튂"
"990","2001-07","HG","?쒖젙/?대읇G (P-Bandai)","HGM 1/550 RX-78GP03 DENDROBIUM","1650","1500","21450","14.3","12諛?14.3諛?諛섏퐫 怨듭떇 ?뺢? 100% ?쇱튂"
"991","2001-08","HGUC","?쒖젙/?대읇G (P-Bandai)","HGUC 1/144 GUNDAM OPERATION V","2860","2600","37180","14.3","12諛?14.3諛?諛섏퐫 怨듭떇 ?뺢? 100% ?쇱튂"
"992","2002-01","HG","?쒖젙/?대읇G (P-Bandai)","HGM 1/550 AMX-002 NEUE ZIEL","1320","1200","17160","14.3","12諛?14.3諛?諛섏퐫 怨듭떇 ?뺢? 100% ?쇱튂"
"993","2002-06","HG","?쒖젙/?대읇G (P-Bandai)","HGM 1/550 MA-06 VAL WALO","1100","1000","14300","14.3","12諛?14.3諛?諛섏퐫 怨듭떇 ?뺢? 100% ?쇱튂"
"995","2004-10","MG","?쒖젙/?대읇G (P-Bandai)","MG 1/100 W GUNDAM ZERO CUSTOM","4620","4200","60060","14.3","12諛?14.3諛?諛섏퐫 怨듭떇 ?뺢? 100% ?쇱튂"
"996","2006-02-25","HGUC","?쒖젙/?대읇G (P-Bandai)","HGUC 1/144 PALACE-ATHENE","1980","1800","25740","14.3","12諛?14.3諛?諛섏퐫 怨듭떇 ?뺢? 100% ?쇱튂"
"997","2009-02-14","HGUC","?쒖젙/?대읇G (P-Bandai)","HGUC 1/144 ZAKU GROUND ATTACK SET","2420","2200","31460","14.3","12諛?14.3諛?諛섏퐫 怨듭떇 ?뺢? 100% ?쇱튂"
"998","2009-09","HGUC","?쒖젙/?대읇G (P-Bandai)","HGUC 1/144 RX-79(G) GUNDAM THE GROUND WAR SET","2420","2200","31460","14.3","12諛?14.3諛?諛섏퐫 怨듭떇 ?뺢? 100% ?쇱튂"
"999","2015-04-24","HG","?쒖젙/?대읇G (P-Bandai)","HG 1/144 CHAR'S ZAKUⅡ","1870","1700","24310","14.3","12諛?14.3諛?諛섏퐫 怨듭떇 ?뺢? 100% ?쇱튂"
